"icd_code","icd_version","long_title","n_categories","categories","any_review_flag"
"T42",10,"Poisoning by, adverse effect of and underdosing of antiepileptic, sedative- hypnotic and antiparkinsonism drugs",3,"Dementia / Alzheimer / neurodegenerative | Other substance use / drug intoxication | Status epilepticus / epilepsy / seizure",FALSE
"2912",9,"Alcohol-induced persisting dementia",2,"Alcohol use / intoxication / withdrawal | Dementia / Alzheimer / neurodegenerative",FALSE
"85209",9,"Subarachnoid hemorrhage following injury without mention of open intracranial wound, with concussion, unspecified",2,"Stroke / cerebrovascular disease | Traumatic brain injury",TRUE
"85219",9,"Subarachnoid hemorrhage following injury with open intracranial wound, with concussion, unspecified",2,"Stroke / cerebrovascular disease | Traumatic brain injury",FALSE
"E8550",9,"Accidental poisoning by anticonvulsant and anti-parkinsonism drugs",2,"Dementia / Alzheimer / neurodegenerative | Status epilepticus / epilepsy / seizure",FALSE
"F1015",10,"Alcohol abuse with alcohol-induced psychotic disorder",2,"Alcohol use / intoxication / withdrawal | Pre-existing psychiatric illness",FALSE
"F10150",10,"Alcohol abuse with alcohol-induced psychotic disorder with delusions",2,"Alcohol use / intoxication / withdrawal | Pre-existing psychiatric illness",FALSE
"F10151",10,"Alcohol abuse with alcohol-induced psychotic disorder with hallucinations",2,"Alcohol use / intoxication / withdrawal | Pre-existing psychiatric illness",FALSE
"F10159",10,"Alcohol abuse with alcohol-induced psychotic disorder, unspecified",2,"Alcohol use / intoxication / withdrawal | Pre-existing psychiatric illness",FALSE
"F1025",10,"Alcohol dependence with alcohol-induced psychotic disorder",2,"Alcohol use / intoxication / withdrawal | Pre-existing psychiatric illness",FALSE
"F10250",10,"Alcohol dependence with alcohol-induced psychotic disorder with delusions",2,"Alcohol use / intoxication / withdrawal | Pre-existing psychiatric illness",FALSE
"F10251",10,"Alcohol dependence with alcohol-induced psychotic disorder with hallucinations",2,"Alcohol use / intoxication / withdrawal | Pre-existing psychiatric illness",FALSE
"F10259",10,"Alcohol dependence with alcohol-induced psychotic disorder, unspecified",2,"Alcohol use / intoxication / withdrawal | Pre-existing psychiatric illness",FALSE
"F1027",10,"Alcohol dependence with alcohol-induced persisting dementia",2,"Alcohol use / intoxication / withdrawal | Dementia / Alzheimer / neurodegenerative",FALSE
"F1095",10,"Alcohol use, unspecified with alcohol-induced psychotic disorder",2,"Alcohol use / intoxication / withdrawal | Pre-existing psychiatric illness",FALSE
"F10950",10,"Alcohol use, unspecified with alcohol-induced psychotic disorder with delusions",2,"Alcohol use / intoxication / withdrawal | Pre-existing psychiatric illness",FALSE
"F10951",10,"Alcohol use, unspecified with alcohol-induced psychotic disorder with hallucinations",2,"Alcohol use / intoxication / withdrawal | Pre-existing psychiatric illness",FALSE
"F10959",10,"Alcohol use, unspecified with alcohol-induced psychotic disorder, unspecified",2,"Alcohol use / intoxication / withdrawal | Pre-existing psychiatric illness",FALSE
"F1097",10,"Alcohol use, unspecified with alcohol-induced persisting dementia",2,"Alcohol use / intoxication / withdrawal | Dementia / Alzheimer / neurodegenerative",FALSE
"F1115",10,"Opioid abuse with opioid-induced psychotic disorder",2,"Other substance use / drug intoxication | Pre-existing psychiatric illness",FALSE
"F11150",10,"Opioid abuse with opioid-induced psychotic disorder with delusions",2,"Other substance use / drug intoxication | Pre-existing psychiatric illness",FALSE
"F11151",10,"Opioid abuse with opioid-induced psychotic disorder with hallucinations",2,"Other substance use / drug intoxication | Pre-existing psychiatric illness",FALSE
"F11159",10,"Opioid abuse with opioid-induced psychotic disorder, unspecified",2,"Other substance use / drug intoxication | Pre-existing psychiatric illness",FALSE
"F1125",10,"Opioid dependence with opioid-induced psychotic disorder",2,"Other substance use / drug intoxication | Pre-existing psychiatric illness",FALSE
"F11250",10,"Opioid dependence with opioid-induced psychotic disorder with delusions",2,"Other substance use / drug intoxication | Pre-existing psychiatric illness",FALSE
"F11251",10,"Opioid dependence with opioid-induced psychotic disorder with hallucinations",2,"Other substance use / drug intoxication | Pre-existing psychiatric illness",FALSE
"F11259",10,"Opioid dependence with opioid-induced psychotic disorder, unspecified",2,"Other substance use / drug intoxication | Pre-existing psychiatric illness",FALSE
"F1195",10,"Opioid use, unspecified with opioid-induced psychotic disorder",2,"Other substance use / drug intoxication | Pre-existing psychiatric illness",FALSE
"F11950",10,"Opioid use, unspecified with opioid-induced psychotic disorder with delusions",2,"Other substance use / drug intoxication | Pre-existing psychiatric illness",FALSE
"F11951",10,"Opioid use, unspecified with opioid-induced psychotic disorder with hallucinations",2,"Other substance use / drug intoxication | Pre-existing psychiatric illness",FALSE
"F11959",10,"Opioid use, unspecified with opioid-induced psychotic disorder, unspecified",2,"Other substance use / drug intoxication | Pre-existing psychiatric illness",FALSE
"F1215",10,"Cannabis abuse with psychotic disorder",2,"Other substance use / drug intoxication | Pre-existing psychiatric illness",FALSE
"F12150",10,"Cannabis abuse with psychotic disorder with delusions",2,"Other substance use / drug intoxication | Pre-existing psychiatric illness",FALSE
"F12151",10,"Cannabis abuse with psychotic disorder with hallucinations",2,"Other substance use / drug intoxication | Pre-existing psychiatric illness",FALSE
"F12159",10,"Cannabis abuse with psychotic disorder, unspecified",2,"Other substance use / drug intoxication | Pre-existing psychiatric illness",FALSE
"F1225",10,"Cannabis dependence with psychotic disorder",2,"Other substance use / drug intoxication | Pre-existing psychiatric illness",FALSE
"F12250",10,"Cannabis dependence with psychotic disorder with delusions",2,"Other substance use / drug intoxication | Pre-existing psychiatric illness",FALSE
"F12251",10,"Cannabis dependence with psychotic disorder with hallucinations",2,"Other substance use / drug intoxication | Pre-existing psychiatric illness",FALSE
"F12259",10,"Cannabis dependence with psychotic disorder, unspecified",2,"Other substance use / drug intoxication | Pre-existing psychiatric illness",FALSE
"F1295",10,"Cannabis use, unspecified with psychotic disorder",2,"Other substance use / drug intoxication | Pre-existing psychiatric illness",FALSE
"F12950",10,"Cannabis use, unspecified with psychotic disorder with delusions",2,"Other substance use / drug intoxication | Pre-existing psychiatric illness",FALSE
"F12951",10,"Cannabis use, unspecified with psychotic disorder with hallucinations",2,"Other substance use / drug intoxication | Pre-existing psychiatric illness",FALSE
"F12959",10,"Cannabis use, unspecified with psychotic disorder, unspecified",2,"Other substance use / drug intoxication | Pre-existing psychiatric illness",FALSE
"F1315",10,"Sedative, hypnotic or anxiolytic abuse with sedative, hypnotic or anxiolytic-induced psychotic disorder",2,"Other substance use / drug intoxication | Pre-existing psychiatric illness",FALSE
"F13150",10,"Sedative, hypnotic or anxiolytic abuse with sedative, hypnotic or anxiolytic-induced psychotic disorder with delusions",2,"Other substance use / drug intoxication | Pre-existing psychiatric illness",FALSE
"F13151",10,"Sedative, hypnotic or anxiolytic abuse with sedative, hypnotic or anxiolytic-induced psychotic disorder with hallucinations",2,"Other substance use / drug intoxication | Pre-existing psychiatric illness",FALSE
"F13159",10,"Sedative, hypnotic or anxiolytic abuse with sedative, hypnotic or anxiolytic-induced psychotic disorder, unspecified",2,"Other substance use / drug intoxication | Pre-existing psychiatric illness",FALSE
"F1325",10,"Sedative, hypnotic or anxiolytic dependence with sedative, hypnotic or anxiolytic-induced psychotic disorder",2,"Other substance use / drug intoxication | Pre-existing psychiatric illness",FALSE
"F13250",10,"Sedative, hypnotic or anxiolytic dependence with sedative, hypnotic or anxiolytic-induced psychotic disorder with delusions",2,"Other substance use / drug intoxication | Pre-existing psychiatric illness",FALSE
"F13251",10,"Sedative, hypnotic or anxiolytic dependence with sedative, hypnotic or anxiolytic-induced psychotic disorder with hallucinations",2,"Other substance use / drug intoxication | Pre-existing psychiatric illness",FALSE
"F13259",10,"Sedative, hypnotic or anxiolytic dependence with sedative, hypnotic or anxiolytic-induced psychotic disorder, unspecified",2,"Other substance use / drug intoxication | Pre-existing psychiatric illness",FALSE
"F1327",10,"Sedative, hypnotic or anxiolytic dependence with sedative, hypnotic or anxiolytic-induced persisting dementia",2,"Dementia / Alzheimer / neurodegenerative | Other substance use / drug intoxication",FALSE
"F1395",10,"Sedative, hypnotic or anxiolytic use, unspecified with sedative, hypnotic or anxiolytic-induced psychotic disorder",2,"Other substance use / drug intoxication | Pre-existing psychiatric illness",FALSE
"F13950",10,"Sedative, hypnotic or anxiolytic use, unspecified with sedative, hypnotic or anxiolytic-induced psychotic disorder with delusions",2,"Other substance use / drug intoxication | Pre-existing psychiatric illness",FALSE
"F13951",10,"Sedative, hypnotic or anxiolytic use, unspecified with sedative, hypnotic or anxiolytic-induced psychotic disorder with hallucinations",2,"Other substance use / drug intoxication | Pre-existing psychiatric illness",FALSE
"F13959",10,"Sedative, hypnotic or anxiolytic use, unspecified with sedative, hypnotic or anxiolytic-induced psychotic disorder, unspecified",2,"Other substance use / drug intoxication | Pre-existing psychiatric illness",FALSE
"F1397",10,"Sedative, hypnotic or anxiolytic use, unspecified with sedative, hypnotic or anxiolytic-induced persisting dementia",2,"Dementia / Alzheimer / neurodegenerative | Other substance use / drug intoxication",FALSE
"F1415",10,"Cocaine abuse with cocaine-induced psychotic disorder",2,"Other substance use / drug intoxication | Pre-existing psychiatric illness",FALSE
"F14150",10,"Cocaine abuse with cocaine-induced psychotic disorder with delusions",2,"Other substance use / drug intoxication | Pre-existing psychiatric illness",FALSE
"F14151",10,"Cocaine abuse with cocaine-induced psychotic disorder with hallucinations",2,"Other substance use / drug intoxication | Pre-existing psychiatric illness",FALSE
"F14159",10,"Cocaine abuse with cocaine-induced psychotic disorder, unspecified",2,"Other substance use / drug intoxication | Pre-existing psychiatric illness",FALSE
"F1425",10,"Cocaine dependence with cocaine-induced psychotic disorder",2,"Other substance use / drug intoxication | Pre-existing psychiatric illness",FALSE
"F14250",10,"Cocaine dependence with cocaine-induced psychotic disorder with delusions",2,"Other substance use / drug intoxication | Pre-existing psychiatric illness",FALSE
"F14251",10,"Cocaine dependence with cocaine-induced psychotic disorder with hallucinations",2,"Other substance use / drug intoxication | Pre-existing psychiatric illness",FALSE
"F14259",10,"Cocaine dependence with cocaine-induced psychotic disorder, unspecified",2,"Other substance use / drug intoxication | Pre-existing psychiatric illness",FALSE
"F1495",10,"Cocaine use, unspecified with cocaine-induced psychotic disorder",2,"Other substance use / drug intoxication | Pre-existing psychiatric illness",FALSE
"F14950",10,"Cocaine use, unspecified with cocaine-induced psychotic disorder with delusions",2,"Other substance use / drug intoxication | Pre-existing psychiatric illness",FALSE
"F14951",10,"Cocaine use, unspecified with cocaine-induced psychotic disorder with hallucinations",2,"Other substance use / drug intoxication | Pre-existing psychiatric illness",FALSE
"F14959",10,"Cocaine use, unspecified with cocaine-induced psychotic disorder, unspecified",2,"Other substance use / drug intoxication | Pre-existing psychiatric illness",FALSE
"F1515",10,"Other stimulant abuse with stimulant-induced psychotic disorder",2,"Other substance use / drug intoxication | Pre-existing psychiatric illness",FALSE
"F15150",10,"Other stimulant abuse with stimulant-induced psychotic disorder with delusions",2,"Other substance use / drug intoxication | Pre-existing psychiatric illness",FALSE
"F15151",10,"Other stimulant abuse with stimulant-induced psychotic disorder with hallucinations",2,"Other substance use / drug intoxication | Pre-existing psychiatric illness",FALSE
"F15159",10,"Other stimulant abuse with stimulant-induced psychotic disorder, unspecified",2,"Other substance use / drug intoxication | Pre-existing psychiatric illness",FALSE
"F1525",10,"Other stimulant dependence with stimulant-induced psychotic disorder",2,"Other substance use / drug intoxication | Pre-existing psychiatric illness",FALSE
"F15250",10,"Other stimulant dependence with stimulant-induced psychotic disorder with delusions",2,"Other substance use / drug intoxication | Pre-existing psychiatric illness",FALSE
"F15251",10,"Other stimulant dependence with stimulant-induced psychotic disorder with hallucinations",2,"Other substance use / drug intoxication | Pre-existing psychiatric illness",FALSE
"F15259",10,"Other stimulant dependence with stimulant-induced psychotic disorder, unspecified",2,"Other substance use / drug intoxication | Pre-existing psychiatric illness",FALSE
"F1595",10,"Other stimulant use, unspecified with stimulant-induced psychotic disorder",2,"Other substance use / drug intoxication | Pre-existing psychiatric illness",FALSE
"F15950",10,"Other stimulant use, unspecified with stimulant-induced psychotic disorder with delusions",2,"Other substance use / drug intoxication | Pre-existing psychiatric illness",FALSE
"F15951",10,"Other stimulant use, unspecified with stimulant-induced psychotic disorder with hallucinations",2,"Other substance use / drug intoxication | Pre-existing psychiatric illness",FALSE
"F15959",10,"Other stimulant use, unspecified with stimulant-induced psychotic disorder, unspecified",2,"Other substance use / drug intoxication | Pre-existing psychiatric illness",FALSE
"F1615",10,"Hallucinogen abuse with hallucinogen-induced psychotic disorder",2,"Other substance use / drug intoxication | Pre-existing psychiatric illness",FALSE
"F16150",10,"Hallucinogen abuse with hallucinogen-induced psychotic disorder with delusions",2,"Other substance use / drug intoxication | Pre-existing psychiatric illness",FALSE
"F16151",10,"Hallucinogen abuse with hallucinogen-induced psychotic disorder with hallucinations",2,"Other substance use / drug intoxication | Pre-existing psychiatric illness",FALSE
"F16159",10,"Hallucinogen abuse with hallucinogen-induced psychotic disorder, unspecified",2,"Other substance use / drug intoxication | Pre-existing psychiatric illness",FALSE
"F1625",10,"Hallucinogen dependence with hallucinogen-induced psychotic disorder",2,"Other substance use / drug intoxication | Pre-existing psychiatric illness",FALSE
"F16250",10,"Hallucinogen dependence with hallucinogen-induced psychotic disorder with delusions",2,"Other substance use / drug intoxication | Pre-existing psychiatric illness",FALSE
"F16251",10,"Hallucinogen dependence with hallucinogen-induced psychotic disorder with hallucinations",2,"Other substance use / drug intoxication | Pre-existing psychiatric illness",FALSE
"F16259",10,"Hallucinogen dependence with hallucinogen-induced psychotic disorder, unspecified",2,"Other substance use / drug intoxication | Pre-existing psychiatric illness",FALSE
"F1695",10,"Hallucinogen use, unspecified with hallucinogen-induced psychotic disorder",2,"Other substance use / drug intoxication | Pre-existing psychiatric illness",FALSE
"F16950",10,"Hallucinogen use, unspecified with hallucinogen-induced psychotic disorder with delusions",2,"Other substance use / drug intoxication | Pre-existing psychiatric illness",FALSE
"F16951",10,"Hallucinogen use, unspecified with hallucinogen-induced psychotic disorder with hallucinations",2,"Other substance use / drug intoxication | Pre-existing psychiatric illness",FALSE
"F16959",10,"Hallucinogen use, unspecified with hallucinogen-induced psychotic disorder, unspecified",2,"Other substance use / drug intoxication | Pre-existing psychiatric illness",FALSE
"F1815",10,"Inhalant abuse with inhalant-induced psychotic disorder",2,"Other substance use / drug intoxication | Pre-existing psychiatric illness",FALSE
"F18150",10,"Inhalant abuse with inhalant-induced psychotic disorder with delusions",2,"Other substance use / drug intoxication | Pre-existing psychiatric illness",FALSE
"F18151",10,"Inhalant abuse with inhalant-induced psychotic disorder with hallucinations",2,"Other substance use / drug intoxication | Pre-existing psychiatric illness",FALSE
"F18159",10,"Inhalant abuse with inhalant-induced psychotic disorder, unspecified",2,"Other substance use / drug intoxication | Pre-existing psychiatric illness",FALSE
"F1817",10,"Inhalant abuse with inhalant-induced dementia",2,"Dementia / Alzheimer / neurodegenerative | Other substance use / drug intoxication",FALSE
"F1825",10,"Inhalant dependence with inhalant-induced psychotic disorder",2,"Other substance use / drug intoxication | Pre-existing psychiatric illness",FALSE
"F18250",10,"Inhalant dependence with inhalant-induced psychotic disorder with delusions",2,"Other substance use / drug intoxication | Pre-existing psychiatric illness",FALSE
"F18251",10,"Inhalant dependence with inhalant-induced psychotic disorder with hallucinations",2,"Other substance use / drug intoxication | Pre-existing psychiatric illness",FALSE
"F18259",10,"Inhalant dependence with inhalant-induced psychotic disorder, unspecified",2,"Other substance use / drug intoxication | Pre-existing psychiatric illness",FALSE
"F1827",10,"Inhalant dependence with inhalant-induced dementia",2,"Dementia / Alzheimer / neurodegenerative | Other substance use / drug intoxication",FALSE
"F1895",10,"Inhalant use, unspecified with inhalant-induced psychotic disorder",2,"Other substance use / drug intoxication | Pre-existing psychiatric illness",FALSE
"F18950",10,"Inhalant use, unspecified with inhalant-induced psychotic disorder with delusions",2,"Other substance use / drug intoxication | Pre-existing psychiatric illness",FALSE
"F18951",10,"Inhalant use, unspecified with inhalant-induced psychotic disorder with hallucinations",2,"Other substance use / drug intoxication | Pre-existing psychiatric illness",FALSE
"F18959",10,"Inhalant use, unspecified with inhalant-induced psychotic disorder, unspecified",2,"Other substance use / drug intoxication | Pre-existing psychiatric illness",FALSE
"F1897",10,"Inhalant use, unspecified with inhalant-induced persisting dementia",2,"Dementia / Alzheimer / neurodegenerative | Other substance use / drug intoxication",FALSE
"F1915",10,"Other psychoactive substance abuse with psychoactive substance-induced psychotic disorder",2,"Other substance use / drug intoxication | Pre-existing psychiatric illness",FALSE
"F19150",10,"Other psychoactive substance abuse with psychoactive substance-induced psychotic disorder with delusions",2,"Other substance use / drug intoxication | Pre-existing psychiatric illness",FALSE
"F19151",10,"Other psychoactive substance abuse with psychoactive substance-induced psychotic disorder with hallucinations",2,"Other substance use / drug intoxication | Pre-existing psychiatric illness",FALSE
"F19159",10,"Other psychoactive substance abuse with psychoactive substance-induced psychotic disorder, unspecified",2,"Other substance use / drug intoxication | Pre-existing psychiatric illness",FALSE
"F1917",10,"Other psychoactive substance abuse with psychoactive substance-induced persisting dementia",2,"Dementia / Alzheimer / neurodegenerative | Other substance use / drug intoxication",FALSE
"F1925",10,"Other psychoactive substance dependence with psychoactive substance-induced psychotic disorder",2,"Other substance use / drug intoxication | Pre-existing psychiatric illness",FALSE
"F19250",10,"Other psychoactive substance dependence with psychoactive substance-induced psychotic disorder with delusions",2,"Other substance use / drug intoxication | Pre-existing psychiatric illness",FALSE
"F19251",10,"Other psychoactive substance dependence with psychoactive substance-induced psychotic disorder with hallucinations",2,"Other substance use / drug intoxication | Pre-existing psychiatric illness",FALSE
"F19259",10,"Other psychoactive substance dependence with psychoactive substance-induced psychotic disorder, unspecified",2,"Other substance use / drug intoxication | Pre-existing psychiatric illness",FALSE
"F1927",10,"Other psychoactive substance dependence with psychoactive substance-induced persisting dementia",2,"Dementia / Alzheimer / neurodegenerative | Other substance use / drug intoxication",FALSE
"F1995",10,"Other psychoactive substance use, unspecified with psychoactive substance-induced psychotic disorder",2,"Other substance use / drug intoxication | Pre-existing psychiatric illness",FALSE
"F19950",10,"Other psychoactive substance use, unspecified with psychoactive substance-induced psychotic disorder with delusions",2,"Other substance use / drug intoxication | Pre-existing psychiatric illness",FALSE
"F19951",10,"Other psychoactive substance use, unspecified with psychoactive substance-induced psychotic disorder with hallucinations",2,"Other substance use / drug intoxication | Pre-existing psychiatric illness",FALSE
"F19959",10,"Other psychoactive substance use, unspecified with psychoactive substance-induced psychotic disorder, unspecified",2,"Other substance use / drug intoxication | Pre-existing psychiatric illness",FALSE
"F1997",10,"Other psychoactive substance use, unspecified with psychoactive substance-induced persisting dementia",2,"Dementia / Alzheimer / neurodegenerative | Other substance use / drug intoxication",FALSE
"G0430",10,"Acute necrotizing hemorrhagic encephalopathy, unspecified",2,"Meningitis / encephalitis / CNS infection | Metabolic / toxic / other encephalopathy",FALSE
"G213",10,"Postencephalitic parkinsonism",2,"Dementia / Alzheimer / neurodegenerative | Meningitis / encephalitis / CNS infection",FALSE
"I60",10,"Nontraumatic subarachnoid hemorrhage",2,"Stroke / cerebrovascular disease | Traumatic brain injury",FALSE
"I600",10,"Nontraumatic subarachnoid hemorrhage from carotid siphon and bifurcation",2,"Stroke / cerebrovascular disease | Traumatic brain injury",FALSE
"I6000",10,"Nontraumatic subarachnoid hemorrhage from unspecified carotid siphon and bifurcation",2,"Stroke / cerebrovascular disease | Traumatic brain injury",FALSE
"I6001",10,"Nontraumatic subarachnoid hemorrhage from right carotid siphon and bifurcation",2,"Stroke / cerebrovascular disease | Traumatic brain injury",FALSE
"I6002",10,"Nontraumatic subarachnoid hemorrhage from left carotid siphon and bifurcation",2,"Stroke / cerebrovascular disease | Traumatic brain injury",FALSE
"I601",10,"Nontraumatic subarachnoid hemorrhage from middle cerebral artery",2,"Stroke / cerebrovascular disease | Traumatic brain injury",FALSE
"I6010",10,"Nontraumatic subarachnoid hemorrhage from unspecified middle cerebral artery",2,"Stroke / cerebrovascular disease | Traumatic brain injury",FALSE
"I6011",10,"Nontraumatic subarachnoid hemorrhage from right middle cerebral artery",2,"Stroke / cerebrovascular disease | Traumatic brain injury",FALSE
"I6012",10,"Nontraumatic subarachnoid hemorrhage from left middle cerebral artery",2,"Stroke / cerebrovascular disease | Traumatic brain injury",FALSE
"I602",10,"Nontraumatic subarachnoid hemorrhage from anterior communicating artery",2,"Stroke / cerebrovascular disease | Traumatic brain injury",FALSE
"I6020",10,"Nontraumatic subarachnoid hemorrhage from unspecified anterior communicating artery",2,"Stroke / cerebrovascular disease | Traumatic brain injury",FALSE
"I6021",10,"Nontraumatic subarachnoid hemorrhage from right anterior communicating artery",2,"Stroke / cerebrovascular disease | Traumatic brain injury",FALSE
"I6022",10,"Nontraumatic subarachnoid hemorrhage from left anterior communicating artery",2,"Stroke / cerebrovascular disease | Traumatic brain injury",FALSE
"I603",10,"Nontraumatic subarachnoid hemorrhage from posterior communicating artery",2,"Stroke / cerebrovascular disease | Traumatic brain injury",FALSE
"I6030",10,"Nontraumatic subarachnoid hemorrhage from unspecified posterior communicating artery",2,"Stroke / cerebrovascular disease | Traumatic brain injury",FALSE
"I6031",10,"Nontraumatic subarachnoid hemorrhage from right posterior communicating artery",2,"Stroke / cerebrovascular disease | Traumatic brain injury",FALSE
"I6032",10,"Nontraumatic subarachnoid hemorrhage from left posterior communicating artery",2,"Stroke / cerebrovascular disease | Traumatic brain injury",FALSE
"I604",10,"Nontraumatic subarachnoid hemorrhage from basilar artery",2,"Stroke / cerebrovascular disease | Traumatic brain injury",FALSE
"I605",10,"Nontraumatic subarachnoid hemorrhage from vertebral artery",2,"Stroke / cerebrovascular disease | Traumatic brain injury",FALSE
"I6050",10,"Nontraumatic subarachnoid hemorrhage from unspecified vertebral artery",2,"Stroke / cerebrovascular disease | Traumatic brain injury",FALSE
"I6051",10,"Nontraumatic subarachnoid hemorrhage from right vertebral artery",2,"Stroke / cerebrovascular disease | Traumatic brain injury",FALSE
"I6052",10,"Nontraumatic subarachnoid hemorrhage from left vertebral artery",2,"Stroke / cerebrovascular disease | Traumatic brain injury",FALSE
"I606",10,"Nontraumatic subarachnoid hemorrhage from other intracranial arteries",2,"Stroke / cerebrovascular disease | Traumatic brain injury",FALSE
"I607",10,"Nontraumatic subarachnoid hemorrhage from unspecified intracranial artery",2,"Stroke / cerebrovascular disease | Traumatic brain injury",FALSE
"I608",10,"Other nontraumatic subarachnoid hemorrhage",2,"Stroke / cerebrovascular disease | Traumatic brain injury",FALSE
"I609",10,"Nontraumatic subarachnoid hemorrhage, unspecified",2,"Stroke / cerebrovascular disease | Traumatic brain injury",FALSE
"I620",10,"Nontraumatic subdural hemorrhage",2,"Stroke / cerebrovascular disease | Traumatic brain injury",FALSE
"I6200",10,"Nontraumatic subdural hemorrhage, unspecified",2,"Stroke / cerebrovascular disease | Traumatic brain injury",FALSE
"I674",10,"Hypertensive encephalopathy",2,"Hypertensive encephalopathy | Stroke / cerebrovascular disease",FALSE
"I690",10,"Sequelae of nontraumatic subarachnoid hemorrhage",2,"Stroke / cerebrovascular disease | Traumatic brain injury",TRUE
"I6900",10,"Unspecified sequelae of nontraumatic subarachnoid hemorrhage",2,"Stroke / cerebrovascular disease | Traumatic brain injury",TRUE
"I6901",10,"Cognitive deficits following nontraumatic subarachnoid hemorrhage",2,"Stroke / cerebrovascular disease | Traumatic brain injury",FALSE
"I69010",10,"Attention and concentration deficit following nontraumatic subarachnoid hemorrhage",2,"Stroke / cerebrovascular disease | Traumatic brain injury",FALSE
"I69011",10,"Memory deficit following nontraumatic subarachnoid hemorrhage",2,"Stroke / cerebrovascular disease | Traumatic brain injury",FALSE
"I69012",10,"Visuospatial deficit and spatial neglect following nontraumatic subarachnoid hemorrhage",2,"Stroke / cerebrovascular disease | Traumatic brain injury",FALSE
"I69013",10,"Psychomotor deficit following nontraumatic subarachnoid hemorrhage",2,"Stroke / cerebrovascular disease | Traumatic brain injury",FALSE
"I69014",10,"Frontal lobe and executive function deficit following nontraumatic subarachnoid hemorrhage",2,"Stroke / cerebrovascular disease | Traumatic brain injury",FALSE
"I69015",10,"Cognitive social or emotional deficit following nontraumatic subarachnoid hemorrhage",2,"Stroke / cerebrovascular disease | Traumatic brain injury",FALSE
"I69018",10,"Other symptoms and signs involving cognitive functions following nontraumatic subarachnoid hemorrhage",2,"Stroke / cerebrovascular disease | Traumatic brain injury",FALSE
"I69019",10,"Unspecified symptoms and signs involving cognitive functions following nontraumatic subarachnoid hemorrhage",2,"Stroke / cerebrovascular disease | Traumatic brain injury",FALSE
"I6902",10,"Speech and language deficits following nontraumatic subarachnoid hemorrhage",2,"Stroke / cerebrovascular disease | Traumatic brain injury",FALSE
"I69020",10,"Aphasia following nontraumatic subarachnoid hemorrhage",2,"Stroke / cerebrovascular disease | Traumatic brain injury",FALSE
"I69021",10,"Dysphasia following nontraumatic subarachnoid hemorrhage",2,"Stroke / cerebrovascular disease | Traumatic brain injury",FALSE
"I69022",10,"Dysarthria following nontraumatic subarachnoid hemorrhage",2,"Stroke / cerebrovascular disease | Traumatic brain injury",FALSE
"I69023",10,"Fluency disorder following nontraumatic subarachnoid hemorrhage",2,"Stroke / cerebrovascular disease | Traumatic brain injury",FALSE
"I69028",10,"Other speech and language deficits following nontraumatic subarachnoid hemorrhage",2,"Stroke / cerebrovascular disease | Traumatic brain injury",FALSE
"I6903",10,"Monoplegia of upper limb following nontraumatic subarachnoid hemorrhage",2,"Stroke / cerebrovascular disease | Traumatic brain injury",FALSE
"I69031",10,"Monoplegia of upper limb following nontraumatic subarachnoid hemorrhage affecting right dominant side",2,"Stroke / cerebrovascular disease | Traumatic brain injury",FALSE
"I69032",10,"Monoplegia of upper limb following nontraumatic subarachnoid hemorrhage affecting left dominant side",2,"Stroke / cerebrovascular disease | Traumatic brain injury",FALSE
"I69033",10,"Monoplegia of upper limb following nontraumatic subarachnoid hemorrhage affecting right non-dominant side",2,"Stroke / cerebrovascular disease | Traumatic brain injury",FALSE
"I69034",10,"Monoplegia of upper limb following nontraumatic subarachnoid hemorrhage affecting left non-dominant side",2,"Stroke / cerebrovascular disease | Traumatic brain injury",FALSE
"I69039",10,"Monoplegia of upper limb following nontraumatic subarachnoid hemorrhage affecting unspecified side",2,"Stroke / cerebrovascular disease | Traumatic brain injury",FALSE
"I6904",10,"Monoplegia of lower limb following nontraumatic subarachnoid hemorrhage",2,"Stroke / cerebrovascular disease | Traumatic brain injury",FALSE
"I69041",10,"Monoplegia of lower limb following nontraumatic subarachnoid hemorrhage affecting right dominant side",2,"Stroke / cerebrovascular disease | Traumatic brain injury",FALSE
"I69042",10,"Monoplegia of lower limb following nontraumatic subarachnoid hemorrhage affecting left dominant side",2,"Stroke / cerebrovascular disease | Traumatic brain injury",FALSE
"I69043",10,"Monoplegia of lower limb following nontraumatic subarachnoid hemorrhage affecting right non-dominant side",2,"Stroke / cerebrovascular disease | Traumatic brain injury",FALSE
"I69044",10,"Monoplegia of lower limb following nontraumatic subarachnoid hemorrhage affecting left non-dominant side",2,"Stroke / cerebrovascular disease | Traumatic brain injury",FALSE
"I69049",10,"Monoplegia of lower limb following nontraumatic subarachnoid hemorrhage affecting unspecified side",2,"Stroke / cerebrovascular disease | Traumatic brain injury",FALSE
"I6905",10,"Hemiplegia and hemiparesis following nontraumatic subarachnoid hemorrhage",2,"Stroke / cerebrovascular disease | Traumatic brain injury",FALSE
"I69051",10,"Hemiplegia and hemiparesis following nontraumatic subarachnoid hemorrhage affecting right dominant side",2,"Stroke / cerebrovascular disease | Traumatic brain injury",FALSE
"I69052",10,"Hemiplegia and hemiparesis following nontraumatic subarachnoid hemorrhage affecting left dominant side",2,"Stroke / cerebrovascular disease | Traumatic brain injury",FALSE
"I69053",10,"Hemiplegia and hemiparesis following nontraumatic subarachnoid hemorrhage affecting right non-dominant side",2,"Stroke / cerebrovascular disease | Traumatic brain injury",FALSE
"I69054",10,"Hemiplegia and hemiparesis following nontraumatic subarachnoid hemorrhage affecting left non-dominant side",2,"Stroke / cerebrovascular disease | Traumatic brain injury",FALSE
"I69059",10,"Hemiplegia and hemiparesis following nontraumatic subarachnoid hemorrhage affecting unspecified side",2,"Stroke / cerebrovascular disease | Traumatic brain injury",FALSE
"I6906",10,"Other paralytic syndrome following nontraumatic subarachnoid hemorrhage",2,"Stroke / cerebrovascular disease | Traumatic brain injury",FALSE
"I69061",10,"Other paralytic syndrome following nontraumatic subarachnoid hemorrhage affecting right dominant side",2,"Stroke / cerebrovascular disease | Traumatic brain injury",FALSE
"I69062",10,"Other paralytic syndrome following nontraumatic subarachnoid hemorrhage affecting left dominant side",2,"Stroke / cerebrovascular disease | Traumatic brain injury",FALSE
"I69063",10,"Other paralytic syndrome following nontraumatic subarachnoid hemorrhage affecting right non-dominant side",2,"Stroke / cerebrovascular disease | Traumatic brain injury",FALSE
"I69064",10,"Other paralytic syndrome following nontraumatic subarachnoid hemorrhage affecting left non-dominant side",2,"Stroke / cerebrovascular disease | Traumatic brain injury",FALSE
"I69065",10,"Other paralytic syndrome following nontraumatic subarachnoid hemorrhage, bilateral",2,"Stroke / cerebrovascular disease | Traumatic brain injury",FALSE
"I69069",10,"Other paralytic syndrome following nontraumatic subarachnoid hemorrhage affecting unspecified side",2,"Stroke / cerebrovascular disease | Traumatic brain injury",FALSE
"I6909",10,"Other sequelae of nontraumatic subarachnoid hemorrhage",2,"Stroke / cerebrovascular disease | Traumatic brain injury",TRUE
"I69090",10,"Apraxia following nontraumatic subarachnoid hemorrhage",2,"Stroke / cerebrovascular disease | Traumatic brain injury",FALSE
"I69091",10,"Dysphagia following nontraumatic subarachnoid hemorrhage",2,"Stroke / cerebrovascular disease | Traumatic brain injury",FALSE
"I69092",10,"Facial weakness following nontraumatic subarachnoid hemorrhage",2,"Stroke / cerebrovascular disease | Traumatic brain injury",FALSE
"I69093",10,"Ataxia following nontraumatic subarachnoid hemorrhage",2,"Stroke / cerebrovascular disease | Traumatic brain injury",FALSE
"I69098",10,"Other sequelae following nontraumatic subarachnoid hemorrhage",2,"Stroke / cerebrovascular disease | Traumatic brain injury",TRUE
"K704",10,"Alcoholic hepatic failure",2,"Alcohol use / intoxication / withdrawal | Hepatic encephalopathy / failure",FALSE
"K7040",10,"Alcoholic hepatic failure without coma",2,"Alcohol use / intoxication / withdrawal | Hepatic encephalopathy / failure",FALSE
"K7041",10,"Alcoholic hepatic failure with coma",2,"Alcohol use / intoxication / withdrawal | Hepatic encephalopathy / failure",FALSE
"S066",10,"Traumatic subarachnoid hemorrhage",2,"Stroke / cerebrovascular disease | Traumatic brain injury",FALSE
"S066X",10,"Traumatic subarachnoid hemorrhage",2,"Stroke / cerebrovascular disease | Traumatic brain injury",FALSE
"S066X0",10,"Traumatic subarachnoid hemorrhage without loss of consciousness",2,"Stroke / cerebrovascular disease | Traumatic brain injury",FALSE
"S066X0A",10,"Traumatic subarachnoid hemorrhage without loss of consciousness, initial encounter",2,"Stroke / cerebrovascular disease | Traumatic brain injury",FALSE
"S066X0D",10,"Traumatic subarachnoid hemorrhage without loss of consciousness, subsequent encounter",2,"Stroke / cerebrovascular disease | Traumatic brain injury",FALSE
"S066X0S",10,"Traumatic subarachnoid hemorrhage without loss of consciousness, sequela",2,"Stroke / cerebrovascular disease | Traumatic brain injury",TRUE
"S066X1",10,"Traumatic subarachnoid hemorrhage with loss of consciousness of 30 minutes or less",2,"Stroke / cerebrovascular disease | Traumatic brain injury",FALSE
"S066X1A",10,"Traumatic subarachnoid hemorrhage with loss of consciousness of 30 minutes or less, initial encounter",2,"Stroke / cerebrovascular disease | Traumatic brain injury",FALSE
"S066X1D",10,"Traumatic subarachnoid hemorrhage with loss of consciousness of 30 minutes or less, subsequent encounter",2,"Stroke / cerebrovascular disease | Traumatic brain injury",FALSE
"S066X1S",10,"Traumatic subarachnoid hemorrhage with loss of consciousness of 30 minutes or less, sequela",2,"Stroke / cerebrovascular disease | Traumatic brain injury",TRUE
"S066X2",10,"Traumatic subarachnoid hemorrhage with loss of consciousness of 31 minutes to 59 minutes",2,"Stroke / cerebrovascular disease | Traumatic brain injury",FALSE
"S066X2A",10,"Traumatic subarachnoid hemorrhage with loss of consciousness of 31 minutes to 59 minutes, initial encounter",2,"Stroke / cerebrovascular disease | Traumatic brain injury",FALSE
"S066X2D",10,"Traumatic subarachnoid hemorrhage with loss of consciousness of 31 minutes to 59 minutes, subsequent encounter",2,"Stroke / cerebrovascular disease | Traumatic brain injury",FALSE
"S066X2S",10,"Traumatic subarachnoid hemorrhage with loss of consciousness of 31 minutes to 59 minutes, sequela",2,"Stroke / cerebrovascular disease | Traumatic brain injury",TRUE
"S066X3",10,"Traumatic subarachnoid hemorrhage with loss of consciousness of 1 hour to 5 hours 59 minutes",2,"Stroke / cerebrovascular disease | Traumatic brain injury",FALSE
"S066X3A",10,"Traumatic subarachnoid hemorrhage with loss of consciousness of 1 hour to 5 hours 59 minutes, initial encounter",2,"Stroke / cerebrovascular disease | Traumatic brain injury",FALSE
"S066X3D",10,"Traumatic subarachnoid hemorrhage with loss of consciousness of 1 hour to 5 hours 59 minutes, subsequent encounter",2,"Stroke / cerebrovascular disease | Traumatic brain injury",FALSE
"S066X3S",10,"Traumatic subarachnoid hemorrhage with loss of consciousness of 1 hour to 5 hours 59 minutes, sequela",2,"Stroke / cerebrovascular disease | Traumatic brain injury",TRUE
"S066X4",10,"Traumatic subarachnoid hemorrhage with loss of consciousness of 6 hours to 24 hours",2,"Stroke / cerebrovascular disease | Traumatic brain injury",FALSE
"S066X4A",10,"Traumatic subarachnoid hemorrhage with loss of consciousness of 6 hours to 24 hours, initial encounter",2,"Stroke / cerebrovascular disease | Traumatic brain injury",FALSE
"S066X4D",10,"Traumatic subarachnoid hemorrhage with loss of consciousness of 6 hours to 24 hours, subsequent encounter",2,"Stroke / cerebrovascular disease | Traumatic brain injury",FALSE
"S066X4S",10,"Traumatic subarachnoid hemorrhage with loss of consciousness of 6 hours to 24 hours, sequela",2,"Stroke / cerebrovascular disease | Traumatic brain injury",TRUE
"S066X5",10,"Traumatic subarachnoid hemorrhage with loss of consciousness greater than 24 hours with return to pre-existing conscious level",2,"Stroke / cerebrovascular disease | Traumatic brain injury",FALSE
"S066X5A",10,"Traumatic subarachnoid hemorrhage with loss of consciousness greater than 24 hours with return to pre-existing conscious level, initial encounter",2,"Stroke / cerebrovascular disease | Traumatic brain injury",FALSE
"S066X5D",10,"Traumatic subarachnoid hemorrhage with loss of consciousness greater than 24 hours with return to pre-existing conscious level, subsequent encounter",2,"Stroke / cerebrovascular disease | Traumatic brain injury",FALSE
"S066X5S",10,"Traumatic subarachnoid hemorrhage with loss of consciousness greater than 24 hours with return to pre-existing conscious level, sequela",2,"Stroke / cerebrovascular disease | Traumatic brain injury",TRUE
"S066X6",10,"Traumatic subarachnoid hemorrhage with loss of consciousness greater than 24 hours without return to pre-existing conscious level with patient surviving",2,"Stroke / cerebrovascular disease | Traumatic brain injury",FALSE
"S066X6A",10,"Traumatic subarachnoid hemorrhage with loss of consciousness greater than 24 hours without return to pre-existing conscious level with patient surviving, initial encounter",2,"Stroke / cerebrovascular disease | Traumatic brain injury",FALSE
"S066X6D",10,"Traumatic subarachnoid hemorrhage with loss of consciousness greater than 24 hours without return to pre-existing conscious level with patient surviving, subsequent encounter",2,"Stroke / cerebrovascular disease | Traumatic brain injury",FALSE
"S066X6S",10,"Traumatic subarachnoid hemorrhage with loss of consciousness greater than 24 hours without return to pre-existing conscious level with patient surviving, sequela",2,"Stroke / cerebrovascular disease | Traumatic brain injury",TRUE
"S066X7",10,"Traumatic subarachnoid hemorrhage with loss of consciousness of any duration with death due to brain injury prior to regaining consciousness",2,"Stroke / cerebrovascular disease | Traumatic brain injury",FALSE
"S066X7A",10,"Traumatic subarachnoid hemorrhage with loss of consciousness of any duration with death due to brain injury prior to regaining consciousness, initial encounter",2,"Stroke / cerebrovascular disease | Traumatic brain injury",FALSE
"S066X7D",10,"Traumatic subarachnoid hemorrhage with loss of consciousness of any duration with death due to brain injury prior to regaining consciousness, subsequent encounter",2,"Stroke / cerebrovascular disease | Traumatic brain injury",FALSE
"S066X7S",10,"Traumatic subarachnoid hemorrhage with loss of consciousness of any duration with death due to brain injury prior to regaining consciousness, sequela",2,"Stroke / cerebrovascular disease | Traumatic brain injury",TRUE
"S066X8",10,"Traumatic subarachnoid hemorrhage with loss of consciousness of any duration with death due to other cause prior to regaining consciousness",2,"Stroke / cerebrovascular disease | Traumatic brain injury",FALSE
"S066X8A",10,"Traumatic subarachnoid hemorrhage with loss of consciousness of any duration with death due to other cause prior to regaining consciousness, initial encounter",2,"Stroke / cerebrovascular disease | Traumatic brain injury",FALSE
"S066X8D",10,"Traumatic subarachnoid hemorrhage with loss of consciousness of any duration with death due to other cause prior to regaining consciousness, subsequent encounter",2,"Stroke / cerebrovascular disease | Traumatic brain injury",FALSE
"S066X8S",10,"Traumatic subarachnoid hemorrhage with loss of consciousness of any duration with death due to other cause prior to regaining consciousness, sequela",2,"Stroke / cerebrovascular disease | Traumatic brain injury",TRUE
"S066X9",10,"Traumatic subarachnoid hemorrhage with loss of consciousness of unspecified duration",2,"Stroke / cerebrovascular disease | Traumatic brain injury",FALSE
"S066X9A",10,"Traumatic subarachnoid hemorrhage with loss of consciousness of unspecified duration, initial encounter",2,"Stroke / cerebrovascular disease | Traumatic brain injury",FALSE
"S066X9D",10,"Traumatic subarachnoid hemorrhage with loss of consciousness of unspecified duration, subsequent encounter",2,"Stroke / cerebrovascular disease | Traumatic brain injury",FALSE
"S066X9S",10,"Traumatic subarachnoid hemorrhage with loss of consciousness of unspecified duration, sequela",2,"Stroke / cerebrovascular disease | Traumatic brain injury",TRUE
"S066XA",10,"Traumatic subarachnoid hemorrhage with loss of consciousness status unknown",2,"Stroke / cerebrovascular disease | Traumatic brain injury",FALSE
"S066XAA",10,"Traumatic subarachnoid hemorrhage with loss of consciousness status unknown, initial encounter",2,"Stroke / cerebrovascular disease | Traumatic brain injury",FALSE
"S066XAD",10,"Traumatic subarachnoid hemorrhage with loss of consciousness status unknown, subsequent encounter",2,"Stroke / cerebrovascular disease | Traumatic brain injury",FALSE
"S066XAS",10,"Traumatic subarachnoid hemorrhage with loss of consciousness status unknown, sequela",2,"Stroke / cerebrovascular disease | Traumatic brain injury",TRUE
"T426",10,"Poisoning by, adverse effect of and underdosing of other antiepileptic and sedative-hypnotic drugs",2,"Other substance use / drug intoxication | Status epilepticus / epilepsy / seizure",FALSE
"T426X",10,"Poisoning by, adverse effect of and underdosing of other antiepileptic and sedative-hypnotic drugs",2,"Other substance use / drug intoxication | Status epilepticus / epilepsy / seizure",FALSE
"T426X1",10,"Poisoning by other antiepileptic and sedative-hypnotic drugs, accidental (unintentional)",2,"Other substance use / drug intoxication | Status epilepticus / epilepsy / seizure",FALSE
"T426X1A",10,"Poisoning by other antiepileptic and sedative-hypnotic drugs, accidental (unintentional), initial encounter",2,"Other substance use / drug intoxication | Status epilepticus / epilepsy / seizure",FALSE
"T426X1D",10,"Poisoning by other antiepileptic and sedative-hypnotic drugs, accidental (unintentional), subsequent encounter",2,"Other substance use / drug intoxication | Status epilepticus / epilepsy / seizure",FALSE
"T426X1S",10,"Poisoning by other antiepileptic and sedative-hypnotic drugs, accidental (unintentional), sequela",2,"Other substance use / drug intoxication | Status epilepticus / epilepsy / seizure",TRUE
"T426X2",10,"Poisoning by other antiepileptic and sedative-hypnotic drugs, intentional self-harm",2,"Other substance use / drug intoxication | Status epilepticus / epilepsy / seizure",FALSE
"T426X2A",10,"Poisoning by other antiepileptic and sedative-hypnotic drugs, intentional self-harm, initial encounter",2,"Other substance use / drug intoxication | Status epilepticus / epilepsy / seizure",FALSE
"T426X2D",10,"Poisoning by other antiepileptic and sedative-hypnotic drugs, intentional self-harm, subsequent encounter",2,"Other substance use / drug intoxication | Status epilepticus / epilepsy / seizure",FALSE
"T426X2S",10,"Poisoning by other antiepileptic and sedative-hypnotic drugs, intentional self-harm, sequela",2,"Other substance use / drug intoxication | Status epilepticus / epilepsy / seizure",TRUE
"T426X3",10,"Poisoning by other antiepileptic and sedative-hypnotic drugs, assault",2,"Other substance use / drug intoxication | Status epilepticus / epilepsy / seizure",FALSE
"T426X3A",10,"Poisoning by other antiepileptic and sedative-hypnotic drugs, assault, initial encounter",2,"Other substance use / drug intoxication | Status epilepticus / epilepsy / seizure",FALSE
"T426X3D",10,"Poisoning by other antiepileptic and sedative-hypnotic drugs, assault, subsequent encounter",2,"Other substance use / drug intoxication | Status epilepticus / epilepsy / seizure",FALSE
"T426X3S",10,"Poisoning by other antiepileptic and sedative-hypnotic drugs, assault, sequela",2,"Other substance use / drug intoxication | Status epilepticus / epilepsy / seizure",TRUE
"T426X4",10,"Poisoning by other antiepileptic and sedative-hypnotic drugs, undetermined",2,"Other substance use / drug intoxication | Status epilepticus / epilepsy / seizure",FALSE
"T426X4A",10,"Poisoning by other antiepileptic and sedative-hypnotic drugs, undetermined, initial encounter",2,"Other substance use / drug intoxication | Status epilepticus / epilepsy / seizure",FALSE
"T426X4D",10,"Poisoning by other antiepileptic and sedative-hypnotic drugs, undetermined, subsequent encounter",2,"Other substance use / drug intoxication | Status epilepticus / epilepsy / seizure",FALSE
"T426X4S",10,"Poisoning by other antiepileptic and sedative-hypnotic drugs, undetermined, sequela",2,"Other substance use / drug intoxication | Status epilepticus / epilepsy / seizure",TRUE
"T427",10,"Poisoning by, adverse effect of and underdosing of unspecified antiepileptic and sedative-hypnotic drugs",2,"Other substance use / drug intoxication | Status epilepticus / epilepsy / seizure",FALSE
"T4271",10,"Poisoning by unspecified antiepileptic and sedative-hypnotic drugs, accidental (unintentional)",2,"Other substance use / drug intoxication | Status epilepticus / epilepsy / seizure",FALSE
"T4271XA",10,"Poisoning by unspecified antiepileptic and sedative-hypnotic drugs, accidental (unintentional), initial encounter",2,"Other substance use / drug intoxication | Status epilepticus / epilepsy / seizure",FALSE
"T4271XD",10,"Poisoning by unspecified antiepileptic and sedative-hypnotic drugs, accidental (unintentional), subsequent encounter",2,"Other substance use / drug intoxication | Status epilepticus / epilepsy / seizure",FALSE
"T4271XS",10,"Poisoning by unspecified antiepileptic and sedative-hypnotic drugs, accidental (unintentional), sequela",2,"Other substance use / drug intoxication | Status epilepticus / epilepsy / seizure",TRUE
"T4272",10,"Poisoning by unspecified antiepileptic and sedative-hypnotic drugs, intentional self-harm",2,"Other substance use / drug intoxication | Status epilepticus / epilepsy / seizure",FALSE
"T4272XA",10,"Poisoning by unspecified antiepileptic and sedative-hypnotic drugs, intentional self-harm, initial encounter",2,"Other substance use / drug intoxication | Status epilepticus / epilepsy / seizure",FALSE
"T4272XD",10,"Poisoning by unspecified antiepileptic and sedative-hypnotic drugs, intentional self-harm, subsequent encounter",2,"Other substance use / drug intoxication | Status epilepticus / epilepsy / seizure",FALSE
"T4272XS",10,"Poisoning by unspecified antiepileptic and sedative-hypnotic drugs, intentional self-harm, sequela",2,"Other substance use / drug intoxication | Status epilepticus / epilepsy / seizure",TRUE
"T4273",10,"Poisoning by unspecified antiepileptic and sedative-hypnotic drugs, assault",2,"Other substance use / drug intoxication | Status epilepticus / epilepsy / seizure",FALSE
"T4273XA",10,"Poisoning by unspecified antiepileptic and sedative-hypnotic drugs, assault, initial encounter",2,"Other substance use / drug intoxication | Status epilepticus / epilepsy / seizure",FALSE
"T4273XD",10,"Poisoning by unspecified antiepileptic and sedative-hypnotic drugs, assault, subsequent encounter",2,"Other substance use / drug intoxication | Status epilepticus / epilepsy / seizure",FALSE
"T4273XS",10,"Poisoning by unspecified antiepileptic and sedative-hypnotic drugs, assault, sequela",2,"Other substance use / drug intoxication | Status epilepticus / epilepsy / seizure",TRUE
"T4274",10,"Poisoning by unspecified antiepileptic and sedative-hypnotic drugs, undetermined",2,"Other substance use / drug intoxication | Status epilepticus / epilepsy / seizure",FALSE
"T4274XA",10,"Poisoning by unspecified antiepileptic and sedative-hypnotic drugs, undetermined, initial encounter",2,"Other substance use / drug intoxication | Status epilepticus / epilepsy / seizure",FALSE
"T4274XD",10,"Poisoning by unspecified antiepileptic and sedative-hypnotic drugs, undetermined, subsequent encounter",2,"Other substance use / drug intoxication | Status epilepticus / epilepsy / seizure",FALSE
"T4274XS",10,"Poisoning by unspecified antiepileptic and sedative-hypnotic drugs, undetermined, sequela",2,"Other substance use / drug intoxication | Status epilepticus / epilepsy / seizure",TRUE
"00321",9,"Salmonella meningitis",1,"Meningitis / encephalitis / CNS infection",FALSE
"01300",9,"Tuberculous meningitis, unspecified",1,"Meningitis / encephalitis / CNS infection",FALSE
"01301",9,"Tuberculous meningitis, bacteriological or histological examination not done",1,"Meningitis / encephalitis / CNS infection",FALSE
"01302",9,"Tuberculous meningitis, bacteriological or histological examination unknown (at present)",1,"Meningitis / encephalitis / CNS infection",FALSE
"01303",9,"Tuberculous meningitis, tubercle bacilli found (in sputum) by microscopy",1,"Meningitis / encephalitis / CNS infection",FALSE
"01304",9,"Tuberculous meningitis, tubercle bacilli not found (in sputum) by microscopy, but found by bacterial culture",1,"Meningitis / encephalitis / CNS infection",FALSE
"01305",9,"Tuberculous meningitis, tubercle bacilli not found by bacteriological examination, but tuberculosis confirmed histologically",1,"Meningitis / encephalitis / CNS infection",FALSE
"01306",9,"Tuberculous meningitis, tubercle bacilli not found by bacteriological or histological examination, but tuberculosis confirmed by other methods [inoculation of animals]",1,"Meningitis / encephalitis / CNS infection",FALSE
"01360",9,"Tuberculous encephalitis or myelitis, unspecified",1,"Meningitis / encephalitis / CNS infection",FALSE
"01361",9,"Tuberculous encephalitis or myelitis, bacteriological or histological examination not done",1,"Meningitis / encephalitis / CNS infection",FALSE
"01362",9,"Tuberculous encephalitis or myelitis, bacteriological or histological examination unknown (at present)",1,"Meningitis / encephalitis / CNS infection",FALSE
"01363",9,"Tuberculous encephalitis or myelitis, tubercle bacilli found (in sputum) by microscopy",1,"Meningitis / encephalitis / CNS infection",FALSE
"01364",9,"Tuberculous encephalitis or myelitis, tubercle bacilli not found (in sputum) by microscopy, but found by bacterial culture",1,"Meningitis / encephalitis / CNS infection",FALSE
"01365",9,"Tuberculous encephalitis or myelitis, tubercle bacilli not found by bacteriological examination, but tuberculosis confirmed histologically",1,"Meningitis / encephalitis / CNS infection",FALSE
"01366",9,"Tuberculous encephalitis or myelitis, tubercle bacilli not found by bacteriological or histological examination, but tuberculosis confirmed by other methods [inoculation of animals]",1,"Meningitis / encephalitis / CNS infection",FALSE
"0360",9,"Meningococcal meningitis",1,"Meningitis / encephalitis / CNS infection",FALSE
"0361",9,"Meningococcal encephalitis",1,"Meningitis / encephalitis / CNS infection",FALSE
"0462",9,"Subacute sclerosing panencephalitis",1,"Meningitis / encephalitis / CNS infection",FALSE
"0470",9,"Meningitis due to coxsackie virus",1,"Meningitis / encephalitis / CNS infection",FALSE
"0471",9,"Meningitis due to echo virus",1,"Meningitis / encephalitis / CNS infection",FALSE
"0478",9,"Other specified viral meningitis",1,"Meningitis / encephalitis / CNS infection",FALSE
"0479",9,"Unspecified viral meningitis",1,"Meningitis / encephalitis / CNS infection",FALSE
"0490",9,"Lymphocytic choriomeningitis",1,"Meningitis / encephalitis / CNS infection",FALSE
"0491",9,"Meningitis due to adenovirus",1,"Meningitis / encephalitis / CNS infection",FALSE
"0520",9,"Postvaricella encephalitis",1,"Meningitis / encephalitis / CNS infection",FALSE
"0530",9,"Herpes zoster with meningitis",1,"Meningitis / encephalitis / CNS infection",FALSE
"0543",9,"Herpetic meningoencephalitis",1,"Meningitis / encephalitis / CNS infection",FALSE
"05472",9,"Herpes simplex meningitis",1,"Meningitis / encephalitis / CNS infection",FALSE
"0550",9,"Postmeasles encephalitis",1,"Meningitis / encephalitis / CNS infection",FALSE
"05601",9,"Encephalomyelitis due to rubella",1,"Meningitis / encephalitis / CNS infection",FALSE
"05821",9,"Human herpesvirus 6 encephalitis",1,"Meningitis / encephalitis / CNS infection",FALSE
"05829",9,"Other human herpesvirus encephalitis",1,"Meningitis / encephalitis / CNS infection",FALSE
"0620",9,"Japanese encephalitis",1,"Meningitis / encephalitis / CNS infection",FALSE
"0621",9,"Western equine encephalitis",1,"Meningitis / encephalitis / CNS infection",FALSE
"0622",9,"Eastern equine encephalitis",1,"Meningitis / encephalitis / CNS infection",FALSE
"0623",9,"St. Louis encephalitis",1,"Meningitis / encephalitis / CNS infection",FALSE
"0624",9,"Australian encephalitis",1,"Meningitis / encephalitis / CNS infection",FALSE
"0625",9,"California virus encephalitis",1,"Meningitis / encephalitis / CNS infection",FALSE
"0628",9,"Other specified mosquito-borne viral encephalitis",1,"Meningitis / encephalitis / CNS infection",FALSE
"0629",9,"Mosquito-borne viral encephalitis, unspecified",1,"Meningitis / encephalitis / CNS infection",FALSE
"0630",9,"Russian spring-summer [taiga] encephalitis",1,"Meningitis / encephalitis / CNS infection",FALSE
"0632",9,"Central european encephalitis",1,"Meningitis / encephalitis / CNS infection",FALSE
"0638",9,"Other specified tick-borne viral encephalitis",1,"Meningitis / encephalitis / CNS infection",FALSE
"0639",9,"Tick-borne viral encephalitis, unspecified",1,"Meningitis / encephalitis / CNS infection",FALSE
"064",9,"Viral encephalitis transmitted by other and unspecified arthropods",1,"Meningitis / encephalitis / CNS infection",FALSE
"06641",9,"West Nile Fever with encephalitis",1,"Meningitis / encephalitis / CNS infection",FALSE
"0700",9,"Viral hepatitis A with hepatic coma",1,"Hepatic encephalopathy / failure",FALSE
"0701",9,"Viral hepatitis A without mention of hepatic coma",1,"Hepatic encephalopathy / failure",TRUE
"07020",9,"Viral hepatitis B with hepatic coma, acute or unspecified, without mention of hepatitis delta",1,"Hepatic encephalopathy / failure",TRUE
"07021",9,"Viral hepatitis B with hepatic coma, acute or unspecified, with hepatitis delta",1,"Hepatic encephalopathy / failure",FALSE
"07022",9,"Chronic viral hepatitis B with hepatic coma without hepatitis delta",1,"Hepatic encephalopathy / failure",FALSE
"07023",9,"Chronic viral hepatitis B with hepatic coma with hepatitis delta",1,"Hepatic encephalopathy / failure",FALSE
"07030",9,"Viral hepatitis B without mention of hepatic coma, acute or unspecified, without mention of hepatitis delta",1,"Hepatic encephalopathy / failure",TRUE
"07031",9,"Viral hepatitis B without mention of hepatic coma, acute or unspecified, with hepatitis delta",1,"Hepatic encephalopathy / failure",TRUE
"07032",9,"Chronic viral hepatitis B without mention of hepatic coma without mention of hepatitis delta",1,"Hepatic encephalopathy / failure",TRUE
"07033",9,"Chronic viral hepatitis B without mention of hepatic coma with hepatitis delta",1,"Hepatic encephalopathy / failure",TRUE
"07041",9,"Acute hepatitis C with hepatic coma",1,"Hepatic encephalopathy / failure",FALSE
"07042",9,"Hepatitis delta without mention of active hepatitis B disease with hepatic coma",1,"Hepatic encephalopathy / failure",TRUE
"07043",9,"Hepatitis E with hepatic coma",1,"Hepatic encephalopathy / failure",FALSE
"07044",9,"Chronic hepatitis C with hepatic coma",1,"Hepatic encephalopathy / failure",FALSE
"07049",9,"Other specified viral hepatitis with hepatic coma",1,"Hepatic encephalopathy / failure",FALSE
"07051",9,"Acute hepatitis C without mention of hepatic coma",1,"Hepatic encephalopathy / failure",TRUE
"07052",9,"Hepatitis delta without mention of active hepatitis B disease or hepatic coma",1,"Hepatic encephalopathy / failure",TRUE
"07053",9,"Hepatitis E without mention of hepatic coma",1,"Hepatic encephalopathy / failure",TRUE
"07054",9,"Chronic hepatitis C without mention of hepatic coma",1,"Hepatic encephalopathy / failure",TRUE
"07059",9,"Other specified viral hepatitis without mention of hepatic coma",1,"Hepatic encephalopathy / failure",TRUE
"0706",9,"Unspecified viral hepatitis with hepatic coma",1,"Hepatic encephalopathy / failure",FALSE
"07070",9,"Unspecified viral hepatitis C without hepatic coma",1,"Hepatic encephalopathy / failure",FALSE
"07071",9,"Unspecified viral hepatitis C with hepatic coma",1,"Hepatic encephalopathy / failure",FALSE
"0709",9,"Unspecified viral hepatitis without mention of hepatic coma",1,"Hepatic encephalopathy / failure",TRUE
"0721",9,"Mumps meningitis",1,"Meningitis / encephalitis / CNS infection",FALSE
"0722",9,"Mumps encephalitis",1,"Meningitis / encephalitis / CNS infection",FALSE
"09041",9,"Congenital syphilitic encephalitis",1,"Meningitis / encephalitis / CNS infection",FALSE
"09042",9,"Congenital syphilitic meningitis",1,"Meningitis / encephalitis / CNS infection",FALSE
"09181",9,"Acute syphilitic meningitis (secondary)",1,"Meningitis / encephalitis / CNS infection",FALSE
"0942",9,"Syphilitic meningitis",1,"Meningitis / encephalitis / CNS infection",FALSE
"09481",9,"Syphilitic encephalitis",1,"Meningitis / encephalitis / CNS infection",FALSE
"09482",9,"Syphilitic parkinsonism",1,"Dementia / Alzheimer / neurodegenerative",FALSE
"09882",9,"Gonococcal meningitis",1,"Meningitis / encephalitis / CNS infection",FALSE
"10081",9,"Leptospiral meningitis (aseptic)",1,"Meningitis / encephalitis / CNS infection",FALSE
"11283",9,"Candidal meningitis",1,"Meningitis / encephalitis / CNS infection",FALSE
"1142",9,"Coccidioidal meningitis",1,"Meningitis / encephalitis / CNS infection",FALSE
"11501",9,"Infection by Histoplasma capsulatum, meningitis",1,"Meningitis / encephalitis / CNS infection",FALSE
"11511",9,"Infection by Histoplasma duboisii, meningitis",1,"Meningitis / encephalitis / CNS infection",FALSE
"11591",9,"Histoplasmosis, unspecified, meningitis",1,"Meningitis / encephalitis / CNS infection",FALSE
"1300",9,"Meningoencephalitis due to toxoplasmosis",1,"Meningitis / encephalitis / CNS infection",FALSE
"1390",9,"Late effects of viral encephalitis",1,"Meningitis / encephalitis / CNS infection",FALSE
"1917",9,"Malignant neoplasm of brain stem",1,"Brain tumor / CNS neoplasm",FALSE
"1918",9,"Malignant neoplasm of other parts of brain",1,"Brain tumor / CNS neoplasm",FALSE
"1919",9,"Malignant neoplasm of brain, unspecified",1,"Brain tumor / CNS neoplasm",FALSE
"1921",9,"Malignant neoplasm of cerebral meninges",1,"Brain tumor / CNS neoplasm",FALSE
"1923",9,"Malignant neoplasm of spinal meninges",1,"Brain tumor / CNS neoplasm",FALSE
"1983",9,"Secondary malignant neoplasm of brain and spinal cord",1,"Brain tumor / CNS neoplasm",FALSE
"2250",9,"Benign neoplasm of brain",1,"Brain tumor / CNS neoplasm",FALSE
"2252",9,"Benign neoplasm of cerebral meninges",1,"Brain tumor / CNS neoplasm",FALSE
"2254",9,"Benign neoplasm of spinal meninges",1,"Brain tumor / CNS neoplasm",FALSE
"2375",9,"Neoplasm of uncertain behavior of brain and spinal cord",1,"Brain tumor / CNS neoplasm",FALSE
"2376",9,"Neoplasm of uncertain behavior of meninges",1,"Brain tumor / CNS neoplasm",FALSE
"2396",9,"Neoplasm of unspecified nature of brain",1,"Brain tumor / CNS neoplasm",FALSE
"2900",9,"Senile dementia, uncomplicated",1,"Dementia / Alzheimer / neurodegenerative",FALSE
"29010",9,"Presenile dementia, uncomplicated",1,"Dementia / Alzheimer / neurodegenerative",FALSE
"29011",9,"Presenile dementia with delirium",1,"Dementia / Alzheimer / neurodegenerative",FALSE
"29012",9,"Presenile dementia with delusional features",1,"Dementia / Alzheimer / neurodegenerative",FALSE
"29013",9,"Presenile dementia with depressive features",1,"Dementia / Alzheimer / neurodegenerative",FALSE
"29020",9,"Senile dementia with delusional features",1,"Dementia / Alzheimer / neurodegenerative",FALSE
"29021",9,"Senile dementia with depressive features",1,"Dementia / Alzheimer / neurodegenerative",FALSE
"2903",9,"Senile dementia with delirium",1,"Dementia / Alzheimer / neurodegenerative",FALSE
"29040",9,"Vascular dementia, uncomplicated",1,"Dementia / Alzheimer / neurodegenerative",FALSE
"29041",9,"Vascular dementia, with delirium",1,"Dementia / Alzheimer / neurodegenerative",FALSE
"29042",9,"Vascular dementia, with delusions",1,"Dementia / Alzheimer / neurodegenerative",FALSE
"29043",9,"Vascular dementia, with depressed mood",1,"Dementia / Alzheimer / neurodegenerative",FALSE
"2910",9,"Alcohol withdrawal delirium",1,"Alcohol use / intoxication / withdrawal",FALSE
"2913",9,"Alcohol-induced psychotic disorder with hallucinations",1,"Pre-existing psychiatric illness",FALSE
"2914",9,"Idiosyncratic alcohol intoxication",1,"Alcohol use / intoxication / withdrawal",FALSE
"2915",9,"Alcohol-induced psychotic disorder with delusions",1,"Pre-existing psychiatric illness",FALSE
"29181",9,"Alcohol withdrawal",1,"Alcohol use / intoxication / withdrawal",FALSE
"29211",9,"Drug-induced psychotic disorder with delusions",1,"Pre-existing psychiatric illness",FALSE
"29212",9,"Drug-induced psychotic disorder with hallucinations",1,"Pre-existing psychiatric illness",FALSE
"2922",9,"Pathological drug intoxication",1,"Other substance use / drug intoxication",FALSE
"29282",9,"Drug-induced persisting dementia",1,"Dementia / Alzheimer / neurodegenerative",FALSE
"29381",9,"Psychotic disorder with delusions in conditions classified elsewhere",1,"Pre-existing psychiatric illness",FALSE
"29382",9,"Psychotic disorder with hallucinations in conditions classified elsewhere",1,"Pre-existing psychiatric illness",FALSE
"29410",9,"Dementia in conditions classified elsewhere without behavioral disturbance",1,"Dementia / Alzheimer / neurodegenerative",FALSE
"29411",9,"Dementia in conditions classified elsewhere with behavioral disturbance",1,"Dementia / Alzheimer / neurodegenerative",FALSE
"29420",9,"Dementia, unspecified, without behavioral disturbance",1,"Dementia / Alzheimer / neurodegenerative",FALSE
"29421",9,"Dementia, unspecified, with behavioral disturbance",1,"Dementia / Alzheimer / neurodegenerative",FALSE
"29500",9,"Simple type schizophrenia, unspecified",1,"Pre-existing psychiatric illness",FALSE
"29501",9,"Simple type schizophrenia, subchronic",1,"Pre-existing psychiatric illness",FALSE
"29502",9,"Simple type schizophrenia, chronic",1,"Pre-existing psychiatric illness",FALSE
"29503",9,"Simple type schizophrenia, subchronic with acute exacerbation",1,"Pre-existing psychiatric illness",FALSE
"29504",9,"Simple type schizophrenia, chronic with acute exacerbation",1,"Pre-existing psychiatric illness",FALSE
"29505",9,"Simple type schizophrenia, in remission",1,"Pre-existing psychiatric illness",FALSE
"29510",9,"Disorganized type schizophrenia, unspecified",1,"Pre-existing psychiatric illness",FALSE
"29511",9,"Disorganized type schizophrenia, subchronic",1,"Pre-existing psychiatric illness",FALSE
"29512",9,"Disorganized type schizophrenia, chronic",1,"Pre-existing psychiatric illness",FALSE
"29513",9,"Disorganized type schizophrenia, subchronic with acute exacerbation",1,"Pre-existing psychiatric illness",FALSE
"29514",9,"Disorganized type schizophrenia, chronic with acute exacerbation",1,"Pre-existing psychiatric illness",FALSE
"29515",9,"Disorganized type schizophrenia, in remission",1,"Pre-existing psychiatric illness",FALSE
"29520",9,"Catatonic type schizophrenia, unspecified",1,"Pre-existing psychiatric illness",FALSE
"29521",9,"Catatonic type schizophrenia, subchronic",1,"Pre-existing psychiatric illness",FALSE
"29522",9,"Catatonic type schizophrenia, chronic",1,"Pre-existing psychiatric illness",FALSE
"29523",9,"Catatonic type schizophrenia, subchronic with acute exacerbation",1,"Pre-existing psychiatric illness",FALSE
"29524",9,"Catatonic type schizophrenia, chronic with acute exacerbation",1,"Pre-existing psychiatric illness",FALSE
"29525",9,"Catatonic type schizophrenia, in remission",1,"Pre-existing psychiatric illness",FALSE
"29530",9,"Paranoid type schizophrenia, unspecified",1,"Pre-existing psychiatric illness",FALSE
"29531",9,"Paranoid type schizophrenia, subchronic",1,"Pre-existing psychiatric illness",FALSE
"29532",9,"Paranoid type schizophrenia, chronic",1,"Pre-existing psychiatric illness",FALSE
"29533",9,"Paranoid type schizophrenia, subchronic with acute exacerbation",1,"Pre-existing psychiatric illness",FALSE
"29534",9,"Paranoid type schizophrenia, chronic with acute exacerbation",1,"Pre-existing psychiatric illness",FALSE
"29535",9,"Paranoid type schizophrenia, in remission",1,"Pre-existing psychiatric illness",FALSE
"29540",9,"Schizophreniform disorder, unspecified",1,"Pre-existing psychiatric illness",FALSE
"29541",9,"Schizophreniform disorder, subchronic",1,"Pre-existing psychiatric illness",FALSE
"29542",9,"Schizophreniform disorder, chronic",1,"Pre-existing psychiatric illness",FALSE
"29543",9,"Schizophreniform disorder, subchronic with acute exacerbation",1,"Pre-existing psychiatric illness",FALSE
"29544",9,"Schizophreniform disorder, chronic with acute exacerbation",1,"Pre-existing psychiatric illness",FALSE
"29545",9,"Schizophreniform disorder, in remission",1,"Pre-existing psychiatric illness",FALSE
"29550",9,"Latent schizophrenia, unspecified",1,"Pre-existing psychiatric illness",FALSE
"29551",9,"Latent schizophrenia, subchronic",1,"Pre-existing psychiatric illness",FALSE
"29552",9,"Latent schizophrenia, chronic",1,"Pre-existing psychiatric illness",FALSE
"29553",9,"Latent schizophrenia, subchronic with acute exacerbation",1,"Pre-existing psychiatric illness",FALSE
"29554",9,"Latent schizophrenia, chronic with acute exacerbation",1,"Pre-existing psychiatric illness",FALSE
"29555",9,"Latent schizophrenia, in remission",1,"Pre-existing psychiatric illness",FALSE
"29560",9,"Schizophrenic disorders, residual type, unspecified",1,"Pre-existing psychiatric illness",FALSE
"29561",9,"Schizophrenic disorders, residual type, subchronic",1,"Pre-existing psychiatric illness",FALSE
"29562",9,"Schizophrenic disorders, residual type, chronic",1,"Pre-existing psychiatric illness",FALSE
"29563",9,"Schizophrenic disorders, residual type, subchronic with acute exacerbation",1,"Pre-existing psychiatric illness",FALSE
"29564",9,"Schizophrenic disorders, residual type, chronic with acute exacerbation",1,"Pre-existing psychiatric illness",FALSE
"29565",9,"Schizophrenic disorders, residual type, in remission",1,"Pre-existing psychiatric illness",FALSE
"29570",9,"Schizoaffective disorder, unspecified",1,"Pre-existing psychiatric illness",FALSE
"29571",9,"Schizoaffective disorder, subchronic",1,"Pre-existing psychiatric illness",FALSE
"29572",9,"Schizoaffective disorder, chronic",1,"Pre-existing psychiatric illness",FALSE
"29573",9,"Schizoaffective disorder, subchronic with acute exacerbation",1,"Pre-existing psychiatric illness",FALSE
"29574",9,"Schizoaffective disorder, chronic with acute exacerbation",1,"Pre-existing psychiatric illness",FALSE
"29575",9,"Schizoaffective disorder, in remission",1,"Pre-existing psychiatric illness",FALSE
"29580",9,"Other specified types of schizophrenia, unspecified",1,"Pre-existing psychiatric illness",FALSE
"29581",9,"Other specified types of schizophrenia, subchronic",1,"Pre-existing psychiatric illness",FALSE
"29582",9,"Other specified types of schizophrenia, chronic",1,"Pre-existing psychiatric illness",FALSE
"29583",9,"Other specified types of schizophrenia, subchronic with acute exacerbation",1,"Pre-existing psychiatric illness",FALSE
"29584",9,"Other specified types of schizophrenia, chronic with acute exacerbation",1,"Pre-existing psychiatric illness",FALSE
"29585",9,"Other specified types of schizophrenia, in remission",1,"Pre-existing psychiatric illness",FALSE
"29590",9,"Unspecified schizophrenia, unspecified",1,"Pre-existing psychiatric illness",FALSE
"29591",9,"Unspecified schizophrenia, subchronic",1,"Pre-existing psychiatric illness",FALSE
"29592",9,"Unspecified schizophrenia, chronic",1,"Pre-existing psychiatric illness",FALSE
"29593",9,"Unspecified schizophrenia, subchronic with acute exacerbation",1,"Pre-existing psychiatric illness",FALSE
"29594",9,"Unspecified schizophrenia, chronic with acute exacerbation",1,"Pre-existing psychiatric illness",FALSE
"29595",9,"Unspecified schizophrenia, in remission",1,"Pre-existing psychiatric illness",FALSE
"29600",9,"Bipolar I disorder, single manic episode, unspecified",1,"Pre-existing psychiatric illness",FALSE
"29601",9,"Bipolar I disorder, single manic episode, mild",1,"Pre-existing psychiatric illness",FALSE
"29602",9,"Bipolar I disorder, single manic episode, moderate",1,"Pre-existing psychiatric illness",FALSE
"29603",9,"Bipolar I disorder, single manic episode, severe, without mention of psychotic behavior",1,"Pre-existing psychiatric illness",TRUE
"29604",9,"Bipolar I disorder, single manic episode, severe, specified as with psychotic behavior",1,"Pre-existing psychiatric illness",FALSE
"29605",9,"Bipolar I disorder, single manic episode, in partial or unspecified remission",1,"Pre-existing psychiatric illness",FALSE
"29606",9,"Bipolar I disorder, single manic episode, in full remission",1,"Pre-existing psychiatric illness",FALSE
"29640",9,"Bipolar I disorder, most recent episode (or current) manic, unspecified",1,"Pre-existing psychiatric illness",FALSE
"29641",9,"Bipolar I disorder, most recent episode (or current) manic, mild",1,"Pre-existing psychiatric illness",FALSE
"29642",9,"Bipolar I disorder, most recent episode (or current) manic, moderate",1,"Pre-existing psychiatric illness",FALSE
"29643",9,"Bipolar I disorder, most recent episode (or current) manic, severe, without mention of psychotic behavior",1,"Pre-existing psychiatric illness",TRUE
"29644",9,"Bipolar I disorder, most recent episode (or current) manic, severe, specified as with psychotic behavior",1,"Pre-existing psychiatric illness",FALSE
"29645",9,"Bipolar I disorder, most recent episode (or current) manic, in partial or unspecified remission",1,"Pre-existing psychiatric illness",FALSE
"29646",9,"Bipolar I disorder, most recent episode (or current) manic, in full remission",1,"Pre-existing psychiatric illness",FALSE
"29650",9,"Bipolar I disorder, most recent episode (or current) depressed, unspecified",1,"Pre-existing psychiatric illness",FALSE
"29651",9,"Bipolar I disorder, most recent episode (or current) depressed, mild",1,"Pre-existing psychiatric illness",FALSE
"29652",9,"Bipolar I disorder, most recent episode (or current) depressed, moderate",1,"Pre-existing psychiatric illness",FALSE
"29653",9,"Bipolar I disorder, most recent episode (or current) depressed, severe, without mention of psychotic behavior",1,"Pre-existing psychiatric illness",TRUE
"29654",9,"Bipolar I disorder, most recent episode (or current) depressed, severe, specified as with psychotic behavior",1,"Pre-existing psychiatric illness",FALSE
"29655",9,"Bipolar I disorder, most recent episode (or current) depressed, in partial or unspecified remission",1,"Pre-existing psychiatric illness",FALSE
"29656",9,"Bipolar I disorder, most recent episode (or current) depressed, in full remission",1,"Pre-existing psychiatric illness",FALSE
"29660",9,"Bipolar I disorder, most recent episode (or current) mixed, unspecified",1,"Pre-existing psychiatric illness",FALSE
"29661",9,"Bipolar I disorder, most recent episode (or current) mixed, mild",1,"Pre-existing psychiatric illness",FALSE
"29662",9,"Bipolar I disorder, most recent episode (or current) mixed, moderate",1,"Pre-existing psychiatric illness",FALSE
"29663",9,"Bipolar I disorder, most recent episode (or current) mixed, severe, without mention of psychotic behavior",1,"Pre-existing psychiatric illness",TRUE
"29664",9,"Bipolar I disorder, most recent episode (or current) mixed, severe, specified as with psychotic behavior",1,"Pre-existing psychiatric illness",FALSE
"29665",9,"Bipolar I disorder, most recent episode (or current) mixed, in partial or unspecified remission",1,"Pre-existing psychiatric illness",FALSE
"29666",9,"Bipolar I disorder, most recent episode (or current) mixed, in full remission",1,"Pre-existing psychiatric illness",FALSE
"2967",9,"Bipolar I disorder, most recent episode (or current) unspecified",1,"Pre-existing psychiatric illness",FALSE
"29680",9,"Bipolar disorder, unspecified",1,"Pre-existing psychiatric illness",FALSE
"29689",9,"Other bipolar disorders",1,"Pre-existing psychiatric illness",FALSE
"2973",9,"Shared psychotic disorder",1,"Pre-existing psychiatric illness",FALSE
"2980",9,"Depressive type psychosis",1,"Pre-existing psychiatric illness",FALSE
"2981",9,"Excitative type psychosis",1,"Pre-existing psychiatric illness",FALSE
"2984",9,"Psychogenic paranoid psychosis",1,"Pre-existing psychiatric illness",FALSE
"2988",9,"Other and unspecified reactive psychosis",1,"Pre-existing psychiatric illness",FALSE
"2989",9,"Unspecified psychosis",1,"Pre-existing psychiatric illness",FALSE
"30300",9,"Acute alcoholic intoxication in alcoholism, unspecified",1,"Alcohol use / intoxication / withdrawal",FALSE
"30301",9,"Acute alcoholic intoxication in alcoholism, continuous",1,"Alcohol use / intoxication / withdrawal",FALSE
"30302",9,"Acute alcoholic intoxication in alcoholism, episodic",1,"Alcohol use / intoxication / withdrawal",FALSE
"30303",9,"Acute alcoholic intoxication in alcoholism, in remission",1,"Alcohol use / intoxication / withdrawal",FALSE
"30390",9,"Other and unspecified alcohol dependence, unspecified",1,"Alcohol use / intoxication / withdrawal",FALSE
"30391",9,"Other and unspecified alcohol dependence, continuous",1,"Alcohol use / intoxication / withdrawal",FALSE
"30392",9,"Other and unspecified alcohol dependence, episodic",1,"Alcohol use / intoxication / withdrawal",FALSE
"30393",9,"Other and unspecified alcohol dependence, in remission",1,"Alcohol use / intoxication / withdrawal",FALSE
"30400",9,"Opioid type dependence, unspecified",1,"Other substance use / drug intoxication",FALSE
"30401",9,"Opioid type dependence, continuous",1,"Other substance use / drug intoxication",FALSE
"30402",9,"Opioid type dependence, episodic",1,"Other substance use / drug intoxication",FALSE
"30403",9,"Opioid type dependence, in remission",1,"Other substance use / drug intoxication",FALSE
"30410",9,"Sedative, hypnotic or anxiolytic dependence, unspecified",1,"Other substance use / drug intoxication",FALSE
"30411",9,"Sedative, hypnotic or anxiolytic dependence, continuous",1,"Other substance use / drug intoxication",FALSE
"30412",9,"Sedative, hypnotic or anxiolytic dependence, episodic",1,"Other substance use / drug intoxication",FALSE
"30413",9,"Sedative, hypnotic or anxiolytic dependence, in remission",1,"Other substance use / drug intoxication",FALSE
"30420",9,"Cocaine dependence, unspecified",1,"Other substance use / drug intoxication",FALSE
"30421",9,"Cocaine dependence, continuous",1,"Other substance use / drug intoxication",FALSE
"30422",9,"Cocaine dependence, episodic",1,"Other substance use / drug intoxication",FALSE
"30423",9,"Cocaine dependence, in remission",1,"Other substance use / drug intoxication",FALSE
"30430",9,"Cannabis dependence, unspecified",1,"Other substance use / drug intoxication",FALSE
"30431",9,"Cannabis dependence, continuous",1,"Other substance use / drug intoxication",FALSE
"30432",9,"Cannabis dependence, episodic",1,"Other substance use / drug intoxication",FALSE
"30433",9,"Cannabis dependence, in remission",1,"Other substance use / drug intoxication",FALSE
"30440",9,"Amphetamine and other psychostimulant dependence, unspecified",1,"Other substance use / drug intoxication",FALSE
"30441",9,"Amphetamine and other psychostimulant dependence, continuous",1,"Other substance use / drug intoxication",FALSE
"30442",9,"Amphetamine and other psychostimulant dependence, episodic",1,"Other substance use / drug intoxication",FALSE
"30443",9,"Amphetamine and other psychostimulant dependence, in remission",1,"Other substance use / drug intoxication",FALSE
"30450",9,"Hallucinogen dependence, unspecified",1,"Other substance use / drug intoxication",FALSE
"30451",9,"Hallucinogen dependence, continuous",1,"Other substance use / drug intoxication",FALSE
"30452",9,"Hallucinogen dependence, episodic",1,"Other substance use / drug intoxication",FALSE
"30453",9,"Hallucinogen dependence, in remission",1,"Other substance use / drug intoxication",FALSE
"30470",9,"Combinations of opioid type drug with any other drug dependence, unspecified",1,"Other substance use / drug intoxication",FALSE
"30471",9,"Combinations of opioid type drug with any other drug dependence, continuous",1,"Other substance use / drug intoxication",FALSE
"30472",9,"Combinations of opioid type drug with any other drug dependence, episodic",1,"Other substance use / drug intoxication",FALSE
"30473",9,"Combinations of opioid type drug with any other drug dependence, in remission",1,"Other substance use / drug intoxication",FALSE
"30500",9,"Alcohol abuse, unspecified",1,"Alcohol use / intoxication / withdrawal",FALSE
"30501",9,"Alcohol abuse, continuous",1,"Alcohol use / intoxication / withdrawal",FALSE
"30502",9,"Alcohol abuse, episodic",1,"Alcohol use / intoxication / withdrawal",FALSE
"30503",9,"Alcohol abuse, in remission",1,"Alcohol use / intoxication / withdrawal",FALSE
"30520",9,"Cannabis abuse, unspecified",1,"Other substance use / drug intoxication",FALSE
"30521",9,"Cannabis abuse, continuous",1,"Other substance use / drug intoxication",FALSE
"30522",9,"Cannabis abuse, episodic",1,"Other substance use / drug intoxication",FALSE
"30523",9,"Cannabis abuse, in remission",1,"Other substance use / drug intoxication",FALSE
"30530",9,"Hallucinogen abuse, unspecified",1,"Other substance use / drug intoxication",FALSE
"30531",9,"Hallucinogen abuse, continuous",1,"Other substance use / drug intoxication",FALSE
"30532",9,"Hallucinogen abuse, episodic",1,"Other substance use / drug intoxication",FALSE
"30533",9,"Hallucinogen abuse, in remission",1,"Other substance use / drug intoxication",FALSE
"30540",9,"Sedative, hypnotic or anxiolytic abuse, unspecified",1,"Other substance use / drug intoxication",FALSE
"30541",9,"Sedative, hypnotic or anxiolytic abuse, continuous",1,"Other substance use / drug intoxication",FALSE
"30542",9,"Sedative, hypnotic or anxiolytic abuse, episodic",1,"Other substance use / drug intoxication",FALSE
"30543",9,"Sedative, hypnotic or anxiolytic abuse, in remission",1,"Other substance use / drug intoxication",FALSE
"30550",9,"Opioid abuse, unspecified",1,"Other substance use / drug intoxication",FALSE
"30551",9,"Opioid abuse, continuous",1,"Other substance use / drug intoxication",FALSE
"30552",9,"Opioid abuse, episodic",1,"Other substance use / drug intoxication",FALSE
"30553",9,"Opioid abuse, in remission",1,"Other substance use / drug intoxication",FALSE
"30560",9,"Cocaine abuse, unspecified",1,"Other substance use / drug intoxication",FALSE
"30561",9,"Cocaine abuse, continuous",1,"Other substance use / drug intoxication",FALSE
"30562",9,"Cocaine abuse, episodic",1,"Other substance use / drug intoxication",FALSE
"30563",9,"Cocaine abuse, in remission",1,"Other substance use / drug intoxication",FALSE
"30570",9,"Amphetamine or related acting sympathomimetic abuse, unspecified",1,"Other substance use / drug intoxication",FALSE
"30571",9,"Amphetamine or related acting sympathomimetic abuse, continuous",1,"Other substance use / drug intoxication",FALSE
"30572",9,"Amphetamine or related acting sympathomimetic abuse, episodic",1,"Other substance use / drug intoxication",FALSE
"30573",9,"Amphetamine or related acting sympathomimetic abuse, in remission",1,"Other substance use / drug intoxication",FALSE
"3102",9,"Postconcussion syndrome",1,"Traumatic brain injury",FALSE
"3200",9,"Hemophilus meningitis",1,"Meningitis / encephalitis / CNS infection",FALSE
"3201",9,"Pneumococcal meningitis",1,"Meningitis / encephalitis / CNS infection",FALSE
"3202",9,"Streptococcal meningitis",1,"Meningitis / encephalitis / CNS infection",FALSE
"3203",9,"Staphylococcal meningitis",1,"Meningitis / encephalitis / CNS infection",FALSE
"3207",9,"Meningitis in other bacterial diseases classified elsewhere",1,"Meningitis / encephalitis / CNS infection",FALSE
"32081",9,"Anaerobic meningitis",1,"Meningitis / encephalitis / CNS infection",FALSE
"32082",9,"Meningitis due to gram-negative bacteria, not elsewhere classified",1,"Meningitis / encephalitis / CNS infection",FALSE
"32089",9,"Meningitis due to other specified bacteria",1,"Meningitis / encephalitis / CNS infection",FALSE
"3209",9,"Meningitis due to unspecified bacterium",1,"Meningitis / encephalitis / CNS infection",FALSE
"3210",9,"Cryptococcal meningitis",1,"Meningitis / encephalitis / CNS infection",FALSE
"3211",9,"Meningitis in other fungal diseases",1,"Meningitis / encephalitis / CNS infection",FALSE
"3212",9,"Meningitis due to viruses not elsewhere classified",1,"Meningitis / encephalitis / CNS infection",FALSE
"3213",9,"Meningitis due to trypanosomiasis",1,"Meningitis / encephalitis / CNS infection",FALSE
"3214",9,"Meningitis in sarcoidosis",1,"Meningitis / encephalitis / CNS infection",FALSE
"3218",9,"Meningitis due to other nonbacterial organisms classified elsewhere",1,"Meningitis / encephalitis / CNS infection",FALSE
"3220",9,"Nonpyogenic meningitis",1,"Meningitis / encephalitis / CNS infection",FALSE
"3221",9,"Eosinophilic meningitis",1,"Meningitis / encephalitis / CNS infection",FALSE
"3222",9,"Chronic meningitis",1,"Meningitis / encephalitis / CNS infection",FALSE
"3229",9,"Meningitis, unspecified",1,"Meningitis / encephalitis / CNS infection",FALSE
"32301",9,"Encephalitis and encephalomyelitis in viral diseases classified elsewhere",1,"Meningitis / encephalitis / CNS infection",FALSE
"3231",9,"Encephalitis, myelitis, and encephalomyelitis in rickettsial diseases classified elsewhere",1,"Meningitis / encephalitis / CNS infection",FALSE
"3232",9,"Encephalitis, myelitis, and encephalomyelitis in protozoal diseases classified elsewhere",1,"Meningitis / encephalitis / CNS infection",FALSE
"32341",9,"Other encephalitis and encephalomyelitis due to other infections classified elsewhere",1,"Meningitis / encephalitis / CNS infection",FALSE
"32351",9,"Encephalitis and encephalomyelitis following immunization procedures",1,"Meningitis / encephalitis / CNS infection",FALSE
"32361",9,"Infectious acute disseminated encephalomyelitis (ADEM)",1,"Meningitis / encephalitis / CNS infection",FALSE
"32362",9,"Other postinfectious encephalitis and encephalomyelitis",1,"Meningitis / encephalitis / CNS infection",FALSE
"32371",9,"Toxic encephalitis and encephalomyelitis",1,"Meningitis / encephalitis / CNS infection",FALSE
"32381",9,"Other causes of encephalitis and encephalomyelitis",1,"Meningitis / encephalitis / CNS infection",FALSE
"3239",9,"Unspecified causes of encephalitis, myelitis, and encephalomyelitis",1,"Meningitis / encephalitis / CNS infection",FALSE
"3240",9,"Intracranial abscess",1,"Meningitis / encephalitis / CNS infection",FALSE
"3241",9,"Intraspinal abscess",1,"Meningitis / encephalitis / CNS infection",FALSE
"3249",9,"Intracranial and intraspinal abscess of unspecified site",1,"Meningitis / encephalitis / CNS infection",FALSE
"326",9,"Late effects of intracranial abscess or pyogenic infection",1,"Meningitis / encephalitis / CNS infection",FALSE
"3310",9,"Alzheimer's disease",1,"Dementia / Alzheimer / neurodegenerative",FALSE
"33119",9,"Other frontotemporal dementia",1,"Dementia / Alzheimer / neurodegenerative",FALSE
"33182",9,"Dementia with lewy bodies",1,"Dementia / Alzheimer / neurodegenerative",FALSE
"3321",9,"Secondary parkinsonism",1,"Dementia / Alzheimer / neurodegenerative",FALSE
"3334",9,"Huntington's chorea",1,"Dementia / Alzheimer / neurodegenerative",FALSE
"33520",9,"Amyotrophic lateral sclerosis",1,"Dementia / Alzheimer / neurodegenerative",FALSE
"340",9,"Multiple sclerosis",1,"Dementia / Alzheimer / neurodegenerative",FALSE
"34500",9,"Generalized nonconvulsive epilepsy, without mention of intractable epilepsy",1,"Status epilepticus / epilepsy / seizure",TRUE
"34501",9,"Generalized nonconvulsive epilepsy, with intractable epilepsy",1,"Status epilepticus / epilepsy / seizure",FALSE
"34510",9,"Generalized convulsive epilepsy, without mention of intractable epilepsy",1,"Status epilepticus / epilepsy / seizure",TRUE
"34511",9,"Generalized convulsive epilepsy, with intractable epilepsy",1,"Status epilepticus / epilepsy / seizure",FALSE
"34540",9,"Localization-related (focal) (partial) epilepsy and epileptic syndromes with complex partial seizures, without mention of intractable epilepsy",1,"Status epilepticus / epilepsy / seizure",TRUE
"34541",9,"Localization-related (focal) (partial) epilepsy and epileptic syndromes with complex partial seizures, with intractable epilepsy",1,"Status epilepticus / epilepsy / seizure",FALSE
"34550",9,"Localization-related (focal) (partial) epilepsy and epileptic syndromes with simple partial seizures, without mention of intractable epilepsy",1,"Status epilepticus / epilepsy / seizure",TRUE
"34551",9,"Localization-related (focal) (partial) epilepsy and epileptic syndromes with simple partial seizures, with intractable epilepsy",1,"Status epilepticus / epilepsy / seizure",FALSE
"34560",9,"Infantile spasms, without mention of intractable epilepsy",1,"Status epilepticus / epilepsy / seizure",TRUE
"34561",9,"Infantile spasms, with intractable epilepsy",1,"Status epilepticus / epilepsy / seizure",FALSE
"34570",9,"Epilepsia partialis continua, without mention of intractable epilepsy",1,"Status epilepticus / epilepsy / seizure",TRUE
"34571",9,"Epilepsia partialis continua, with intractable epilepsy",1,"Status epilepticus / epilepsy / seizure",FALSE
"34580",9,"Other forms of epilepsy and recurrent seizures, without mention of intractable epilepsy",1,"Status epilepticus / epilepsy / seizure",TRUE
"34581",9,"Other forms of epilepsy and recurrent seizures, with intractable epilepsy",1,"Status epilepticus / epilepsy / seizure",FALSE
"34590",9,"Epilepsy, unspecified, without mention of intractable epilepsy",1,"Status epilepticus / epilepsy / seizure",TRUE
"34591",9,"Epilepsy, unspecified, with intractable epilepsy",1,"Status epilepticus / epilepsy / seizure",FALSE
"34650",9,"Persistent migraine aura without cerebral infarction, without mention of intractable migraine without mention of status migrainosus",1,"Stroke / cerebrovascular disease",TRUE
"34651",9,"Persistent migraine aura without cerebral infarction, with intractable migraine, so stated, without mention of status migrainosus",1,"Stroke / cerebrovascular disease",TRUE
"34652",9,"Persistent migraine aura without cerebral infarction, without mention of intractable migraine with status migrainosus",1,"Stroke / cerebrovascular disease",TRUE
"34653",9,"Persistent migraine aura without cerebral infarction, with intractable migraine, so stated, with status migrainosus",1,"Stroke / cerebrovascular disease",FALSE
"34660",9,"Persistent migraine aura with cerebral infarction, without mention of intractable migraine without mention of status migrainosus",1,"Stroke / cerebrovascular disease",TRUE
"34661",9,"Persistent migraine aura with cerebral infarction, with intractable migraine, so stated, without mention of status migrainosus",1,"Stroke / cerebrovascular disease",TRUE
"34662",9,"Persistent migraine aura with cerebral infarction, without mention of intractable migraine with status migrainosus",1,"Stroke / cerebrovascular disease",TRUE
"34663",9,"Persistent migraine aura with cerebral infarction, with intractable migraine, so stated, with status migrainosus",1,"Stroke / cerebrovascular disease",FALSE
"3481",9,"Anoxic brain damage",1,"Metabolic / toxic / other encephalopathy",FALSE
"34830",9,"Encephalopathy, unspecified",1,"Metabolic / toxic / other encephalopathy",FALSE
"34831",9,"Metabolic encephalopathy",1,"Metabolic / toxic / other encephalopathy",FALSE
"34839",9,"Other encephalopathy",1,"Metabolic / toxic / other encephalopathy",FALSE
"34982",9,"Toxic encephalopathy",1,"Metabolic / toxic / other encephalopathy",FALSE
"3575",9,"Alcoholic polyneuropathy",1,"Alcohol use / intoxication / withdrawal",FALSE
"4255",9,"Alcoholic cardiomyopathy",1,"Alcohol use / intoxication / withdrawal",FALSE
"430",9,"Subarachnoid hemorrhage",1,"Stroke / cerebrovascular disease",FALSE
"431",9,"Intracerebral hemorrhage",1,"Stroke / cerebrovascular disease",FALSE
"4320",9,"Nontraumatic extradural hemorrhage",1,"Stroke / cerebrovascular disease",FALSE
"43300",9,"Occlusion and stenosis of basilar artery without mention of cerebral infarction",1,"Stroke / cerebrovascular disease",TRUE
"43301",9,"Occlusion and stenosis of basilar artery with cerebral infarction",1,"Stroke / cerebrovascular disease",FALSE
"43310",9,"Occlusion and stenosis of carotid artery without mention of cerebral infarction",1,"Stroke / cerebrovascular disease",TRUE
"43311",9,"Occlusion and stenosis of carotid artery with cerebral infarction",1,"Stroke / cerebrovascular disease",FALSE
"43320",9,"Occlusion and stenosis of vertebral artery without mention of cerebral infarction",1,"Stroke / cerebrovascular disease",TRUE
"43321",9,"Occlusion and stenosis of vertebral artery with cerebral infarction",1,"Stroke / cerebrovascular disease",FALSE
"43330",9,"Occlusion and stenosis of multiple and bilateral precerebral arteries without mention of cerebral infarction",1,"Stroke / cerebrovascular disease",TRUE
"43331",9,"Occlusion and stenosis of multiple and bilateral precerebral arteries with cerebral infarction",1,"Stroke / cerebrovascular disease",FALSE
"43380",9,"Occlusion and stenosis of other specified precerebral artery without mention of cerebral infarction",1,"Stroke / cerebrovascular disease",TRUE
"43381",9,"Occlusion and stenosis of other specified precerebral artery with cerebral infarction",1,"Stroke / cerebrovascular disease",FALSE
"43390",9,"Occlusion and stenosis of unspecified precerebral artery without mention of cerebral infarction",1,"Stroke / cerebrovascular disease",TRUE
"43391",9,"Occlusion and stenosis of unspecified precerebral artery with cerebral infarction",1,"Stroke / cerebrovascular disease",FALSE
"43400",9,"Cerebral thrombosis without mention of cerebral infarction",1,"Stroke / cerebrovascular disease",TRUE
"43401",9,"Cerebral thrombosis with cerebral infarction",1,"Stroke / cerebrovascular disease",FALSE
"43410",9,"Cerebral embolism without mention of cerebral infarction",1,"Stroke / cerebrovascular disease",TRUE
"43411",9,"Cerebral embolism with cerebral infarction",1,"Stroke / cerebrovascular disease",FALSE
"43490",9,"Cerebral artery occlusion, unspecified without mention of cerebral infarction",1,"Stroke / cerebrovascular disease",TRUE
"43491",9,"Cerebral artery occlusion, unspecified with cerebral infarction",1,"Stroke / cerebrovascular disease",FALSE
"4358",9,"Other specified transient cerebral ischemias",1,"Stroke / cerebrovascular disease",FALSE
"4359",9,"Unspecified transient cerebral ischemia",1,"Stroke / cerebrovascular disease",FALSE
"436",9,"Acute, but ill-defined, cerebrovascular disease",1,"Stroke / cerebrovascular disease",FALSE
"4371",9,"Other generalized ischemic cerebrovascular disease",1,"Stroke / cerebrovascular disease",FALSE
"4372",9,"Hypertensive encephalopathy",1,"Hypertensive encephalopathy",FALSE
"4378",9,"Other ill-defined cerebrovascular disease",1,"Stroke / cerebrovascular disease",FALSE
"4379",9,"Unspecified cerebrovascular disease",1,"Stroke / cerebrovascular disease",FALSE
"4380",9,"Late effects of cerebrovascular disease, cognitive deficits",1,"Stroke / cerebrovascular disease",FALSE
"43810",9,"Late effects of cerebrovascular disease, speech and language deficit, unspecified",1,"Stroke / cerebrovascular disease",FALSE
"43811",9,"Late effects of cerebrovascular disease, aphasia",1,"Stroke / cerebrovascular disease",FALSE
"43812",9,"Late effects of cerebrovascular disease, dysphasia",1,"Stroke / cerebrovascular disease",FALSE
"43813",9,"Late effects of cerebrovascular disease, dysarthria",1,"Stroke / cerebrovascular disease",FALSE
"43814",9,"Late effects of cerebrovascular disease, fluency disorder",1,"Stroke / cerebrovascular disease",FALSE
"43819",9,"Late effects of cerebrovascular disease, other speech and language deficits",1,"Stroke / cerebrovascular disease",FALSE
"43820",9,"Late effects of cerebrovascular disease, hemiplegia affecting unspecified side",1,"Stroke / cerebrovascular disease",FALSE
"43821",9,"Late effects of cerebrovascular disease, hemiplegia affecting dominant side",1,"Stroke / cerebrovascular disease",FALSE
"43822",9,"Late effects of cerebrovascular disease, hemiplegia affecting nondominant side",1,"Stroke / cerebrovascular disease",FALSE
"43830",9,"Late effects of cerebrovascular disease, monoplegia of upper limb affecting unspecified side",1,"Stroke / cerebrovascular disease",FALSE
"43831",9,"Late effects of cerebrovascular disease, monoplegia of upper limb affecting dominant side",1,"Stroke / cerebrovascular disease",FALSE
"43832",9,"Late effects of cerebrovascular disease, monoplegia of upper limb affecting nondominant side",1,"Stroke / cerebrovascular disease",FALSE
"43840",9,"Late effects of cerebrovascular disease, monoplegia of lower limb affecting unspecified side",1,"Stroke / cerebrovascular disease",FALSE
"43841",9,"Late effects of cerebrovascular disease, monoplegia of lower limb affecting dominant side",1,"Stroke / cerebrovascular disease",FALSE
"43842",9,"Late effects of cerebrovascular disease, monoplegia of lower limb affecting nondominant side",1,"Stroke / cerebrovascular disease",FALSE
"43850",9,"Late effects of cerebrovascular disease, other paralytic syndrome affecting unspecified side",1,"Stroke / cerebrovascular disease",FALSE
"43851",9,"Late effects of cerebrovascular disease, other paralytic syndrome affecting dominant side",1,"Stroke / cerebrovascular disease",FALSE
"43852",9,"Late effects of cerebrovascular disease, other paralytic syndrome affecting nondominant side",1,"Stroke / cerebrovascular disease",FALSE
"43853",9,"Late effects of cerebrovascular disease, other paralytic syndrome, bilateral",1,"Stroke / cerebrovascular disease",FALSE
"4386",9,"Late effects of cerebrovascular disease, alterations of sensations",1,"Stroke / cerebrovascular disease",FALSE
"4387",9,"Late effects of cerebrovascular disease, disturbances of vision",1,"Stroke / cerebrovascular disease",FALSE
"43881",9,"Other late effects of cerebrovascular disease, apraxia",1,"Stroke / cerebrovascular disease",FALSE
"43882",9,"Other late effects of cerebrovascular disease, dysphagia",1,"Stroke / cerebrovascular disease",FALSE
"43883",9,"Other late effects of cerebrovascular disease, facial weakness",1,"Stroke / cerebrovascular disease",FALSE
"43884",9,"Other late effects of cerebrovascular disease, ataxia",1,"Stroke / cerebrovascular disease",FALSE
"43885",9,"Other late effects of cerebrovascular disease, vertigo",1,"Stroke / cerebrovascular disease",FALSE
"43889",9,"Other late effects of cerebrovascular disease",1,"Stroke / cerebrovascular disease",FALSE
"4389",9,"Unspecified late effects of cerebrovascular disease",1,"Stroke / cerebrovascular disease",FALSE
"53530",9,"Alcoholic gastritis, without mention of hemorrhage",1,"Alcohol use / intoxication / withdrawal",TRUE
"53531",9,"Alcoholic gastritis, with hemorrhage",1,"Alcohol use / intoxication / withdrawal",FALSE
"5710",9,"Alcoholic fatty liver",1,"Alcohol use / intoxication / withdrawal",FALSE
"5711",9,"Acute alcoholic hepatitis",1,"Alcohol use / intoxication / withdrawal",FALSE
"5712",9,"Alcoholic cirrhosis of liver",1,"Alcohol use / intoxication / withdrawal",FALSE
"5713",9,"Alcoholic liver damage, unspecified",1,"Alcohol use / intoxication / withdrawal",FALSE
"5718",9,"Other chronic nonalcoholic liver disease",1,"Alcohol use / intoxication / withdrawal",FALSE
"5722",9,"Hepatic encephalopathy",1,"Hepatic encephalopathy / failure",FALSE
"64940",9,"Epilepsy complicating pregnancy, childbirth, or the puerperium, unspecified as to episode of care or not applicable",1,"Status epilepticus / epilepsy / seizure",FALSE
"64941",9,"Epilepsy complicating pregnancy, childbirth, or the puerperium, delivered, with or without mention of antepartum condition",1,"Status epilepticus / epilepsy / seizure",TRUE
"64942",9,"Epilepsy complicating pregnancy, childbirth, or the puerperium, delivered, with mention of postpartum complication",1,"Status epilepticus / epilepsy / seizure",FALSE
"64943",9,"Epilepsy complicating pregnancy, childbirth, or the puerperium, antepartum condition or complication",1,"Status epilepticus / epilepsy / seizure",FALSE
"64944",9,"Epilepsy complicating pregnancy, childbirth, or the puerperium, postpartum condition or complication",1,"Status epilepticus / epilepsy / seizure",FALSE
"67400",9,"Cerebrovascular disorders in the puerperium, unspecified as to episode of care or not applicable",1,"Stroke / cerebrovascular disease",FALSE
"67401",9,"Cerebrovascular disorders in the puerperium, delivered, with or without mention of antepartum condition",1,"Stroke / cerebrovascular disease",TRUE
"67402",9,"Cerebrovascular disorders in the puerperium, delivered, with mention of postpartum complication",1,"Stroke / cerebrovascular disease",FALSE
"67403",9,"Cerebrovascular disorders in the puerperium, antepartum condition or complication",1,"Stroke / cerebrovascular disease",FALSE
"67404",9,"Cerebrovascular disorders in the puerperium, postpartum condition or complication",1,"Stroke / cerebrovascular disease",FALSE
"74781",9,"Anomalies of cerebrovascular system",1,"Stroke / cerebrovascular disease",FALSE
"76077",9,"Anticonvulsants affecting fetus or newborn via placenta or breast milk",1,"Status epilepticus / epilepsy / seizure",FALSE
"76870",9,"Hypoxic-ischemic encephalopathy, unspecified",1,"Metabolic / toxic / other encephalopathy",FALSE
"7722",9,"Subarachnoid hemorrhage of fetus or newborn",1,"Stroke / cerebrovascular disease",FALSE
"7790",9,"Convulsions in newborn",1,"Status epilepticus / epilepsy / seizure",FALSE
"7794",9,"Drug reactions and intoxications specific to newborn",1,"Other substance use / drug intoxication",FALSE
"78031",9,"Febrile convulsions (simple), unspecified",1,"Status epilepticus / epilepsy / seizure",FALSE
"78032",9,"Complex febrile convulsions",1,"Status epilepticus / epilepsy / seizure",FALSE
"78033",9,"Post traumatic seizures",1,"Status epilepticus / epilepsy / seizure",FALSE
"78039",9,"Other convulsions",1,"Status epilepticus / epilepsy / seizure",FALSE
"797",9,"Senility without mention of psychosis",1,"Pre-existing psychiatric illness",TRUE
"80000",9,"Closed fracture of vault of skull without mention of intracranial injury, unspecified state of consciousness",1,"Traumatic brain injury",TRUE
"80001",9,"Closed fracture of vault of skull without mention of intracranial injury, with no loss of consciousness",1,"Traumatic brain injury",TRUE
"80002",9,"Closed fracture of vault of skull without mention of intracranial injury, with brief [less than one hour] loss of consciousness",1,"Traumatic brain injury",TRUE
"80003",9,"Closed fracture of vault of skull without mention of intracranial injury, with moderate [1-24 hours] loss of consciousness",1,"Traumatic brain injury",TRUE
"80004",9,"Closed fracture of vault of skull without mention of intracranial injury, with prolonged [more than 24 hours] loss of consciousness and return to pre-existing conscious level",1,"Traumatic brain injury",TRUE
"80005",9,"Closed fracture of vault of skull without mention of intracranial injury, with prolonged [more than 24 hours] loss of consciousness, without return to pre-existing conscious level",1,"Traumatic brain injury",TRUE
"80006",9,"Closed fracture of vault of skull without mention of intracranial injury, with loss of consciousness of unspecified duration",1,"Traumatic brain injury",TRUE
"80009",9,"Closed fracture of vault of skull without mention of intracranial injury, with concussion, unspecified",1,"Traumatic brain injury",TRUE
"80010",9,"Closed fracture of vault of skull with cerebral laceration and contusion, unspecified state of consciousness",1,"Traumatic brain injury",FALSE
"80011",9,"Closed fracture of vault of skull with cerebral laceration and contusion, with no loss of consciousness",1,"Traumatic brain injury",FALSE
"80012",9,"Closed fracture of vault of skull with cerebral laceration and contusion, with brief [less than one hour] loss of consciousness",1,"Traumatic brain injury",FALSE
"80013",9,"Closed fracture of vault of skull with cerebral laceration and contusion, with moderate [1-24 hours] loss of consciousness",1,"Traumatic brain injury",FALSE
"80014",9,"Closed fracture of vault of skull with cerebral laceration and contusion, with prolonged [more than 24 hours] loss of consciousness and return to pre-existing conscious level",1,"Traumatic brain injury",FALSE
"80015",9,"Closed fracture of vault of skull with cerebral laceration and contusion, with prolonged [more than 24 hours] loss of consciousness, without return to pre-existing conscious level",1,"Traumatic brain injury",FALSE
"80016",9,"Closed fracture of vault of skull with cerebral laceration and contusion, with loss of consciousness of unspecified duration",1,"Traumatic brain injury",FALSE
"80019",9,"Closed fracture of vault of skull with cerebral laceration and contusion, with concussion, unspecified",1,"Traumatic brain injury",FALSE
"80029",9,"Closed fracture of vault of skull with subarachnoid, subdural, and extradural hemorrhage, with concussion, unspecified",1,"Traumatic brain injury",FALSE
"80039",9,"Closed fracture of vault of skull with other and unspecified intracranial hemorrhage, with concussion, unspecified",1,"Traumatic brain injury",FALSE
"80040",9,"Closed fracture of vault of skull with intracranial injury of other and unspecified nature, unspecified state of consciousness",1,"Traumatic brain injury",FALSE
"80041",9,"Closed fracture of vault of skull with intracranial injury of other and unspecified nature, with no loss of consciousness",1,"Traumatic brain injury",FALSE
"80042",9,"Closed fracture of vault of skull with intracranial injury of other and unspecified nature, with brief [less than one hour] loss of consciousness",1,"Traumatic brain injury",FALSE
"80043",9,"Closed fracture of vault of skull with intracranial injury of other and unspecified nature, with moderate [1-24 hours] loss of consciousness",1,"Traumatic brain injury",FALSE
"80044",9,"Closed fracture of vault of skull with intracranial injury of other and unspecified nature, with prolonged [more than 24 hours] loss of consciousness and return to pre-existing conscious level",1,"Traumatic brain injury",FALSE
"80045",9,"Closed fracture of vault of skull with intracranial injury of other and unspecified nature, with prolonged [more than 24 hours] loss of consciousness, without return to pre-existing conscious level",1,"Traumatic brain injury",FALSE
"80046",9,"Closed fracture of vault of skull with intracranial injury of other and unspecified nature, with loss of consciousness of unspecified duration",1,"Traumatic brain injury",FALSE
"80049",9,"Closed fracture of vault of skull with intracranial injury of other and unspecified nature, with concussion, unspecified",1,"Traumatic brain injury",FALSE
"80050",9,"Open fracture of vault of skull without mention of intracranial injury, unspecified state of consciousness",1,"Traumatic brain injury",TRUE
"80051",9,"Open fracture of vault of skull without mention of intracranial injury, with no loss of consciousness",1,"Traumatic brain injury",TRUE
"80052",9,"Open fracture of vault of skull without mention of intracranial injury, with brief [less than one hour] loss of consciousness",1,"Traumatic brain injury",TRUE
"80053",9,"Open fracture of vault of skull without mention of intracranial injury, with moderate [1-24 hours] loss of consciousness",1,"Traumatic brain injury",TRUE
"80054",9,"Open fracture of vault of skull without mention of intracranial injury, with prolonged [more than 24 hours] loss of consciousness and return to pre-existing conscious level",1,"Traumatic brain injury",TRUE
"80055",9,"Open fracture of vault of skull without mention of intracranial injury, with prolonged [more than 24 hours] loss of consciousness, without return to pre-existing conscious level",1,"Traumatic brain injury",TRUE
"80056",9,"Open fracture of vault of skull without mention of intracranial injury, with loss of consciousness of unspecified duration",1,"Traumatic brain injury",TRUE
"80059",9,"Open fracture of vault of skull without mention of intracranial injury, with concussion, unspecified",1,"Traumatic brain injury",TRUE
"80060",9,"Open fracture of vault of skull with cerebral laceration and contusion, unspecified state of consciousness",1,"Traumatic brain injury",FALSE
"80061",9,"Open fracture of vault of skull with cerebral laceration and contusion, with no loss of consciousness",1,"Traumatic brain injury",FALSE
"80062",9,"Open fracture of vault of skull with cerebral laceration and contusion, with brief [less than one hour] loss of consciousness",1,"Traumatic brain injury",FALSE
"80063",9,"Open fracture of vault of skull with cerebral laceration and contusion, with moderate [1-24 hours] loss of consciousness",1,"Traumatic brain injury",FALSE
"80064",9,"Open fracture of vault of skull with cerebral laceration and contusion, with prolonged [more than 24 hours] loss of consciousness and return to pre-existing conscious level",1,"Traumatic brain injury",FALSE
"80065",9,"Open fracture of vault of skull with cerebral laceration and contusion, with prolonged [more than 24 hours] loss of consciousness, without return to pre-existing conscious level",1,"Traumatic brain injury",FALSE
"80066",9,"Open fracture of vault of skull with cerebral laceration and contusion, with loss of consciousness of unspecified duration",1,"Traumatic brain injury",FALSE
"80069",9,"Open fracture of vault of skull with cerebral laceration and contusion, with concussion, unspecified",1,"Traumatic brain injury",FALSE
"80079",9,"Open fracture of vault of skull with subarachnoid, subdural, and extradural hemorrhage, with concussion, unspecified",1,"Traumatic brain injury",FALSE
"80089",9,"Open fracture of vault of skull with other and unspecified intracranial hemorrhage, with concussion, unspecified",1,"Traumatic brain injury",FALSE
"80090",9,"Open fracture of vault of skull with intracranial injury of other and unspecified nature, unspecified state of consciousness",1,"Traumatic brain injury",FALSE
"80091",9,"Open fracture of vault of skull with intracranial injury of other and unspecified nature, with no loss of consciousness",1,"Traumatic brain injury",FALSE
"80092",9,"Open fracture of vault of skull with intracranial injury of other and unspecified nature, with brief [less than one hour] loss of consciousness",1,"Traumatic brain injury",FALSE
"80093",9,"Open fracture of vault of skull with intracranial injury of other and unspecified nature, with moderate [1-24 hours] loss of consciousness",1,"Traumatic brain injury",FALSE
"80094",9,"Open fracture of vault of skull with intracranial injury of other and unspecified nature, with prolonged [more than 24 hours] loss of consciousness and return to pre-existing conscious level",1,"Traumatic brain injury",FALSE
"80095",9,"Open fracture of vault of skull with intracranial injury of other and unspecified nature, with prolonged [more than 24 hours] loss of consciousness, without return to pre-existing conscious level",1,"Traumatic brain injury",FALSE
"80096",9,"Open fracture of vault of skull with intracranial injury of other and unspecified nature, with loss of consciousness of unspecified duration",1,"Traumatic brain injury",FALSE
"80099",9,"Open fracture of vault of skull with intracranial injury of other and unspecified nature, with concussion, unspecified",1,"Traumatic brain injury",FALSE
"80109",9,"Closed fracture of base of skull without mention of intra cranial injury, with concussion, unspecified",1,"Traumatic brain injury",TRUE
"80110",9,"Closed fracture of base of skull with cerebral laceration and contusion, unspecified state of consciousness",1,"Traumatic brain injury",FALSE
"80111",9,"Closed fracture of base of skull with cerebral laceration and contusion, with no loss of consciousness",1,"Traumatic brain injury",FALSE
"80112",9,"Closed fracture of base of skull with cerebral laceration and contusion, with brief [less than one hour] loss of consciousness",1,"Traumatic brain injury",FALSE
"80113",9,"Closed fracture of base of skull with cerebral laceration and contusion, with moderate [1-24 hours] loss of consciousness",1,"Traumatic brain injury",FALSE
"80114",9,"Closed fracture of base of skull with cerebral laceration and contusion, with prolonged [more than 24 hours] loss of consciousness and return to pre-existing conscious level",1,"Traumatic brain injury",FALSE
"80115",9,"Closed fracture of base of skull with cerebral laceration and contusion, with prolonged [more than 24 hours] loss of consciousness, without return to pre-existing conscious level",1,"Traumatic brain injury",FALSE
"80116",9,"Closed fracture of base of skull with cerebral laceration and contusion, with loss of consciousness of unspecified duration",1,"Traumatic brain injury",FALSE
"80119",9,"Closed fracture of base of skull with cerebral laceration and contusion, with concussion, unspecified",1,"Traumatic brain injury",FALSE
"80129",9,"Closed fracture of base of skull with subarachnoid, subdural, and extradural hemorrhage, with concussion, unspecified",1,"Traumatic brain injury",FALSE
"80139",9,"Closed fracture of base of skull with other and unspecified intracranial hemorrhage, with concussion, unspecified",1,"Traumatic brain injury",FALSE
"80140",9,"Closed fracture of base of skull with intracranial injury of other and unspecified nature, unspecified state of consciousness",1,"Traumatic brain injury",FALSE
"80141",9,"Closed fracture of base of skull with intracranial injury of other and unspecified nature, with no loss of consciousness",1,"Traumatic brain injury",FALSE
"80142",9,"Closed fracture of base of skull with intracranial injury of other and unspecified nature, with brief [less than one hour] loss of consciousness",1,"Traumatic brain injury",FALSE
"80143",9,"Closed fracture of base of skull with intracranial injury of other and unspecified nature, with moderate [1-24 hours] loss of consciousness",1,"Traumatic brain injury",FALSE
"80144",9,"Closed fracture of base of skull with intracranial injury of other and unspecified nature, with prolonged [more than 24 hours) loss of consciousness and return to pre-existing conscious level",1,"Traumatic brain injury",FALSE
"80145",9,"Closed fracture of base of skull with intracranial injury of other and unspecified nature, with prolonged [more than 24 hours] loss of consciousness, without return to pre-existing conscious level",1,"Traumatic brain injury",FALSE
"80146",9,"Closed fracture of base of skull with intracranial injury of other and unspecified nature, with loss of consciousness of unspecified duration",1,"Traumatic brain injury",FALSE
"80149",9,"Closed fracture of base of skull with intracranial injury of other and unspecified nature, with concussion, unspecified",1,"Traumatic brain injury",FALSE
"80150",9,"Open fracture of base of skull without mention of intracranial injury, unspecified state of consciousness",1,"Traumatic brain injury",TRUE
"80151",9,"Open fracture of base of skull without mention of intracranial injury, with no loss of consciousness",1,"Traumatic brain injury",TRUE
"80152",9,"Open fracture of base of skull without mention of intracranial injury, with brief [less than one hour] loss of consciousness",1,"Traumatic brain injury",TRUE
"80153",9,"Open fracture of base of skull without mention of intracranial injury, with moderate [1-24 hours] loss of consciousness",1,"Traumatic brain injury",TRUE
"80154",9,"Open fracture of base of skull without mention of intracranial injury, with prolonged [more than 24 hours] loss of consciousness and return to pre-existing conscious level",1,"Traumatic brain injury",TRUE
"80155",9,"Open fracture of base of skull without mention of intracranial injury, with prolonged [more than 24 hours] loss of consciousness, without return to pre-existing conscious level",1,"Traumatic brain injury",TRUE
"80156",9,"Open fracture of base of skull without mention of intracranial injury, with loss of consciousness of unspecified duration",1,"Traumatic brain injury",TRUE
"80159",9,"Open fracture of base of skull without mention of intracranial injury, with concussion, unspecified",1,"Traumatic brain injury",TRUE
"80160",9,"Open fracture of base of skull with cerebral laceration and contusion, unspecified state of consciousness",1,"Traumatic brain injury",FALSE
"80161",9,"Open fracture of base of skull with cerebral laceration and contusion, with no loss of consciousness",1,"Traumatic brain injury",FALSE
"80162",9,"Open fracture of base of skull with cerebral laceration and contusion, with brief [less than one hour] loss of consciousness",1,"Traumatic brain injury",FALSE
"80163",9,"Open fracture of base of skull with cerebral laceration and contusion, with moderate [1-24 hours] loss of consciousness",1,"Traumatic brain injury",FALSE
"80164",9,"Open fracture of base of skull with cerebral laceration and contusion, with prolonged [more than 24 hours] loss of consciousness and return to pre-existing conscious level",1,"Traumatic brain injury",FALSE
"80165",9,"Open fracture of base of skull with cerebral laceration and contusion, with prolonged [more than 24 hours] loss of consciousness, without return to pre-existing conscious level",1,"Traumatic brain injury",FALSE
"80166",9,"Open fracture of base of skull with cerebral laceration and contusion, with loss of consciousness of unspecified duration",1,"Traumatic brain injury",FALSE
"80169",9,"Open fracture of base of skull with cerebral laceration and contusion, with concussion, unspecified",1,"Traumatic brain injury",FALSE
"80179",9,"Open fracture of base of skull with subarachnoid, subdural, and extradural hemorrhage, with concussion, unspecified",1,"Traumatic brain injury",FALSE
"80189",9,"Open fracture of base of skull with other and unspecified intracranial hemorrhage, with concussion, unspecified",1,"Traumatic brain injury",FALSE
"80190",9,"Open fracture of base of skull with intracranial injury of other and unspecified nature, unspecified state of consciousness",1,"Traumatic brain injury",FALSE
"80191",9,"Open fracture of base of skull with intracranial injury of other and unspecified nature, with no loss of consciousness",1,"Traumatic brain injury",FALSE
"80192",9,"Open fracture of base of skull with intracranial injury of other and unspecified nature, with brief [less than one hour] loss of consciousness",1,"Traumatic brain injury",FALSE
"80193",9,"Open fracture of base of skull with intracranial injury of other and unspecified nature, with moderate [1-24 hours] loss of consciousness",1,"Traumatic brain injury",FALSE
"80194",9,"Open fracture of base of skull with intracranial injury of other and unspecified nature, with prolonged [more than 24 hours] loss of consciousness and return to pre-existing conscious level",1,"Traumatic brain injury",FALSE
"80195",9,"Open fracture of base of skull with intracranial injury of other and unspecified nature, with prolonged [more than 24 hours] loss of consciousness, without return to pre-existing conscious level",1,"Traumatic brain injury",FALSE
"80196",9,"Open fracture of base of skull with intracranial injury of other and unspecified nature, with loss of consciousness of unspecified duration",1,"Traumatic brain injury",FALSE
"80199",9,"Open fracture of base of skull with intracranial injury of other and unspecified nature, with concussion, unspecified",1,"Traumatic brain injury",FALSE
"80300",9,"Other closed skull fracture without mention of intracranial injury, unspecified state of consciousness",1,"Traumatic brain injury",TRUE
"80301",9,"Other closed skull fracture without mention of intracranial injury, with no loss of consciousness",1,"Traumatic brain injury",TRUE
"80302",9,"Other closed skull fracture without mention of intracranial injury, with brief [less than one hour] loss of consciousness",1,"Traumatic brain injury",TRUE
"80303",9,"Other closed skull fracture without mention of intracranial injury, with moderate [1-24 hours] loss of consciousness",1,"Traumatic brain injury",TRUE
"80304",9,"Other closed skull fracture without mention of intracranial injury, with prolonged [more than 24 hours] loss of consciousness and return to pre-existing conscious level",1,"Traumatic brain injury",TRUE
"80305",9,"Other closed skull fracture without mention of intracranial injury, with prolonged [more than 24 hours] loss of consciousness, without return to pre-existing conscious level",1,"Traumatic brain injury",TRUE
"80306",9,"Other closed skull fracture without mention of intracranial injury, with loss of consciousness of unspecified duration",1,"Traumatic brain injury",TRUE
"80309",9,"Other closed skull fracture without mention of intracranial injury, with concussion, unspecified",1,"Traumatic brain injury",TRUE
"80310",9,"Other closed skull fracture with cerebral laceration and contusion, unspecified state of consciousness",1,"Traumatic brain injury",FALSE
"80311",9,"Other closed skull fracture with cerebral laceration and contusion, with no loss of consciousness",1,"Traumatic brain injury",FALSE
"80312",9,"Other closed skull fracture with cerebral laceration and contusion, with brief [less than one hour] loss of consciousness",1,"Traumatic brain injury",FALSE
"80313",9,"Other closed skull fracture with cerebral laceration and contusion, with moderate [1-24 hours] loss of consciousness",1,"Traumatic brain injury",FALSE
"80314",9,"Other closed skull fracture with cerebral laceration and contusion, with prolonged [more than 24 hours] loss of consciousness and return to pre-existing conscious level",1,"Traumatic brain injury",FALSE
"80315",9,"Other closed skull fracture with cerebral laceration and contusion, with prolonged [more than 24 hours] loss of consciousness, without return to pre-existing conscious level",1,"Traumatic brain injury",FALSE
"80316",9,"Other closed skull fracture with cerebral laceration and contusion, with loss of consciousness of unspecified duration",1,"Traumatic brain injury",FALSE
"80319",9,"Other closed skull fracture with cerebral laceration and contusion, with concussion, unspecified",1,"Traumatic brain injury",FALSE
"80329",9,"Other closed skull fracture with subarachnoid, subdural, and extradural hemorrhage, with concussion, unspecified",1,"Traumatic brain injury",FALSE
"80339",9,"Other closed skull fracture with other and unspecified intracranial hemorrhage, with concussion, unspecified",1,"Traumatic brain injury",FALSE
"80340",9,"Other closed skull fracture with intracranial injury of other and unspecified nature, unspecified state of consciousness",1,"Traumatic brain injury",FALSE
"80341",9,"Other closed skull fracture with intracranial injury of other and unspecified nature, with no loss of consciousness",1,"Traumatic brain injury",FALSE
"80342",9,"Other closed skull fracture with intracranial injury of other and unspecified nature, with brief [less than one hour] loss of consciousness",1,"Traumatic brain injury",FALSE
"80343",9,"Other closed skull fracture with intracranial injury of other and unspecified nature, with moderate [1-24 hours] loss of consciousness",1,"Traumatic brain injury",FALSE
"80344",9,"Other closed skull fracture with intracranial injury of other and unspecified nature, with prolonged [more than 24 hours] loss of consciousness and return to pre-existing conscious level",1,"Traumatic brain injury",FALSE
"80345",9,"Other closed skull fracture with intracranial injury of other and unspecified nature, with prolonged [more than 24 hours] loss of consciousness, without return to pre-existing conscious level",1,"Traumatic brain injury",FALSE
"80346",9,"Other closed skull fracture with intracranial injury of other and unspecified nature, with loss of consciousness of unspecified duration",1,"Traumatic brain injury",FALSE
"80349",9,"Other closed skull fracture with intracranial injury of other and unspecified nature, with concussion, unspecified",1,"Traumatic brain injury",FALSE
"80351",9,"Other open skull fracture without mention of intracranial injury, with no loss of consciousness",1,"Traumatic brain injury",TRUE
"80352",9,"Other open skull fracture without mention of intracranial injury, with brief [less than one hour] loss of consciousness",1,"Traumatic brain injury",TRUE
"80353",9,"Other open skull fracture without mention of intracranial injury, with moderate [1-24 hours] loss of consciousness",1,"Traumatic brain injury",TRUE
"80354",9,"Other open skull fracture without mention of intracranial injury, with prolonged [more than 24 hours] loss of consciousness and return to pre-existing conscious level",1,"Traumatic brain injury",TRUE
"80355",9,"Other open skull fracture without mention of intracranial injury, with prolonged [more than 24 hours] loss of consciousness, without return to pre-existing conscious level",1,"Traumatic brain injury",TRUE
"80356",9,"Other open skull fracture without mention of intracranial injury, with loss of consciousness of unspecified duration",1,"Traumatic brain injury",TRUE
"80359",9,"Other open skull fracture without mention of intracranial injury, with concussion, unspecified",1,"Traumatic brain injury",TRUE
"80360",9,"Other open skull fracture with cerebral laceration and contusion, unspecified state of consciousness",1,"Traumatic brain injury",FALSE
"80361",9,"Other open skull fracture with cerebral laceration and contusion, with no loss of consciousness",1,"Traumatic brain injury",FALSE
"80362",9,"Other open skull fracture with cerebral laceration and contusion, with brief [less than one hour] loss of consciousness",1,"Traumatic brain injury",FALSE
"80363",9,"Other open skull fracture with cerebral laceration and contusion, with moderate [1-24 hours] loss of consciousness",1,"Traumatic brain injury",FALSE
"80364",9,"Other open skull fracture with cerebral laceration and contusion, with prolonged [more than 24 hours] loss of consciousness and return to pre-existing conscious level",1,"Traumatic brain injury",FALSE
"80365",9,"Other open skull fracture with cerebral laceration and contusion, with prolonged [more than 24 hours] loss of consciousness, without return to pre-existing conscious level",1,"Traumatic brain injury",FALSE
"80366",9,"Other open skull fracture with cerebral laceration and contusion, with loss of consciousness of unspecified duration",1,"Traumatic brain injury",FALSE
"80369",9,"Other open skull fracture with cerebral laceration and contusion, with concussion, unspecified",1,"Traumatic brain injury",FALSE
"80379",9,"Other open skull fracture with subarachnoid, subdural, and extradural hemorrhage, with concussion, unspecified",1,"Traumatic brain injury",FALSE
"80389",9,"Other open skull fracture with other and unspecified intracranial hemorrhage, with concussion, unspecified",1,"Traumatic brain injury",FALSE
"80390",9,"Other open skull fracture with intracranial injury of other and unspecified nature, unspecified state of consciousness",1,"Traumatic brain injury",FALSE
"80391",9,"Other open skull fracture with intracranial injury of other and unspecified nature, with no loss of consciousness",1,"Traumatic brain injury",FALSE
"80392",9,"Other open skull fracture with intracranial injury of other and unspecified nature, with brief [less than one hour] loss of consciousness",1,"Traumatic brain injury",FALSE
"80393",9,"Other open skull fracture with intracranial injury of other and unspecified nature, with moderate [1-24 hours] loss of consciousness",1,"Traumatic brain injury",FALSE
"80394",9,"Other open skull fracture with intracranial injury of other and unspecified nature, with prolonged [more than 24 hours] loss of consciousness and return to pre-existing conscious level",1,"Traumatic brain injury",FALSE
"80395",9,"Other open skull fracture with intracranial injury of other and unspecified nature, with prolonged [more than 24 hours] loss of consciousness, without return to pre-existing conscious level",1,"Traumatic brain injury",FALSE
"80396",9,"Other open skull fracture with intracranial injury of other and unspecified nature, with loss of consciousness of unspecified duration",1,"Traumatic brain injury",FALSE
"80399",9,"Other open skull fracture with intracranial injury of other and unspecified nature, with concussion, unspecified",1,"Traumatic brain injury",FALSE
"80400",9,"Closed fractures involving skull or face with other bones, without mention of intracranial injury, unspecified state of consciousness",1,"Traumatic brain injury",TRUE
"80401",9,"Closed fractures involving skull or face with other bones, without mention of intracranial injury, with no loss of consciousness",1,"Traumatic brain injury",TRUE
"80402",9,"Closed fractures involving skull or face with other bones, without mention of intracranial injury, with brief [less than one hour] loss of consciousness",1,"Traumatic brain injury",TRUE
"80403",9,"Closed fractures involving skull or face with other bones, without mention of intracranial injury, with moderate [1-24 hours] loss of consciousness",1,"Traumatic brain injury",TRUE
"80404",9,"Closed fractures involving skull or face with other bones, without mention or intracranial injury, with prolonged [more than 24 hours] loss of consciousness and return to pre-existing conscious level",1,"Traumatic brain injury",TRUE
"80405",9,"Closed fractures involving skull of face with other bones, without mention of intracranial injury, with prolonged [more than 24 hours] loss of consciousness, without return to pre-existing conscious level",1,"Traumatic brain injury",TRUE
"80406",9,"Closed fractures involving skull of face with other bones, without mention of intracranial injury, with loss of consciousness of unspecified duration",1,"Traumatic brain injury",TRUE
"80409",9,"Closed fractures involving skull of face with other bones, without mention of intracranial injury, with concussion, unspecified",1,"Traumatic brain injury",TRUE
"80410",9,"Closed fractures involving skull or face with other bones, with cerebral laceration and contusion, unspecified state of consciousness",1,"Traumatic brain injury",FALSE
"80411",9,"Closed fractures involving skull or face with other bones, with cerebral laceration and contusion, with no loss of consciousness",1,"Traumatic brain injury",FALSE
"80412",9,"Closed fractures involving skull or face with other bones, with cerebral laceration and contusion, with brief [less than one hour] loss of consciousness",1,"Traumatic brain injury",FALSE
"80413",9,"Closed fractures involving skull or face with other bones, with cerebral laceration and contusion, with moderate [1-24 hours] loss of consciousness",1,"Traumatic brain injury",FALSE
"80414",9,"Closed fractures involving skull or face with other bones, with cerebral laceration and contusion, with prolonged [more than 24 hours] loss of consciousness and return to pre-existing conscious level",1,"Traumatic brain injury",FALSE
"80415",9,"Closed fractures involving skull or face with other bones, with cerebral laceration and contusion, with prolonged [more than 24 hours] loss of consciousness, without return to pre-existing conscious level",1,"Traumatic brain injury",FALSE
"80416",9,"Closed fractures involving skull or face with other bones, with cerebral laceration and contusion, with loss of consciousness of unspecified duration",1,"Traumatic brain injury",FALSE
"80419",9,"Closed fractures involving skull or face with other bones, with cerebral laceration and contusion, with concussion, unspecified",1,"Traumatic brain injury",FALSE
"80429",9,"Closed fractures involving skull or face with other bones with subarachnoid, subdural, and extradural hemorrhage, with concussion, unspecified",1,"Traumatic brain injury",FALSE
"80439",9,"Closed fractures involving skull or face with other bones, with other and unspecified intracranial hemorrhage, with concussion, unspecified",1,"Traumatic brain injury",FALSE
"80440",9,"Closed fractures involving skull or face with other bones, with intracranial injury of other and unspecified nature, unspecified state of consciousness",1,"Traumatic brain injury",FALSE
"80441",9,"Closed fractures involving skull or face with other bones, with intracranial injury of other and unspecified nature, with no loss of consciousness",1,"Traumatic brain injury",FALSE
"80442",9,"Closed fractures involving skull or face with other bones, with intracranial injury of other and unspecified nature, with brief [less than one hour] loss of consciousness",1,"Traumatic brain injury",FALSE
"80443",9,"Closed fractures involving skull or face with other bones, with intracranial injury of other and unspecified nature, with moderate [1-24 hours] loss of consciousness",1,"Traumatic brain injury",FALSE
"80444",9,"Closed fractures involving skull or face with other bones, with intracranial injury of other and unspecified nature, with prolonged [more than 24 hours] loss of consciousness and return to pre-existing conscious level",1,"Traumatic brain injury",FALSE
"80445",9,"Closed fractures involving skull or face with other bones, with intracranial injury of other and unspecified nature, with prolonged [more than 24 hours] loss of consciousness, without return to pre-existing conscious level",1,"Traumatic brain injury",FALSE
"80446",9,"Closed fractures involving skull or face with other bones, with intracranial injury of other and unspecified nature, with loss of consciousness of unspecified duration",1,"Traumatic brain injury",FALSE
"80449",9,"Closed fractures involving skull or face with other bones, with intracranial injury of other and unspecified nature, with concussion, unspecified",1,"Traumatic brain injury",FALSE
"80450",9,"Open fractures involving skull or face with other bones, without mention of intracranial injury, unspecified state of consciousness",1,"Traumatic brain injury",TRUE
"80451",9,"Open fractures involving skull or face with other bones, without mention of intracranial injury, with no loss of consciousness",1,"Traumatic brain injury",TRUE
"80452",9,"Open fractures involving skull or face with other bones, without mention of intracranial injury, with brief [less than one hour] loss of consciousness",1,"Traumatic brain injury",TRUE
"80453",9,"Open fractures involving skull or face with other bones, without mention of intracranial injury, with moderate [1-24 hours] loss of consciousness",1,"Traumatic brain injury",TRUE
"80454",9,"Open fractures involving skull or face with other bones, without mention of intracranial injury, with prolonged [more than 24 hours] loss of consciousness and return to pre-existing conscious level",1,"Traumatic brain injury",TRUE
"80455",9,"Open fractures involving skull or face with other bones, without mention of intracranial injury, with prolonged [more than 24 hours] loss of consciousness, without return to pre-existing conscious level",1,"Traumatic brain injury",TRUE
"80456",9,"Open fractures involving skull or face with other bones, without mention of intracranial injury, with loss of consciousness of unspecified duration",1,"Traumatic brain injury",TRUE
"80459",9,"Open fractures involving skull or face with other bones, without mention of intracranial injury, with concussion, unspecified",1,"Traumatic brain injury",TRUE
"80460",9,"Open fractures involving skull or face with other bones, with cerebral laceration and contusion, unspecified state of consciousness",1,"Traumatic brain injury",FALSE
"80461",9,"Open fractures involving skull or face with other bones, with cerebral laceration and contusion, with no loss of consciousness",1,"Traumatic brain injury",FALSE
"80462",9,"Open fractures involving skull or face with other bones, with cerebral laceration and contusion, with brief [less than one hour] loss of consciousness",1,"Traumatic brain injury",FALSE
"80463",9,"Open fractures involving skull or face with other bones, with cerebral laceration and contusion, with moderate [1-24 hours] loss of consciousness",1,"Traumatic brain injury",FALSE
"80464",9,"Open fractures involving skull or face with other bones, with cerebral laceration and contusion, with prolonged [more than 24 hours] loss of consciousness and return to pre-existing conscious level",1,"Traumatic brain injury",FALSE
"80465",9,"Open fractures involving skull or face with other bones, with cerebral laceration and contusion, with prolonged [more than 24 hours] loss of consciousness, without return to pre-existing conscious level",1,"Traumatic brain injury",FALSE
"80466",9,"Open fractures involving skull or face with other bones, with cerebral laceration and contusion, with loss of consciousness of unspecified duration",1,"Traumatic brain injury",FALSE
"80469",9,"Open fractures involving skull or face with other bones, with cerebral laceration and contusion, with concussion, unspecified",1,"Traumatic brain injury",FALSE
"80479",9,"Open fractures involving skull or face with other bones with subarachnoid, subdural, and extradural hemorrhage, with concussion, unspecified",1,"Traumatic brain injury",FALSE
"80489",9,"Open fractures involving skull or face with other bones, with other and unspecified intracranial hemorrhage, with concussion, unspecified",1,"Traumatic brain injury",FALSE
"80490",9,"Open fractures involving skull or face with other bones, with intracranial injury of other and unspecified nature, unspecified state of consciousness",1,"Traumatic brain injury",FALSE
"80491",9,"Open fractures involving skull or face with other bones, with intracranial injury of other and unspecified nature, with no loss of consciousness",1,"Traumatic brain injury",FALSE
"80492",9,"Open fractures involving skull or face with other bones, with intracranial injury of other and unspecified nature, with brief [less than one hour] loss of consciousness",1,"Traumatic brain injury",FALSE
"80493",9,"Open fractures involving skull or face with other bones, with intracranial injury of other and unspecified nature, with moderate [1-24 hours] loss of consciousness",1,"Traumatic brain injury",FALSE
"80494",9,"Open fractures involving skull or face with other bones, with intracranial injury of other and unspecified nature, with prolonged [more than 24 hours] loss of consciousness and return to pre-existing conscious level",1,"Traumatic brain injury",FALSE
"80495",9,"Open fractures involving skull or face with other bones, with intracranial injury of other and unspecified nature, with prolonged [more than 24 hours] loss of consciousness without return to pre-existing conscious level",1,"Traumatic brain injury",FALSE
"80496",9,"Open fractures involving skull or face with other bones, with intracranial injury of other and unspecified nature, with loss of consciousness of unspecified duration",1,"Traumatic brain injury",FALSE
"80499",9,"Open fractures involving skull or face with other bones, with intracranial injury of other and unspecified nature, with concussion, unspecified",1,"Traumatic brain injury",FALSE
"8500",9,"Concussion with no loss of consciousness",1,"Traumatic brain injury",FALSE
"85011",9,"Concussion, with loss of consciousness of 30 minutes or less",1,"Traumatic brain injury",FALSE
"85012",9,"Concussion, with loss of consciousness from 31 to 59 minutes",1,"Traumatic brain injury",FALSE
"8502",9,"Concussion with moderate loss of consciousness",1,"Traumatic brain injury",FALSE
"8503",9,"Concussion with prolonged loss of consciousness and return to pre-existing conscious level",1,"Traumatic brain injury",FALSE
"8504",9,"Concussion with prolonged loss of consciousness, without return to pre-existing conscious level",1,"Traumatic brain injury",FALSE
"8505",9,"Concussion with loss of consciousness of unspecified duration",1,"Traumatic brain injury",FALSE
"8509",9,"Concussion, unspecified",1,"Traumatic brain injury",FALSE
"85109",9,"Cortex (cerebral) contusion without mention of open intracranial wound, with concussion, unspecified",1,"Traumatic brain injury",TRUE
"85119",9,"Cortex (cerebral) contusion with open intracranial wound, with concussion, unspecified",1,"Traumatic brain injury",FALSE
"85129",9,"Cortex (cerebral) laceration without mention of open intracranial wound, with concussion, unspecified",1,"Traumatic brain injury",TRUE
"85139",9,"Cortex (cerebral) laceration with open intracranial wound, with concussion, unspecified",1,"Traumatic brain injury",FALSE
"85149",9,"Cerebellar or brain stem contusion without mention of open intracranial wound, with concussion, unspecified",1,"Traumatic brain injury",TRUE
"85159",9,"Cerebellar or brain stem contusion with open intracranial wound, with concussion, unspecified",1,"Traumatic brain injury",FALSE
"85169",9,"Cerebellar or brain stem laceration without mention of open intracranial wound, with concussion, unspecified",1,"Traumatic brain injury",TRUE
"85179",9,"Cerebellar or brain stem laceration with open intracranial wound, with concussion, unspecified",1,"Traumatic brain injury",FALSE
"85180",9,"Other and unspecified cerebral laceration and contusion, without mention of open intracranial wound, unspecified state of consciousness",1,"Traumatic brain injury",TRUE
"85181",9,"Other and unspecified cerebral laceration and contusion, without mention of open intracranial wound, with no loss of consciousness",1,"Traumatic brain injury",TRUE
"85182",9,"Other and unspecified cerebral laceration and contusion, without mention of open intracranial wound, with brief [less than one hour] loss of consciousness",1,"Traumatic brain injury",TRUE
"85183",9,"Other and unspecified cerebral laceration and contusion, without mention of open intracranial wound, with moderate [1-24 hours] loss of consciousness",1,"Traumatic brain injury",TRUE
"85184",9,"Other and unspecified cerebral laceration and contusion, without mention of open intracranial wound, with prolonged [more than 24 hours] loss of consciousness and return to pre- existing conscious level",1,"Traumatic brain injury",TRUE
"85185",9,"Other and unspecified cerebral laceration and contusion, without mention of open intracranial wound, with prolonged [more than 24 hours] loss of consciousness without return to pre-existing conscious level",1,"Traumatic brain injury",TRUE
"85186",9,"Other and unspecified cerebral laceration and contusion, without mention of open intracranial wound, with loss of consciousness of unspecified duration",1,"Traumatic brain injury",TRUE
"85189",9,"Other and unspecified cerebral laceration and contusion, without mention of open intracranial wound, with concussion, unspecified",1,"Traumatic brain injury",TRUE
"85190",9,"Other and unspecified cerebral laceration and contusion, with open intracranial wound, unspecified state of consciousness",1,"Traumatic brain injury",FALSE
"85191",9,"Other and unspecified cerebral laceration and contusion, with open intracranial wound, with no loss of consciousness",1,"Traumatic brain injury",FALSE
"85192",9,"Other and unspecified cerebral laceration and contusion, with open intracranial wound, with brief [less than one hour] loss of consciousness",1,"Traumatic brain injury",FALSE
"85193",9,"Other and unspecified cerebral laceration and contusion, with open intracranial wound, with moderate [1-24 hours] loss of consciousness",1,"Traumatic brain injury",FALSE
"85194",9,"Other and unspecified cerebral laceration and contusion, with open intracranial wound, with prolonged [more than 24 hours] loss of consciousness and return to pre-existing conscious level",1,"Traumatic brain injury",FALSE
"85195",9,"Other and unspecified cerebral laceration and contusion, with open intracranial wound, with prolonged [more than 24 hours] loss of consciousness without return to pre-existing conscious level",1,"Traumatic brain injury",FALSE
"85196",9,"Other and unspecified cerebral laceration and contusion, with open intracranial wound, with loss of consciousness of unspecified duration",1,"Traumatic brain injury",FALSE
"85199",9,"Other and unspecified cerebral laceration and contusion, with open intracranial wound, with concussion, unspecified",1,"Traumatic brain injury",FALSE
"85200",9,"Subarachnoid hemorrhage following injury without mention of open intracranial wound, unspecified state of consciousness",1,"Stroke / cerebrovascular disease",TRUE
"85201",9,"Subarachnoid hemorrhage following injury without mention of open intracranial wound, with no loss of consciousness",1,"Stroke / cerebrovascular disease",TRUE
"85202",9,"Subarachnoid hemorrhage following injury without mention of open intracranial wound, with brief [less than one hour] loss of consciousness",1,"Stroke / cerebrovascular disease",TRUE
"85203",9,"Subarachnoid hemorrhage following injury without mention of open intracranial wound, with moderate [1-24 hours] loss of consciousness",1,"Stroke / cerebrovascular disease",TRUE
"85204",9,"Subarachnoid hemorrhage following injury without mention of open intracranial wound, with prolonged [more than 24 hours] loss of consciousness and return to pre-existing conscious level",1,"Stroke / cerebrovascular disease",TRUE
"85205",9,"Subarachnoid hemorrhage following injury without mention of open intracranial wound, with prolonged [more than 24 hours] loss of consciousness without return to pre-existing conscious level",1,"Stroke / cerebrovascular disease",TRUE
"85206",9,"Subarachnoid hemorrhage following injury without mention of open intracranial wound, with loss of consciousness of unspecified duration",1,"Stroke / cerebrovascular disease",TRUE
"85210",9,"Subarachnoid hemorrhage following injury with open intracranial wound, unspecified state of consciousness",1,"Stroke / cerebrovascular disease",FALSE
"85211",9,"Subarachnoid hemorrhage following injury with open intracranial wound, with no loss of consciousness",1,"Stroke / cerebrovascular disease",FALSE
"85212",9,"Subarachnoid hemorrhage following injury with open intracranial wound, with brief [less than one hour] loss of consciousness",1,"Stroke / cerebrovascular disease",FALSE
"85213",9,"Subarachnoid hemorrhage following injury with open intracranial wound, with moderate [1-24 hours] loss of consciousness",1,"Stroke / cerebrovascular disease",FALSE
"85214",9,"Subarachnoid hemorrhage following injury with open intracranial wound, with prolonged [more than 24 hours) loss of consciousness and return to pre-existing conscious level",1,"Stroke / cerebrovascular disease",FALSE
"85215",9,"Subarachnoid hemorrhage following injury with open intracranial wound, with prolonged [more than 24 hours] loss of consciousness without return to pre-existing conscious level",1,"Stroke / cerebrovascular disease",FALSE
"85216",9,"Subarachnoid hemorrhage following injury with open intracranial wound, with loss of consciousness of unspecified duration",1,"Stroke / cerebrovascular disease",FALSE
"85229",9,"Subdural hemorrhage following injury without mention of open intracranial wound, with concussion, unspecified",1,"Traumatic brain injury",TRUE
"85239",9,"Subdural hemorrhage following injury with open intracranial wound, with concussion, unspecified",1,"Traumatic brain injury",FALSE
"85249",9,"Extradural hemorrhage following injury without mention of open intracranial wound, with concussion, unspecified",1,"Traumatic brain injury",TRUE
"85259",9,"Extradural hemorrhage following injury with open intracranial wound, with concussion, unspecified",1,"Traumatic brain injury",FALSE
"85309",9,"Other and unspecified intracranial hemorrhage following injury without mention of open intracranial wound, with concussion, unspecified",1,"Traumatic brain injury",TRUE
"85319",9,"Other and unspecified intracranial hemorrhage following injury with open intracranial wound, with concussion, unspecified",1,"Traumatic brain injury",FALSE
"85400",9,"Intracranial injury of other and unspecified nature without mention of open intracranial wound, unspecified state of consciousness",1,"Traumatic brain injury",TRUE
"85401",9,"Intracranial injury of other and unspecified nature without mention of open intracranial wound, with no loss of consciousness",1,"Traumatic brain injury",TRUE
"85402",9,"Intracranial injury of other and unspecified nature without mention of open intracranial wound, with brief [less than one hour] loss of consciousness",1,"Traumatic brain injury",TRUE
"85403",9,"Intracranial injury of other and unspecified nature without mention of open intracranial wound, with moderate [1-24 hours] loss of consciousness",1,"Traumatic brain injury",TRUE
"85404",9,"Intracranial injury of other and unspecified nature without mention of open intracranial wound, with prolonged [more than 24 hours] loss of consciousness and return to pre-existing conscious level",1,"Traumatic brain injury",TRUE
"85405",9,"Intracranial injury of other and unspecified nature without mention of open intracranial wound, with prolonged [more than 24 hours] loss of consciousness without return to pre-existing conscious level",1,"Traumatic brain injury",TRUE
"85406",9,"Intracranial injury of other and unspecified nature without mention of open intracranial wound, with loss of consciousness of unspecified duration",1,"Traumatic brain injury",TRUE
"85409",9,"Intracranial injury of other and unspecified nature without mention of open intracranial wound, with concussion, unspecified",1,"Traumatic brain injury",TRUE
"85410",9,"Intracranial injury of other and unspecified nature with open intracranial wound, unspecified state of consciousness",1,"Traumatic brain injury",FALSE
"85411",9,"Intracranial injury of other and unspecified nature with open intracranial wound, with no loss of consciousness",1,"Traumatic brain injury",FALSE
"85412",9,"Intracranial injury of other and unspecified nature with open intracranial wound, with brief [less than one hour] loss of consciousness",1,"Traumatic brain injury",FALSE
"85413",9,"Intracranial injury of other and unspecified nature with open intracranial wound, with moderate [1-24 hours] loss of consciousness",1,"Traumatic brain injury",FALSE
"85414",9,"Intracranial injury of other and unspecified nature with open intracranial wound, with prolonged [more than 24 hours] loss of consciousness and return to pre-existing conscious level",1,"Traumatic brain injury",FALSE
"85415",9,"Intracranial injury of other and unspecified nature with open intracranial wound, with prolonged [more than 24 hours] loss of consciousness without return to pre-existing conscious level",1,"Traumatic brain injury",FALSE
"85416",9,"Intracranial injury of other and unspecified nature with open intracranial wound, with loss of consciousness of unspecified duration",1,"Traumatic brain injury",FALSE
"85419",9,"Intracranial injury of other and unspecified nature with open intracranial wound, with concussion, unspecified",1,"Traumatic brain injury",FALSE
"9070",9,"Late effect of intracranial injury without mention of skull fracture",1,"Traumatic brain injury",TRUE
"9581",9,"Fat embolism",1,"Fat embolism",FALSE
"96509",9,"Poisoning by other opiates and related narcotics",1,"Other substance use / drug intoxication",FALSE
"9657",9,"Poisoning by other non-narcotic analgesics",1,"Other substance use / drug intoxication",FALSE
"9663",9,"Poisoning by other and unspecified anticonvulsants",1,"Status epilepticus / epilepsy / seizure",FALSE
"9664",9,"Poisoning by anti-Parkinsonism drugs",1,"Dementia / Alzheimer / neurodegenerative",FALSE
"9676",9,"Poisoning by mixed sedatives, not elsewhere classified",1,"Other substance use / drug intoxication",FALSE
"9678",9,"Poisoning by other sedatives and hypnotics",1,"Other substance use / drug intoxication",FALSE
"9679",9,"Poisoning by unspecified sedative or hypnotic",1,"Other substance use / drug intoxication",FALSE
"99702",9,"Iatrogenic cerebrovascular infarction or hemorrhage",1,"Stroke / cerebrovascular disease",FALSE
"A0101",10,"Typhoid meningitis",1,"Meningitis / encephalitis / CNS infection",FALSE
"A0221",10,"Salmonella meningitis",1,"Meningitis / encephalitis / CNS infection",FALSE
"A170",10,"Tuberculous meningitis",1,"Meningitis / encephalitis / CNS infection",FALSE
"A1782",10,"Tuberculous meningoencephalitis",1,"Meningitis / encephalitis / CNS infection",FALSE
"A203",10,"Plague meningitis",1,"Meningitis / encephalitis / CNS infection",FALSE
"A2781",10,"Aseptic meningitis in leptospirosis",1,"Meningitis / encephalitis / CNS infection",FALSE
"A321",10,"Listerial meningitis and meningoencephalitis",1,"Meningitis / encephalitis / CNS infection",FALSE
"A3211",10,"Listerial meningitis",1,"Meningitis / encephalitis / CNS infection",FALSE
"A3212",10,"Listerial meningoencephalitis",1,"Meningitis / encephalitis / CNS infection",FALSE
"A39",10,"Meningococcal infection",1,"Meningitis / encephalitis / CNS infection",FALSE
"A390",10,"Meningococcal meningitis",1,"Meningitis / encephalitis / CNS infection",FALSE
"A391",10,"Waterhouse-Friderichsen syndrome",1,"Meningitis / encephalitis / CNS infection",FALSE
"A392",10,"Acute meningococcemia",1,"Meningitis / encephalitis / CNS infection",FALSE
"A393",10,"Chronic meningococcemia",1,"Meningitis / encephalitis / CNS infection",FALSE
"A394",10,"Meningococcemia, unspecified",1,"Meningitis / encephalitis / CNS infection",FALSE
"A395",10,"Meningococcal heart disease",1,"Meningitis / encephalitis / CNS infection",FALSE
"A3950",10,"Meningococcal carditis, unspecified",1,"Meningitis / encephalitis / CNS infection",FALSE
"A3951",10,"Meningococcal endocarditis",1,"Meningitis / encephalitis / CNS infection",FALSE
"A3952",10,"Meningococcal myocarditis",1,"Meningitis / encephalitis / CNS infection",FALSE
"A3953",10,"Meningococcal pericarditis",1,"Meningitis / encephalitis / CNS infection",FALSE
"A398",10,"Other meningococcal infections",1,"Meningitis / encephalitis / CNS infection",FALSE
"A3981",10,"Meningococcal encephalitis",1,"Meningitis / encephalitis / CNS infection",FALSE
"A3982",10,"Meningococcal retrobulbar neuritis",1,"Meningitis / encephalitis / CNS infection",FALSE
"A3983",10,"Meningococcal arthritis",1,"Meningitis / encephalitis / CNS infection",FALSE
"A3984",10,"Postmeningococcal arthritis",1,"Meningitis / encephalitis / CNS infection",FALSE
"A3989",10,"Other meningococcal infections",1,"Meningitis / encephalitis / CNS infection",FALSE
"A399",10,"Meningococcal infection, unspecified",1,"Meningitis / encephalitis / CNS infection",FALSE
"A4281",10,"Actinomycotic meningitis",1,"Meningitis / encephalitis / CNS infection",FALSE
"A4282",10,"Actinomycotic encephalitis",1,"Meningitis / encephalitis / CNS infection",FALSE
"A5041",10,"Late congenital syphilitic meningitis",1,"Meningitis / encephalitis / CNS infection",FALSE
"A5042",10,"Late congenital syphilitic encephalitis",1,"Meningitis / encephalitis / CNS infection",FALSE
"A5141",10,"Secondary syphilitic meningitis",1,"Meningitis / encephalitis / CNS infection",FALSE
"A520",10,"Cardiovascular and cerebrovascular syphilis",1,"Stroke / cerebrovascular disease",FALSE
"A5205",10,"Other cerebrovascular syphilis",1,"Stroke / cerebrovascular disease",FALSE
"A5213",10,"Late syphilitic meningitis",1,"Meningitis / encephalitis / CNS infection",FALSE
"A5214",10,"Late syphilitic encephalitis",1,"Meningitis / encephalitis / CNS infection",FALSE
"A5481",10,"Gonococcal meningitis",1,"Meningitis / encephalitis / CNS infection",FALSE
"A6921",10,"Meningitis due to Lyme disease",1,"Meningitis / encephalitis / CNS infection",FALSE
"A811",10,"Subacute sclerosing panencephalitis",1,"Meningitis / encephalitis / CNS infection",FALSE
"A83",10,"Mosquito-borne viral encephalitis",1,"Meningitis / encephalitis / CNS infection",FALSE
"A830",10,"Japanese encephalitis",1,"Meningitis / encephalitis / CNS infection",FALSE
"A831",10,"Western equine encephalitis",1,"Meningitis / encephalitis / CNS infection",FALSE
"A832",10,"Eastern equine encephalitis",1,"Meningitis / encephalitis / CNS infection",FALSE
"A833",10,"St Louis encephalitis",1,"Meningitis / encephalitis / CNS infection",FALSE
"A834",10,"Australian encephalitis",1,"Meningitis / encephalitis / CNS infection",FALSE
"A835",10,"California encephalitis",1,"Meningitis / encephalitis / CNS infection",FALSE
"A838",10,"Other mosquito-borne viral encephalitis",1,"Meningitis / encephalitis / CNS infection",FALSE
"A839",10,"Mosquito-borne viral encephalitis, unspecified",1,"Meningitis / encephalitis / CNS infection",FALSE
"A84",10,"Tick-borne viral encephalitis",1,"Meningitis / encephalitis / CNS infection",FALSE
"A840",10,"Far Eastern tick-borne encephalitis [Russian spring-summer encephalitis]",1,"Meningitis / encephalitis / CNS infection",FALSE
"A841",10,"Central European tick-borne encephalitis",1,"Meningitis / encephalitis / CNS infection",FALSE
"A848",10,"Other tick-borne viral encephalitis",1,"Meningitis / encephalitis / CNS infection",FALSE
"A8489",10,"Other tick-borne viral encephalitis",1,"Meningitis / encephalitis / CNS infection",FALSE
"A849",10,"Tick-borne viral encephalitis, unspecified",1,"Meningitis / encephalitis / CNS infection",FALSE
"A85",10,"Other viral encephalitis, not elsewhere classified",1,"Meningitis / encephalitis / CNS infection",FALSE
"A850",10,"Enteroviral encephalitis",1,"Meningitis / encephalitis / CNS infection",FALSE
"A851",10,"Adenoviral encephalitis",1,"Meningitis / encephalitis / CNS infection",FALSE
"A852",10,"Arthropod-borne viral encephalitis, unspecified",1,"Meningitis / encephalitis / CNS infection",FALSE
"A858",10,"Other specified viral encephalitis",1,"Meningitis / encephalitis / CNS infection",FALSE
"A86",10,"Unspecified viral encephalitis",1,"Meningitis / encephalitis / CNS infection",FALSE
"A87",10,"Viral meningitis",1,"Meningitis / encephalitis / CNS infection",FALSE
"A870",10,"Enteroviral meningitis",1,"Meningitis / encephalitis / CNS infection",FALSE
"A871",10,"Adenoviral meningitis",1,"Meningitis / encephalitis / CNS infection",FALSE
"A872",10,"Lymphocytic choriomeningitis",1,"Meningitis / encephalitis / CNS infection",FALSE
"A878",10,"Other viral meningitis",1,"Meningitis / encephalitis / CNS infection",FALSE
"A879",10,"Viral meningitis, unspecified",1,"Meningitis / encephalitis / CNS infection",FALSE
"A9231",10,"West Nile virus infection with encephalitis",1,"Meningitis / encephalitis / CNS infection",FALSE
"B000",10,"Eczema herpeticum",1,"Meningitis / encephalitis / CNS infection",FALSE
"B001",10,"Herpesviral vesicular dermatitis",1,"Meningitis / encephalitis / CNS infection",FALSE
"B002",10,"Herpesviral gingivostomatitis and pharyngotonsillitis",1,"Meningitis / encephalitis / CNS infection",FALSE
"B003",10,"Herpesviral meningitis",1,"Meningitis / encephalitis / CNS infection",FALSE
"B004",10,"Herpesviral encephalitis",1,"Meningitis / encephalitis / CNS infection",FALSE
"B010",10,"Varicella meningitis",1,"Meningitis / encephalitis / CNS infection",FALSE
"B011",10,"Varicella encephalitis, myelitis and encephalomyelitis",1,"Meningitis / encephalitis / CNS infection",FALSE
"B0111",10,"Varicella encephalitis and encephalomyelitis",1,"Meningitis / encephalitis / CNS infection",FALSE
"B020",10,"Zoster encephalitis",1,"Meningitis / encephalitis / CNS infection",FALSE
"B021",10,"Zoster meningitis",1,"Meningitis / encephalitis / CNS infection",FALSE
"B050",10,"Measles complicated by encephalitis",1,"Meningitis / encephalitis / CNS infection",FALSE
"B051",10,"Measles complicated by meningitis",1,"Meningitis / encephalitis / CNS infection",FALSE
"B0601",10,"Rubella encephalitis",1,"Meningitis / encephalitis / CNS infection",FALSE
"B0602",10,"Rubella meningitis",1,"Meningitis / encephalitis / CNS infection",FALSE
"B100",10,"Other human herpesvirus encephalitis",1,"Meningitis / encephalitis / CNS infection",FALSE
"B1001",10,"Human herpesvirus 6 encephalitis",1,"Meningitis / encephalitis / CNS infection",FALSE
"B1009",10,"Other human herpesvirus encephalitis",1,"Meningitis / encephalitis / CNS infection",FALSE
"B150",10,"Hepatitis A with hepatic coma",1,"Hepatic encephalopathy / failure",FALSE
"B159",10,"Hepatitis A without hepatic coma",1,"Hepatic encephalopathy / failure",FALSE
"B160",10,"Acute hepatitis B with delta-agent with hepatic coma",1,"Hepatic encephalopathy / failure",FALSE
"B161",10,"Acute hepatitis B with delta-agent without hepatic coma",1,"Hepatic encephalopathy / failure",FALSE
"B162",10,"Acute hepatitis B without delta-agent with hepatic coma",1,"Hepatic encephalopathy / failure",FALSE
"B169",10,"Acute hepatitis B without delta-agent and without hepatic coma",1,"Hepatic encephalopathy / failure",FALSE
"B1710",10,"Acute hepatitis C without hepatic coma",1,"Hepatic encephalopathy / failure",FALSE
"B1711",10,"Acute hepatitis C with hepatic coma",1,"Hepatic encephalopathy / failure",FALSE
"B190",10,"Unspecified viral hepatitis with hepatic coma",1,"Hepatic encephalopathy / failure",FALSE
"B1910",10,"Unspecified viral hepatitis B without hepatic coma",1,"Hepatic encephalopathy / failure",FALSE
"B1911",10,"Unspecified viral hepatitis B with hepatic coma",1,"Hepatic encephalopathy / failure",FALSE
"B1920",10,"Unspecified viral hepatitis C without hepatic coma",1,"Hepatic encephalopathy / failure",FALSE
"B1921",10,"Unspecified viral hepatitis C with hepatic coma",1,"Hepatic encephalopathy / failure",FALSE
"B199",10,"Unspecified viral hepatitis without hepatic coma",1,"Hepatic encephalopathy / failure",FALSE
"B261",10,"Mumps meningitis",1,"Meningitis / encephalitis / CNS infection",FALSE
"B262",10,"Mumps encephalitis",1,"Meningitis / encephalitis / CNS infection",FALSE
"B2702",10,"Gammaherpesviral mononucleosis with meningitis",1,"Meningitis / encephalitis / CNS infection",FALSE
"B2712",10,"Cytomegaloviral mononucleosis with meningitis",1,"Meningitis / encephalitis / CNS infection",FALSE
"B2782",10,"Other infectious mononucleosis with meningitis",1,"Meningitis / encephalitis / CNS infection",FALSE
"B2792",10,"Infectious mononucleosis, unspecified with meningitis",1,"Meningitis / encephalitis / CNS infection",FALSE
"B375",10,"Candidal meningitis",1,"Meningitis / encephalitis / CNS infection",FALSE
"B384",10,"Coccidioidomycosis meningitis",1,"Meningitis / encephalitis / CNS infection",FALSE
"B4081",10,"Blastomycotic meningoencephalitis",1,"Meningitis / encephalitis / CNS infection",FALSE
"B5741",10,"Meningitis in Chagas' disease",1,"Meningitis / encephalitis / CNS infection",FALSE
"B5742",10,"Meningoencephalitis in Chagas' disease",1,"Meningitis / encephalitis / CNS infection",FALSE
"B582",10,"Toxoplasma meningoencephalitis",1,"Meningitis / encephalitis / CNS infection",FALSE
"B6011",10,"Meningoencephalitis due to Acanthamoeba (culbertsoni)",1,"Meningitis / encephalitis / CNS infection",FALSE
"B941",10,"Sequelae of viral encephalitis",1,"Meningitis / encephalitis / CNS infection",TRUE
"C70",10,"Malignant neoplasm of meninges",1,"Brain tumor / CNS neoplasm",FALSE
"C700",10,"Malignant neoplasm of cerebral meninges",1,"Brain tumor / CNS neoplasm",FALSE
"C701",10,"Malignant neoplasm of spinal meninges",1,"Brain tumor / CNS neoplasm",FALSE
"C709",10,"Malignant neoplasm of meninges, unspecified",1,"Brain tumor / CNS neoplasm",FALSE
"C71",10,"Malignant neoplasm of brain",1,"Brain tumor / CNS neoplasm",FALSE
"C710",10,"Malignant neoplasm of cerebrum, except lobes and ventricles",1,"Brain tumor / CNS neoplasm",FALSE
"C711",10,"Malignant neoplasm of frontal lobe",1,"Brain tumor / CNS neoplasm",FALSE
"C712",10,"Malignant neoplasm of temporal lobe",1,"Brain tumor / CNS neoplasm",FALSE
"C713",10,"Malignant neoplasm of parietal lobe",1,"Brain tumor / CNS neoplasm",FALSE
"C714",10,"Malignant neoplasm of occipital lobe",1,"Brain tumor / CNS neoplasm",FALSE
"C715",10,"Malignant neoplasm of cerebral ventricle",1,"Brain tumor / CNS neoplasm",FALSE
"C716",10,"Malignant neoplasm of cerebellum",1,"Brain tumor / CNS neoplasm",FALSE
"C717",10,"Malignant neoplasm of brain stem",1,"Brain tumor / CNS neoplasm",FALSE
"C718",10,"Malignant neoplasm of overlapping sites of brain",1,"Brain tumor / CNS neoplasm",FALSE
"C719",10,"Malignant neoplasm of brain, unspecified",1,"Brain tumor / CNS neoplasm",FALSE
"C72",10,"Malignant neoplasm of spinal cord, cranial nerves and other parts of central nervous system",1,"Brain tumor / CNS neoplasm",FALSE
"C720",10,"Malignant neoplasm of spinal cord",1,"Brain tumor / CNS neoplasm",FALSE
"C721",10,"Malignant neoplasm of cauda equina",1,"Brain tumor / CNS neoplasm",FALSE
"C722",10,"Malignant neoplasm of olfactory nerve",1,"Brain tumor / CNS neoplasm",FALSE
"C7220",10,"Malignant neoplasm of unspecified olfactory nerve",1,"Brain tumor / CNS neoplasm",FALSE
"C7221",10,"Malignant neoplasm of right olfactory nerve",1,"Brain tumor / CNS neoplasm",FALSE
"C7222",10,"Malignant neoplasm of left olfactory nerve",1,"Brain tumor / CNS neoplasm",FALSE
"C723",10,"Malignant neoplasm of optic nerve",1,"Brain tumor / CNS neoplasm",FALSE
"C7230",10,"Malignant neoplasm of unspecified optic nerve",1,"Brain tumor / CNS neoplasm",FALSE
"C7231",10,"Malignant neoplasm of right optic nerve",1,"Brain tumor / CNS neoplasm",FALSE
"C7232",10,"Malignant neoplasm of left optic nerve",1,"Brain tumor / CNS neoplasm",FALSE
"C724",10,"Malignant neoplasm of acoustic nerve",1,"Brain tumor / CNS neoplasm",FALSE
"C7240",10,"Malignant neoplasm of unspecified acoustic nerve",1,"Brain tumor / CNS neoplasm",FALSE
"C7241",10,"Malignant neoplasm of right acoustic nerve",1,"Brain tumor / CNS neoplasm",FALSE
"C7242",10,"Malignant neoplasm of left acoustic nerve",1,"Brain tumor / CNS neoplasm",FALSE
"C725",10,"Malignant neoplasm of other and unspecified cranial nerves",1,"Brain tumor / CNS neoplasm",FALSE
"C7250",10,"Malignant neoplasm of unspecified cranial nerve",1,"Brain tumor / CNS neoplasm",FALSE
"C7259",10,"Malignant neoplasm of other cranial nerves",1,"Brain tumor / CNS neoplasm",FALSE
"C729",10,"Malignant neoplasm of central nervous system, unspecified",1,"Brain tumor / CNS neoplasm",FALSE
"C793",10,"Secondary malignant neoplasm of brain and cerebral meninges",1,"Brain tumor / CNS neoplasm",FALSE
"C7931",10,"Secondary malignant neoplasm of brain",1,"Brain tumor / CNS neoplasm",FALSE
"C7932",10,"Secondary malignant neoplasm of cerebral meninges",1,"Brain tumor / CNS neoplasm",FALSE
"D32",10,"Benign neoplasm of meninges",1,"Brain tumor / CNS neoplasm",FALSE
"D320",10,"Benign neoplasm of cerebral meninges",1,"Brain tumor / CNS neoplasm",FALSE
"D321",10,"Benign neoplasm of spinal meninges",1,"Brain tumor / CNS neoplasm",FALSE
"D329",10,"Benign neoplasm of meninges, unspecified",1,"Brain tumor / CNS neoplasm",FALSE
"D33",10,"Benign neoplasm of brain and other parts of central nervous system",1,"Brain tumor / CNS neoplasm",FALSE
"D330",10,"Benign neoplasm of brain, supratentorial",1,"Brain tumor / CNS neoplasm",FALSE
"D331",10,"Benign neoplasm of brain, infratentorial",1,"Brain tumor / CNS neoplasm",FALSE
"D332",10,"Benign neoplasm of brain, unspecified",1,"Brain tumor / CNS neoplasm",FALSE
"D333",10,"Benign neoplasm of cranial nerves",1,"Brain tumor / CNS neoplasm",FALSE
"D334",10,"Benign neoplasm of spinal cord",1,"Brain tumor / CNS neoplasm",FALSE
"D337",10,"Benign neoplasm of other specified parts of central nervous system",1,"Brain tumor / CNS neoplasm",FALSE
"D339",10,"Benign neoplasm of central nervous system, unspecified",1,"Brain tumor / CNS neoplasm",FALSE
"D42",10,"Neoplasm of uncertain behavior of meninges",1,"Brain tumor / CNS neoplasm",FALSE
"D420",10,"Neoplasm of uncertain behavior of cerebral meninges",1,"Brain tumor / CNS neoplasm",FALSE
"D421",10,"Neoplasm of uncertain behavior of spinal meninges",1,"Brain tumor / CNS neoplasm",FALSE
"D429",10,"Neoplasm of uncertain behavior of meninges, unspecified",1,"Brain tumor / CNS neoplasm",FALSE
"D43",10,"Neoplasm of uncertain behavior of brain and central nervous system",1,"Brain tumor / CNS neoplasm",FALSE
"D430",10,"Neoplasm of uncertain behavior of brain, supratentorial",1,"Brain tumor / CNS neoplasm",FALSE
"D431",10,"Neoplasm of uncertain behavior of brain, infratentorial",1,"Brain tumor / CNS neoplasm",FALSE
"D432",10,"Neoplasm of uncertain behavior of brain, unspecified",1,"Brain tumor / CNS neoplasm",FALSE
"D433",10,"Neoplasm of uncertain behavior of cranial nerves",1,"Brain tumor / CNS neoplasm",FALSE
"D434",10,"Neoplasm of uncertain behavior of spinal cord",1,"Brain tumor / CNS neoplasm",FALSE
"D438",10,"Neoplasm of uncertain behavior of other specified parts of central nervous system",1,"Brain tumor / CNS neoplasm",FALSE
"D439",10,"Neoplasm of uncertain behavior of central nervous system, unspecified",1,"Brain tumor / CNS neoplasm",FALSE
"D496",10,"Neoplasm of unspecified behavior of brain",1,"Brain tumor / CNS neoplasm",FALSE
"D8681",10,"Sarcoid meningitis",1,"Meningitis / encephalitis / CNS infection",FALSE
"E512",10,"Wernicke's encephalopathy",1,"Wernicke encephalopathy",FALSE
"E8502",9,"Accidental poisoning by other opiates and related narcotics",1,"Other substance use / drug intoxication",FALSE
"E8507",9,"Accidental poisoning by other non-narcotic analgesics",1,"Other substance use / drug intoxication",FALSE
"E8525",9,"Accidental poisoning by mixed sedatives, not elsewhere classified",1,"Other substance use / drug intoxication",FALSE
"E8528",9,"Accidental poisoning by other specified sedatives and hypnotics",1,"Other substance use / drug intoxication",FALSE
"E8529",9,"Accidental poisoning by unspecified sedative or hypnotic",1,"Other substance use / drug intoxication",FALSE
"E8600",9,"Accidental poisoning by alcoholic beverages",1,"Alcohol use / intoxication / withdrawal",FALSE
"E9363",9,"Other and unspecified anticonvulsants causing adverse effects in therapeutic use",1,"Status epilepticus / epilepsy / seizure",FALSE
"E9364",9,"Anti-parkinsonism drugs causing adverse effects in therapeutic use",1,"Dementia / Alzheimer / neurodegenerative",FALSE
"E9502",9,"Suicide and self-inflicted poisoning by other sedatives and hypnotics",1,"Other substance use / drug intoxication",FALSE
"E9802",9,"Poisoning by other sedatives and hypnotics, undetermined whether accidentally or purposely inflicted",1,"Other substance use / drug intoxication",FALSE
"F01",10,"Vascular dementia",1,"Dementia / Alzheimer / neurodegenerative",FALSE
"F015",10,"Vascular dementia, unspecified severity",1,"Dementia / Alzheimer / neurodegenerative",FALSE
"F0150",10,"Vascular dementia, unspecified severity, without behavioral disturbance, psychotic disturbance, mood disturbance, and anxiety",1,"Dementia / Alzheimer / neurodegenerative",FALSE
"F0151",10,"Vascular dementia, unspecified severity, with behavioral disturbance",1,"Dementia / Alzheimer / neurodegenerative",FALSE
"F01511",10,"Vascular dementia, unspecified severity, with agitation",1,"Dementia / Alzheimer / neurodegenerative",FALSE
"F01518",10,"Vascular dementia, unspecified severity, with other behavioral disturbance",1,"Dementia / Alzheimer / neurodegenerative",FALSE
"F0152",10,"Vascular dementia, unspecified severity, with psychotic disturbance",1,"Dementia / Alzheimer / neurodegenerative",FALSE
"F0153",10,"Vascular dementia, unspecified severity, with mood disturbance",1,"Dementia / Alzheimer / neurodegenerative",FALSE
"F0154",10,"Vascular dementia, unspecified severity, with anxiety",1,"Dementia / Alzheimer / neurodegenerative",FALSE
"F01A",10,"Vascular dementia, mild",1,"Dementia / Alzheimer / neurodegenerative",FALSE
"F01A0",10,"Vascular dementia, mild, without behavioral disturbance, psychotic disturbance, mood disturbance, and anxiety",1,"Dementia / Alzheimer / neurodegenerative",FALSE
"F01A1",10,"Vascular dementia, mild, with behavioral disturbance",1,"Dementia / Alzheimer / neurodegenerative",FALSE
"F01A11",10,"Vascular dementia, mild, with agitation",1,"Dementia / Alzheimer / neurodegenerative",FALSE
"F01A18",10,"Vascular dementia, mild, with other behavioral disturbance",1,"Dementia / Alzheimer / neurodegenerative",FALSE
"F01A2",10,"Vascular dementia, mild, with psychotic disturbance",1,"Dementia / Alzheimer / neurodegenerative",FALSE
"F01A3",10,"Vascular dementia, mild, with mood disturbance",1,"Dementia / Alzheimer / neurodegenerative",FALSE
"F01A4",10,"Vascular dementia, mild, with anxiety",1,"Dementia / Alzheimer / neurodegenerative",FALSE
"F01B",10,"Vascular dementia, moderate",1,"Dementia / Alzheimer / neurodegenerative",FALSE
"F01B0",10,"Vascular dementia, moderate, without behavioral disturbance, psychotic disturbance, mood disturbance, and anxiety",1,"Dementia / Alzheimer / neurodegenerative",FALSE
"F01B1",10,"Vascular dementia, moderate, with behavioral disturbance",1,"Dementia / Alzheimer / neurodegenerative",FALSE
"F01B11",10,"Vascular dementia, moderate, with agitation",1,"Dementia / Alzheimer / neurodegenerative",FALSE
"F01B18",10,"Vascular dementia, moderate, with other behavioral disturbance",1,"Dementia / Alzheimer / neurodegenerative",FALSE
"F01B2",10,"Vascular dementia, moderate, with psychotic disturbance",1,"Dementia / Alzheimer / neurodegenerative",FALSE
"F01B3",10,"Vascular dementia, moderate, with mood disturbance",1,"Dementia / Alzheimer / neurodegenerative",FALSE
"F01B4",10,"Vascular dementia, moderate, with anxiety",1,"Dementia / Alzheimer / neurodegenerative",FALSE
"F01C",10,"Vascular dementia, severe",1,"Dementia / Alzheimer / neurodegenerative",FALSE
"F01C0",10,"Vascular dementia, severe, without behavioral disturbance, psychotic disturbance, mood disturbance, and anxiety",1,"Dementia / Alzheimer / neurodegenerative",FALSE
"F01C1",10,"Vascular dementia, severe, with behavioral disturbance",1,"Dementia / Alzheimer / neurodegenerative",FALSE
"F01C11",10,"Vascular dementia, severe, with agitation",1,"Dementia / Alzheimer / neurodegenerative",FALSE
"F01C18",10,"Vascular dementia, severe, with other behavioral disturbance",1,"Dementia / Alzheimer / neurodegenerative",FALSE
"F01C2",10,"Vascular dementia, severe, with psychotic disturbance",1,"Dementia / Alzheimer / neurodegenerative",FALSE
"F01C3",10,"Vascular dementia, severe, with mood disturbance",1,"Dementia / Alzheimer / neurodegenerative",FALSE
"F01C4",10,"Vascular dementia, severe, with anxiety",1,"Dementia / Alzheimer / neurodegenerative",FALSE
"F02",10,"Dementia in other diseases classified elsewhere",1,"Dementia / Alzheimer / neurodegenerative",FALSE
"F028",10,"Dementia in other diseases classified elsewhere, unspecified severity",1,"Dementia / Alzheimer / neurodegenerative",FALSE
"F0280",10,"Dementia in other diseases classified elsewhere, unspecified severity, without behavioral disturbance, psychotic disturbance, mood disturbance, and anxiety",1,"Dementia / Alzheimer / neurodegenerative",FALSE
"F0281",10,"Dementia in other diseases classified elsewhere, unspecified severity, with behavioral disturbance",1,"Dementia / Alzheimer / neurodegenerative",FALSE
"F02811",10,"Dementia in other diseases classified elsewhere, unspecified severity, with agitation",1,"Dementia / Alzheimer / neurodegenerative",FALSE
"F02818",10,"Dementia in other diseases classified elsewhere, unspecified severity, with other behavioral disturbance",1,"Dementia / Alzheimer / neurodegenerative",FALSE
"F0282",10,"Dementia in other diseases classified elsewhere, unspecified severity, with psychotic disturbance",1,"Dementia / Alzheimer / neurodegenerative",FALSE
"F0283",10,"Dementia in other diseases classified elsewhere, unspecified severity, with mood disturbance",1,"Dementia / Alzheimer / neurodegenerative",FALSE
"F0284",10,"Dementia in other diseases classified elsewhere, unspecified severity, with anxiety",1,"Dementia / Alzheimer / neurodegenerative",FALSE
"F02A",10,"Dementia in other diseases classified elsewhere, mild",1,"Dementia / Alzheimer / neurodegenerative",FALSE
"F02A0",10,"Dementia in other diseases classified elsewhere, mild, without behavioral disturbance, psychotic disturbance, mood disturbance, and anxiety",1,"Dementia / Alzheimer / neurodegenerative",FALSE
"F02A1",10,"Dementia in other diseases classified elsewhere, mild, with behavioral disturbance",1,"Dementia / Alzheimer / neurodegenerative",FALSE
"F02A11",10,"Dementia in other diseases classified elsewhere, mild, with agitation",1,"Dementia / Alzheimer / neurodegenerative",FALSE
"F02A18",10,"Dementia in other diseases classified elsewhere, mild, with other behavioral disturbance",1,"Dementia / Alzheimer / neurodegenerative",FALSE
"F02A2",10,"Dementia in other diseases classified elsewhere, mild, with psychotic disturbance",1,"Dementia / Alzheimer / neurodegenerative",FALSE
"F02A3",10,"Dementia in other diseases classified elsewhere, mild, with mood disturbance",1,"Dementia / Alzheimer / neurodegenerative",FALSE
"F02A4",10,"Dementia in other diseases classified elsewhere, mild, with anxiety",1,"Dementia / Alzheimer / neurodegenerative",FALSE
"F02B",10,"Dementia in other diseases classified elsewhere, moderate",1,"Dementia / Alzheimer / neurodegenerative",FALSE
"F02B0",10,"Dementia in other diseases classified elsewhere, moderate, without behavioral disturbance, psychotic disturbance, mood disturbance, and anxiety",1,"Dementia / Alzheimer / neurodegenerative",FALSE
"F02B1",10,"Dementia in other diseases classified elsewhere, moderate, with behavioral disturbance",1,"Dementia / Alzheimer / neurodegenerative",FALSE
"F02B11",10,"Dementia in other diseases classified elsewhere, moderate, with agitation",1,"Dementia / Alzheimer / neurodegenerative",FALSE
"F02B18",10,"Dementia in other diseases classified elsewhere, moderate, with other behavioral disturbance",1,"Dementia / Alzheimer / neurodegenerative",FALSE
"F02B2",10,"Dementia in other diseases classified elsewhere, moderate, with psychotic disturbance",1,"Dementia / Alzheimer / neurodegenerative",FALSE
"F02B3",10,"Dementia in other diseases classified elsewhere, moderate, with mood disturbance",1,"Dementia / Alzheimer / neurodegenerative",FALSE
"F02B4",10,"Dementia in other diseases classified elsewhere, moderate, with anxiety",1,"Dementia / Alzheimer / neurodegenerative",FALSE
"F02C",10,"Dementia in other diseases classified elsewhere, severe",1,"Dementia / Alzheimer / neurodegenerative",FALSE
"F02C0",10,"Dementia in other diseases classified elsewhere, severe, without behavioral disturbance, psychotic disturbance, mood disturbance, and anxiety",1,"Dementia / Alzheimer / neurodegenerative",FALSE
"F02C1",10,"Dementia in other diseases classified elsewhere, severe, with behavioral disturbance",1,"Dementia / Alzheimer / neurodegenerative",FALSE
"F02C11",10,"Dementia in other diseases classified elsewhere, severe, with agitation",1,"Dementia / Alzheimer / neurodegenerative",FALSE
"F02C18",10,"Dementia in other diseases classified elsewhere, severe, with other behavioral disturbance",1,"Dementia / Alzheimer / neurodegenerative",FALSE
"F02C2",10,"Dementia in other diseases classified elsewhere, severe, with psychotic disturbance",1,"Dementia / Alzheimer / neurodegenerative",FALSE
"F02C3",10,"Dementia in other diseases classified elsewhere, severe, with mood disturbance",1,"Dementia / Alzheimer / neurodegenerative",FALSE
"F02C4",10,"Dementia in other diseases classified elsewhere, severe, with anxiety",1,"Dementia / Alzheimer / neurodegenerative",FALSE
"F03",10,"Unspecified dementia",1,"Dementia / Alzheimer / neurodegenerative",FALSE
"F039",10,"Unspecified dementia, unspecified severity",1,"Dementia / Alzheimer / neurodegenerative",FALSE
"F0390",10,"Unspecified dementia, unspecified severity, without behavioral disturbance, psychotic disturbance, mood disturbance, and anxiety",1,"Dementia / Alzheimer / neurodegenerative",FALSE
"F0391",10,"Unspecified dementia, unspecified severity, with behavioral disturbance",1,"Dementia / Alzheimer / neurodegenerative",FALSE
"F03911",10,"Unspecified dementia, unspecified severity, with agitation",1,"Dementia / Alzheimer / neurodegenerative",FALSE
"F03918",10,"Unspecified dementia, unspecified severity, with other behavioral disturbance",1,"Dementia / Alzheimer / neurodegenerative",FALSE
"F0392",10,"Unspecified dementia, unspecified severity, with psychotic disturbance",1,"Dementia / Alzheimer / neurodegenerative",FALSE
"F0393",10,"Unspecified dementia, unspecified severity, with mood disturbance",1,"Dementia / Alzheimer / neurodegenerative",FALSE
"F0394",10,"Unspecified dementia, unspecified severity, with anxiety",1,"Dementia / Alzheimer / neurodegenerative",FALSE
"F03A",10,"Unspecified dementia, mild",1,"Dementia / Alzheimer / neurodegenerative",FALSE
"F03A0",10,"Unspecified dementia, mild, without behavioral disturbance, psychotic disturbance, mood disturbance, and anxiety",1,"Dementia / Alzheimer / neurodegenerative",FALSE
"F03A1",10,"Unspecified dementia, mild, with behavioral disturbance",1,"Dementia / Alzheimer / neurodegenerative",FALSE
"F03A11",10,"Unspecified dementia, mild, with agitation",1,"Dementia / Alzheimer / neurodegenerative",FALSE
"F03A18",10,"Unspecified dementia, mild, with other behavioral disturbance",1,"Dementia / Alzheimer / neurodegenerative",FALSE
"F03A2",10,"Unspecified dementia, mild, with psychotic disturbance",1,"Dementia / Alzheimer / neurodegenerative",FALSE
"F03A3",10,"Unspecified dementia, mild, with mood disturbance",1,"Dementia / Alzheimer / neurodegenerative",FALSE
"F03A4",10,"Unspecified dementia, mild, with anxiety",1,"Dementia / Alzheimer / neurodegenerative",FALSE
"F03B",10,"Unspecified dementia, moderate",1,"Dementia / Alzheimer / neurodegenerative",FALSE
"F03B0",10,"Unspecified dementia, moderate, without behavioral disturbance, psychotic disturbance, mood disturbance, and anxiety",1,"Dementia / Alzheimer / neurodegenerative",FALSE
"F03B1",10,"Unspecified dementia, moderate, with behavioral disturbance",1,"Dementia / Alzheimer / neurodegenerative",FALSE
"F03B11",10,"Unspecified dementia, moderate, with agitation",1,"Dementia / Alzheimer / neurodegenerative",FALSE
"F03B18",10,"Unspecified dementia, moderate, with other behavioral disturbance",1,"Dementia / Alzheimer / neurodegenerative",FALSE
"F03B2",10,"Unspecified dementia, moderate, with psychotic disturbance",1,"Dementia / Alzheimer / neurodegenerative",FALSE
"F03B3",10,"Unspecified dementia, moderate, with mood disturbance",1,"Dementia / Alzheimer / neurodegenerative",FALSE
"F03B4",10,"Unspecified dementia, moderate, with anxiety",1,"Dementia / Alzheimer / neurodegenerative",FALSE
"F03C",10,"Unspecified dementia, severe",1,"Dementia / Alzheimer / neurodegenerative",FALSE
"F03C0",10,"Unspecified dementia, severe, without behavioral disturbance, psychotic disturbance, mood disturbance, and anxiety",1,"Dementia / Alzheimer / neurodegenerative",FALSE
"F03C1",10,"Unspecified dementia, severe, with behavioral disturbance",1,"Dementia / Alzheimer / neurodegenerative",FALSE
"F03C11",10,"Unspecified dementia, severe, with agitation",1,"Dementia / Alzheimer / neurodegenerative",FALSE
"F03C18",10,"Unspecified dementia, severe, with other behavioral disturbance",1,"Dementia / Alzheimer / neurodegenerative",FALSE
"F03C2",10,"Unspecified dementia, severe, with psychotic disturbance",1,"Dementia / Alzheimer / neurodegenerative",FALSE
"F03C3",10,"Unspecified dementia, severe, with mood disturbance",1,"Dementia / Alzheimer / neurodegenerative",FALSE
"F03C4",10,"Unspecified dementia, severe, with anxiety",1,"Dementia / Alzheimer / neurodegenerative",FALSE
"F060",10,"Psychotic disorder with hallucinations due to known physiological condition",1,"Pre-existing psychiatric illness",FALSE
"F062",10,"Psychotic disorder with delusions due to known physiological condition",1,"Pre-existing psychiatric illness",FALSE
"F0781",10,"Postconcussional syndrome",1,"Traumatic brain injury",FALSE
"F10",10,"Alcohol related disorders",1,"Alcohol use / intoxication / withdrawal",FALSE
"F101",10,"Alcohol abuse",1,"Alcohol use / intoxication / withdrawal",FALSE
"F1010",10,"Alcohol abuse, uncomplicated",1,"Alcohol use / intoxication / withdrawal",FALSE
"F1011",10,"Alcohol abuse, in remission",1,"Alcohol use / intoxication / withdrawal",FALSE
"F1012",10,"Alcohol abuse with intoxication",1,"Alcohol use / intoxication / withdrawal",FALSE
"F10120",10,"Alcohol abuse with intoxication, uncomplicated",1,"Alcohol use / intoxication / withdrawal",FALSE
"F10121",10,"Alcohol abuse with intoxication delirium",1,"Alcohol use / intoxication / withdrawal",FALSE
"F10129",10,"Alcohol abuse with intoxication, unspecified",1,"Alcohol use / intoxication / withdrawal",FALSE
"F1013",10,"Alcohol abuse, with withdrawal",1,"Alcohol use / intoxication / withdrawal",FALSE
"F10130",10,"Alcohol abuse with withdrawal, uncomplicated",1,"Alcohol use / intoxication / withdrawal",FALSE
"F10131",10,"Alcohol abuse with withdrawal delirium",1,"Alcohol use / intoxication / withdrawal",FALSE
"F10132",10,"Alcohol abuse with withdrawal with perceptual disturbance",1,"Alcohol use / intoxication / withdrawal",FALSE
"F10139",10,"Alcohol abuse with withdrawal, unspecified",1,"Alcohol use / intoxication / withdrawal",FALSE
"F1014",10,"Alcohol abuse with alcohol-induced mood disorder",1,"Alcohol use / intoxication / withdrawal",FALSE
"F1018",10,"Alcohol abuse with other alcohol-induced disorders",1,"Alcohol use / intoxication / withdrawal",FALSE
"F10180",10,"Alcohol abuse with alcohol-induced anxiety disorder",1,"Alcohol use / intoxication / withdrawal",FALSE
"F10181",10,"Alcohol abuse with alcohol-induced sexual dysfunction",1,"Alcohol use / intoxication / withdrawal",FALSE
"F10182",10,"Alcohol abuse with alcohol-induced sleep disorder",1,"Alcohol use / intoxication / withdrawal",FALSE
"F10188",10,"Alcohol abuse with other alcohol-induced disorder",1,"Alcohol use / intoxication / withdrawal",FALSE
"F1019",10,"Alcohol abuse with unspecified alcohol-induced disorder",1,"Alcohol use / intoxication / withdrawal",FALSE
"F102",10,"Alcohol dependence",1,"Alcohol use / intoxication / withdrawal",FALSE
"F1020",10,"Alcohol dependence, uncomplicated",1,"Alcohol use / intoxication / withdrawal",FALSE
"F1021",10,"Alcohol dependence, in remission",1,"Alcohol use / intoxication / withdrawal",FALSE
"F1022",10,"Alcohol dependence with intoxication",1,"Alcohol use / intoxication / withdrawal",FALSE
"F10220",10,"Alcohol dependence with intoxication, uncomplicated",1,"Alcohol use / intoxication / withdrawal",FALSE
"F10221",10,"Alcohol dependence with intoxication delirium",1,"Alcohol use / intoxication / withdrawal",FALSE
"F10229",10,"Alcohol dependence with intoxication, unspecified",1,"Alcohol use / intoxication / withdrawal",FALSE
"F1023",10,"Alcohol dependence with withdrawal",1,"Alcohol use / intoxication / withdrawal",FALSE
"F10230",10,"Alcohol dependence with withdrawal, uncomplicated",1,"Alcohol use / intoxication / withdrawal",FALSE
"F10231",10,"Alcohol dependence with withdrawal delirium",1,"Alcohol use / intoxication / withdrawal",FALSE
"F10232",10,"Alcohol dependence with withdrawal with perceptual disturbance",1,"Alcohol use / intoxication / withdrawal",FALSE
"F10239",10,"Alcohol dependence with withdrawal, unspecified",1,"Alcohol use / intoxication / withdrawal",FALSE
"F1024",10,"Alcohol dependence with alcohol-induced mood disorder",1,"Alcohol use / intoxication / withdrawal",FALSE
"F1026",10,"Alcohol dependence with alcohol-induced persisting amnestic disorder",1,"Alcohol use / intoxication / withdrawal",FALSE
"F1028",10,"Alcohol dependence with other alcohol-induced disorders",1,"Alcohol use / intoxication / withdrawal",FALSE
"F10280",10,"Alcohol dependence with alcohol-induced anxiety disorder",1,"Alcohol use / intoxication / withdrawal",FALSE
"F10281",10,"Alcohol dependence with alcohol-induced sexual dysfunction",1,"Alcohol use / intoxication / withdrawal",FALSE
"F10282",10,"Alcohol dependence with alcohol-induced sleep disorder",1,"Alcohol use / intoxication / withdrawal",FALSE
"F10288",10,"Alcohol dependence with other alcohol-induced disorder",1,"Alcohol use / intoxication / withdrawal",FALSE
"F1029",10,"Alcohol dependence with unspecified alcohol-induced disorder",1,"Alcohol use / intoxication / withdrawal",FALSE
"F109",10,"Alcohol use, unspecified",1,"Alcohol use / intoxication / withdrawal",FALSE
"F1090",10,"Alcohol use, unspecified, uncomplicated",1,"Alcohol use / intoxication / withdrawal",FALSE
"F1091",10,"Alcohol use, unspecified, in remission",1,"Alcohol use / intoxication / withdrawal",FALSE
"F1092",10,"Alcohol use, unspecified with intoxication",1,"Alcohol use / intoxication / withdrawal",FALSE
"F10920",10,"Alcohol use, unspecified with intoxication, uncomplicated",1,"Alcohol use / intoxication / withdrawal",FALSE
"F10921",10,"Alcohol use, unspecified with intoxication delirium",1,"Alcohol use / intoxication / withdrawal",FALSE
"F10929",10,"Alcohol use, unspecified with intoxication, unspecified",1,"Alcohol use / intoxication / withdrawal",FALSE
"F1093",10,"Alcohol use, unspecified with withdrawal",1,"Alcohol use / intoxication / withdrawal",FALSE
"F10930",10,"Alcohol use, unspecified with withdrawal, uncomplicated",1,"Alcohol use / intoxication / withdrawal",FALSE
"F10931",10,"Alcohol use, unspecified with withdrawal delirium",1,"Alcohol use / intoxication / withdrawal",FALSE
"F10932",10,"Alcohol use, unspecified with withdrawal with perceptual disturbance",1,"Alcohol use / intoxication / withdrawal",FALSE
"F10939",10,"Alcohol use, unspecified with withdrawal, unspecified",1,"Alcohol use / intoxication / withdrawal",FALSE
"F1094",10,"Alcohol use, unspecified with alcohol-induced mood disorder",1,"Alcohol use / intoxication / withdrawal",FALSE
"F1096",10,"Alcohol use, unspecified with alcohol-induced persisting amnestic disorder",1,"Alcohol use / intoxication / withdrawal",FALSE
"F1098",10,"Alcohol use, unspecified with other alcohol-induced disorders",1,"Alcohol use / intoxication / withdrawal",FALSE
"F10980",10,"Alcohol use, unspecified with alcohol-induced anxiety disorder",1,"Alcohol use / intoxication / withdrawal",FALSE
"F10981",10,"Alcohol use, unspecified with alcohol-induced sexual dysfunction",1,"Alcohol use / intoxication / withdrawal",FALSE
"F10982",10,"Alcohol use, unspecified with alcohol-induced sleep disorder",1,"Alcohol use / intoxication / withdrawal",FALSE
"F10988",10,"Alcohol use, unspecified with other alcohol-induced disorder",1,"Alcohol use / intoxication / withdrawal",FALSE
"F1099",10,"Alcohol use, unspecified with unspecified alcohol-induced disorder",1,"Alcohol use / intoxication / withdrawal",FALSE
"F11",10,"Opioid related disorders",1,"Other substance use / drug intoxication",FALSE
"F111",10,"Opioid abuse",1,"Other substance use / drug intoxication",FALSE
"F1110",10,"Opioid abuse, uncomplicated",1,"Other substance use / drug intoxication",FALSE
"F1111",10,"Opioid abuse, in remission",1,"Other substance use / drug intoxication",FALSE
"F1112",10,"Opioid abuse with intoxication",1,"Other substance use / drug intoxication",FALSE
"F11120",10,"Opioid abuse with intoxication, uncomplicated",1,"Other substance use / drug intoxication",FALSE
"F11121",10,"Opioid abuse with intoxication delirium",1,"Other substance use / drug intoxication",FALSE
"F11122",10,"Opioid abuse with intoxication with perceptual disturbance",1,"Other substance use / drug intoxication",FALSE
"F11129",10,"Opioid abuse with intoxication, unspecified",1,"Other substance use / drug intoxication",FALSE
"F1113",10,"Opioid abuse with withdrawal",1,"Other substance use / drug intoxication",FALSE
"F1114",10,"Opioid abuse with opioid-induced mood disorder",1,"Other substance use / drug intoxication",FALSE
"F1118",10,"Opioid abuse with other opioid-induced disorder",1,"Other substance use / drug intoxication",FALSE
"F11181",10,"Opioid abuse with opioid-induced sexual dysfunction",1,"Other substance use / drug intoxication",FALSE
"F11182",10,"Opioid abuse with opioid-induced sleep disorder",1,"Other substance use / drug intoxication",FALSE
"F11188",10,"Opioid abuse with other opioid-induced disorder",1,"Other substance use / drug intoxication",FALSE
"F1119",10,"Opioid abuse with unspecified opioid-induced disorder",1,"Other substance use / drug intoxication",FALSE
"F112",10,"Opioid dependence",1,"Other substance use / drug intoxication",FALSE
"F1120",10,"Opioid dependence, uncomplicated",1,"Other substance use / drug intoxication",FALSE
"F1121",10,"Opioid dependence, in remission",1,"Other substance use / drug intoxication",FALSE
"F1122",10,"Opioid dependence with intoxication",1,"Other substance use / drug intoxication",FALSE
"F11220",10,"Opioid dependence with intoxication, uncomplicated",1,"Other substance use / drug intoxication",FALSE
"F11221",10,"Opioid dependence with intoxication delirium",1,"Other substance use / drug intoxication",FALSE
"F11222",10,"Opioid dependence with intoxication with perceptual disturbance",1,"Other substance use / drug intoxication",FALSE
"F11229",10,"Opioid dependence with intoxication, unspecified",1,"Other substance use / drug intoxication",FALSE
"F1123",10,"Opioid dependence with withdrawal",1,"Other substance use / drug intoxication",FALSE
"F1124",10,"Opioid dependence with opioid-induced mood disorder",1,"Other substance use / drug intoxication",FALSE
"F1128",10,"Opioid dependence with other opioid-induced disorder",1,"Other substance use / drug intoxication",FALSE
"F11281",10,"Opioid dependence with opioid-induced sexual dysfunction",1,"Other substance use / drug intoxication",FALSE
"F11282",10,"Opioid dependence with opioid-induced sleep disorder",1,"Other substance use / drug intoxication",FALSE
"F11288",10,"Opioid dependence with other opioid-induced disorder",1,"Other substance use / drug intoxication",FALSE
"F1129",10,"Opioid dependence with unspecified opioid-induced disorder",1,"Other substance use / drug intoxication",FALSE
"F119",10,"Opioid use, unspecified",1,"Other substance use / drug intoxication",FALSE
"F1190",10,"Opioid use, unspecified, uncomplicated",1,"Other substance use / drug intoxication",FALSE
"F1191",10,"Opioid use, unspecified, in remission",1,"Other substance use / drug intoxication",FALSE
"F1192",10,"Opioid use, unspecified with intoxication",1,"Other substance use / drug intoxication",FALSE
"F11920",10,"Opioid use, unspecified with intoxication, uncomplicated",1,"Other substance use / drug intoxication",FALSE
"F11921",10,"Opioid use, unspecified with intoxication delirium",1,"Other substance use / drug intoxication",FALSE
"F11922",10,"Opioid use, unspecified with intoxication with perceptual disturbance",1,"Other substance use / drug intoxication",FALSE
"F11929",10,"Opioid use, unspecified with intoxication, unspecified",1,"Other substance use / drug intoxication",FALSE
"F1193",10,"Opioid use, unspecified with withdrawal",1,"Other substance use / drug intoxication",FALSE
"F1194",10,"Opioid use, unspecified with opioid-induced mood disorder",1,"Other substance use / drug intoxication",FALSE
"F1198",10,"Opioid use, unspecified with other specified opioid-induced disorder",1,"Other substance use / drug intoxication",FALSE
"F11981",10,"Opioid use, unspecified with opioid-induced sexual dysfunction",1,"Other substance use / drug intoxication",FALSE
"F11982",10,"Opioid use, unspecified with opioid-induced sleep disorder",1,"Other substance use / drug intoxication",FALSE
"F11988",10,"Opioid use, unspecified with other opioid-induced disorder",1,"Other substance use / drug intoxication",FALSE
"F1199",10,"Opioid use, unspecified with unspecified opioid-induced disorder",1,"Other substance use / drug intoxication",FALSE
"F12",10,"Cannabis related disorders",1,"Other substance use / drug intoxication",FALSE
"F121",10,"Cannabis abuse",1,"Other substance use / drug intoxication",FALSE
"F1210",10,"Cannabis abuse, uncomplicated",1,"Other substance use / drug intoxication",FALSE
"F1211",10,"Cannabis abuse, in remission",1,"Other substance use / drug intoxication",FALSE
"F1212",10,"Cannabis abuse with intoxication",1,"Other substance use / drug intoxication",FALSE
"F12120",10,"Cannabis abuse with intoxication, uncomplicated",1,"Other substance use / drug intoxication",FALSE
"F12121",10,"Cannabis abuse with intoxication delirium",1,"Other substance use / drug intoxication",FALSE
"F12122",10,"Cannabis abuse with intoxication with perceptual disturbance",1,"Other substance use / drug intoxication",FALSE
"F12129",10,"Cannabis abuse with intoxication, unspecified",1,"Other substance use / drug intoxication",FALSE
"F1213",10,"Cannabis abuse with withdrawal",1,"Other substance use / drug intoxication",FALSE
"F1218",10,"Cannabis abuse with other cannabis-induced disorder",1,"Other substance use / drug intoxication",FALSE
"F12180",10,"Cannabis abuse with cannabis-induced anxiety disorder",1,"Other substance use / drug intoxication",FALSE
"F12188",10,"Cannabis abuse with other cannabis-induced disorder",1,"Other substance use / drug intoxication",FALSE
"F1219",10,"Cannabis abuse with unspecified cannabis-induced disorder",1,"Other substance use / drug intoxication",FALSE
"F122",10,"Cannabis dependence",1,"Other substance use / drug intoxication",FALSE
"F1220",10,"Cannabis dependence, uncomplicated",1,"Other substance use / drug intoxication",FALSE
"F1221",10,"Cannabis dependence, in remission",1,"Other substance use / drug intoxication",FALSE
"F1222",10,"Cannabis dependence with intoxication",1,"Other substance use / drug intoxication",FALSE
"F12220",10,"Cannabis dependence with intoxication, uncomplicated",1,"Other substance use / drug intoxication",FALSE
"F12221",10,"Cannabis dependence with intoxication delirium",1,"Other substance use / drug intoxication",FALSE
"F12222",10,"Cannabis dependence with intoxication with perceptual disturbance",1,"Other substance use / drug intoxication",FALSE
"F12229",10,"Cannabis dependence with intoxication, unspecified",1,"Other substance use / drug intoxication",FALSE
"F1223",10,"Cannabis dependence with withdrawal",1,"Other substance use / drug intoxication",FALSE
"F1228",10,"Cannabis dependence with other cannabis-induced disorder",1,"Other substance use / drug intoxication",FALSE
"F12280",10,"Cannabis dependence with cannabis-induced anxiety disorder",1,"Other substance use / drug intoxication",FALSE
"F12288",10,"Cannabis dependence with other cannabis-induced disorder",1,"Other substance use / drug intoxication",FALSE
"F1229",10,"Cannabis dependence with unspecified cannabis-induced disorder",1,"Other substance use / drug intoxication",FALSE
"F129",10,"Cannabis use, unspecified",1,"Other substance use / drug intoxication",FALSE
"F1290",10,"Cannabis use, unspecified, uncomplicated",1,"Other substance use / drug intoxication",FALSE
"F1291",10,"Cannabis use, unspecified, in remission",1,"Other substance use / drug intoxication",FALSE
"F1292",10,"Cannabis use, unspecified with intoxication",1,"Other substance use / drug intoxication",FALSE
"F12920",10,"Cannabis use, unspecified with intoxication, uncomplicated",1,"Other substance use / drug intoxication",FALSE
"F12921",10,"Cannabis use, unspecified with intoxication delirium",1,"Other substance use / drug intoxication",FALSE
"F12922",10,"Cannabis use, unspecified with intoxication with perceptual disturbance",1,"Other substance use / drug intoxication",FALSE
"F12929",10,"Cannabis use, unspecified with intoxication, unspecified",1,"Other substance use / drug intoxication",FALSE
"F1293",10,"Cannabis use, unspecified with withdrawal",1,"Other substance use / drug intoxication",FALSE
"F1298",10,"Cannabis use, unspecified with other cannabis-induced disorder",1,"Other substance use / drug intoxication",FALSE
"F12980",10,"Cannabis use, unspecified with anxiety disorder",1,"Other substance use / drug intoxication",FALSE
"F12988",10,"Cannabis use, unspecified with other cannabis-induced disorder",1,"Other substance use / drug intoxication",FALSE
"F1299",10,"Cannabis use, unspecified with unspecified cannabis-induced disorder",1,"Other substance use / drug intoxication",FALSE
"F13",10,"Sedative, hypnotic, or anxiolytic related disorders",1,"Other substance use / drug intoxication",FALSE
"F131",10,"Sedative, hypnotic or anxiolytic-related abuse",1,"Other substance use / drug intoxication",FALSE
"F1310",10,"Sedative, hypnotic or anxiolytic abuse, uncomplicated",1,"Other substance use / drug intoxication",FALSE
"F1311",10,"Sedative, hypnotic or anxiolytic abuse, in remission",1,"Other substance use / drug intoxication",FALSE
"F1312",10,"Sedative, hypnotic or anxiolytic abuse with intoxication",1,"Other substance use / drug intoxication",FALSE
"F13120",10,"Sedative, hypnotic or anxiolytic abuse with intoxication, uncomplicated",1,"Other substance use / drug intoxication",FALSE
"F13121",10,"Sedative, hypnotic or anxiolytic abuse with intoxication delirium",1,"Other substance use / drug intoxication",FALSE
"F13129",10,"Sedative, hypnotic or anxiolytic abuse with intoxication, unspecified",1,"Other substance use / drug intoxication",FALSE
"F1313",10,"Sedative, hypnotic or anxiolytic abuse with withdrawal",1,"Other substance use / drug intoxication",FALSE
"F13130",10,"Sedative, hypnotic or anxiolytic abuse with withdrawal, uncomplicated",1,"Other substance use / drug intoxication",FALSE
"F13131",10,"Sedative, hypnotic or anxiolytic abuse with withdrawal delirium",1,"Other substance use / drug intoxication",FALSE
"F13132",10,"Sedative, hypnotic or anxiolytic abuse with withdrawal with perceptual disturbance",1,"Other substance use / drug intoxication",FALSE
"F13139",10,"Sedative, hypnotic or anxiolytic abuse with withdrawal, unspecified",1,"Other substance use / drug intoxication",FALSE
"F1314",10,"Sedative, hypnotic or anxiolytic abuse with sedative, hypnotic or anxiolytic-induced mood disorder",1,"Other substance use / drug intoxication",FALSE
"F1318",10,"Sedative, hypnotic or anxiolytic abuse with other sedative, hypnotic or anxiolytic-induced disorders",1,"Other substance use / drug intoxication",FALSE
"F13180",10,"Sedative, hypnotic or anxiolytic abuse with sedative, hypnotic or anxiolytic-induced anxiety disorder",1,"Other substance use / drug intoxication",FALSE
"F13181",10,"Sedative, hypnotic or anxiolytic abuse with sedative, hypnotic or anxiolytic-induced sexual dysfunction",1,"Other substance use / drug intoxication",FALSE
"F13182",10,"Sedative, hypnotic or anxiolytic abuse with sedative, hypnotic or anxiolytic-induced sleep disorder",1,"Other substance use / drug intoxication",FALSE
"F13188",10,"Sedative, hypnotic or anxiolytic abuse with other sedative, hypnotic or anxiolytic-induced disorder",1,"Other substance use / drug intoxication",FALSE
"F1319",10,"Sedative, hypnotic or anxiolytic abuse with unspecified sedative, hypnotic or anxiolytic-induced disorder",1,"Other substance use / drug intoxication",FALSE
"F132",10,"Sedative, hypnotic or anxiolytic-related dependence",1,"Other substance use / drug intoxication",FALSE
"F1320",10,"Sedative, hypnotic or anxiolytic dependence, uncomplicated",1,"Other substance use / drug intoxication",FALSE
"F1321",10,"Sedative, hypnotic or anxiolytic dependence, in remission",1,"Other substance use / drug intoxication",FALSE
"F1322",10,"Sedative, hypnotic or anxiolytic dependence with intoxication",1,"Other substance use / drug intoxication",FALSE
"F13220",10,"Sedative, hypnotic or anxiolytic dependence with intoxication, uncomplicated",1,"Other substance use / drug intoxication",FALSE
"F13221",10,"Sedative, hypnotic or anxiolytic dependence with intoxication delirium",1,"Other substance use / drug intoxication",FALSE
"F13229",10,"Sedative, hypnotic or anxiolytic dependence with intoxication, unspecified",1,"Other substance use / drug intoxication",FALSE
"F1323",10,"Sedative, hypnotic or anxiolytic dependence with withdrawal",1,"Other substance use / drug intoxication",FALSE
"F13230",10,"Sedative, hypnotic or anxiolytic dependence with withdrawal, uncomplicated",1,"Other substance use / drug intoxication",FALSE
"F13231",10,"Sedative, hypnotic or anxiolytic dependence with withdrawal delirium",1,"Other substance use / drug intoxication",FALSE
"F13232",10,"Sedative, hypnotic or anxiolytic dependence with withdrawal with perceptual disturbance",1,"Other substance use / drug intoxication",FALSE
"F13239",10,"Sedative, hypnotic or anxiolytic dependence with withdrawal, unspecified",1,"Other substance use / drug intoxication",FALSE
"F1324",10,"Sedative, hypnotic or anxiolytic dependence with sedative, hypnotic or anxiolytic-induced mood disorder",1,"Other substance use / drug intoxication",FALSE
"F1326",10,"Sedative, hypnotic or anxiolytic dependence with sedative, hypnotic or anxiolytic-induced persisting amnestic disorder",1,"Other substance use / drug intoxication",FALSE
"F1328",10,"Sedative, hypnotic or anxiolytic dependence with other sedative, hypnotic or anxiolytic-induced disorders",1,"Other substance use / drug intoxication",FALSE
"F13280",10,"Sedative, hypnotic or anxiolytic dependence with sedative, hypnotic or anxiolytic-induced anxiety disorder",1,"Other substance use / drug intoxication",FALSE
"F13281",10,"Sedative, hypnotic or anxiolytic dependence with sedative, hypnotic or anxiolytic-induced sexual dysfunction",1,"Other substance use / drug intoxication",FALSE
"F13282",10,"Sedative, hypnotic or anxiolytic dependence with sedative, hypnotic or anxiolytic-induced sleep disorder",1,"Other substance use / drug intoxication",FALSE
"F13288",10,"Sedative, hypnotic or anxiolytic dependence with other sedative, hypnotic or anxiolytic-induced disorder",1,"Other substance use / drug intoxication",FALSE
"F1329",10,"Sedative, hypnotic or anxiolytic dependence with unspecified sedative, hypnotic or anxiolytic-induced disorder",1,"Other substance use / drug intoxication",FALSE
"F139",10,"Sedative, hypnotic or anxiolytic-related use, unspecified",1,"Other substance use / drug intoxication",FALSE
"F1390",10,"Sedative, hypnotic, or anxiolytic use, unspecified, uncomplicated",1,"Other substance use / drug intoxication",FALSE
"F1391",10,"Sedative, hypnotic or anxiolytic use, unspecified, in remission",1,"Other substance use / drug intoxication",FALSE
"F1392",10,"Sedative, hypnotic or anxiolytic use, unspecified with intoxication",1,"Other substance use / drug intoxication",FALSE
"F13920",10,"Sedative, hypnotic or anxiolytic use, unspecified with intoxication, uncomplicated",1,"Other substance use / drug intoxication",FALSE
"F13921",10,"Sedative, hypnotic or anxiolytic use, unspecified with intoxication delirium",1,"Other substance use / drug intoxication",FALSE
"F13929",10,"Sedative, hypnotic or anxiolytic use, unspecified with intoxication, unspecified",1,"Other substance use / drug intoxication",FALSE
"F1393",10,"Sedative, hypnotic or anxiolytic use, unspecified with withdrawal",1,"Other substance use / drug intoxication",FALSE
"F13930",10,"Sedative, hypnotic or anxiolytic use, unspecified with withdrawal, uncomplicated",1,"Other substance use / drug intoxication",FALSE
"F13931",10,"Sedative, hypnotic or anxiolytic use, unspecified with withdrawal delirium",1,"Other substance use / drug intoxication",FALSE
"F13932",10,"Sedative, hypnotic or anxiolytic use, unspecified with withdrawal with perceptual disturbances",1,"Other substance use / drug intoxication",FALSE
"F13939",10,"Sedative, hypnotic or anxiolytic use, unspecified with withdrawal, unspecified",1,"Other substance use / drug intoxication",FALSE
"F1394",10,"Sedative, hypnotic or anxiolytic use, unspecified with sedative, hypnotic or anxiolytic-induced mood disorder",1,"Other substance use / drug intoxication",FALSE
"F1396",10,"Sedative, hypnotic or anxiolytic use, unspecified with sedative, hypnotic or anxiolytic-induced persisting amnestic disorder",1,"Other substance use / drug intoxication",FALSE
"F1398",10,"Sedative, hypnotic or anxiolytic use, unspecified with other sedative, hypnotic or anxiolytic-induced disorders",1,"Other substance use / drug intoxication",FALSE
"F13980",10,"Sedative, hypnotic or anxiolytic use, unspecified with sedative, hypnotic or anxiolytic-induced anxiety disorder",1,"Other substance use / drug intoxication",FALSE
"F13981",10,"Sedative, hypnotic or anxiolytic use, unspecified with sedative, hypnotic or anxiolytic-induced sexual dysfunction",1,"Other substance use / drug intoxication",FALSE
"F13982",10,"Sedative, hypnotic or anxiolytic use, unspecified with sedative, hypnotic or anxiolytic-induced sleep disorder",1,"Other substance use / drug intoxication",FALSE
"F13988",10,"Sedative, hypnotic or anxiolytic use, unspecified with other sedative, hypnotic or anxiolytic-induced disorder",1,"Other substance use / drug intoxication",FALSE
"F1399",10,"Sedative, hypnotic or anxiolytic use, unspecified with unspecified sedative, hypnotic or anxiolytic-induced disorder",1,"Other substance use / drug intoxication",FALSE
"F14",10,"Cocaine related disorders",1,"Other substance use / drug intoxication",FALSE
"F141",10,"Cocaine abuse",1,"Other substance use / drug intoxication",FALSE
"F1410",10,"Cocaine abuse, uncomplicated",1,"Other substance use / drug intoxication",FALSE
"F1411",10,"Cocaine abuse, in remission",1,"Other substance use / drug intoxication",FALSE
"F1412",10,"Cocaine abuse with intoxication",1,"Other substance use / drug intoxication",FALSE
"F14120",10,"Cocaine abuse with intoxication, uncomplicated",1,"Other substance use / drug intoxication",FALSE
"F14121",10,"Cocaine abuse with intoxication with delirium",1,"Other substance use / drug intoxication",FALSE
"F14122",10,"Cocaine abuse with intoxication with perceptual disturbance",1,"Other substance use / drug intoxication",FALSE
"F14129",10,"Cocaine abuse with intoxication, unspecified",1,"Other substance use / drug intoxication",FALSE
"F1413",10,"Cocaine abuse, unspecified with withdrawal",1,"Other substance use / drug intoxication",FALSE
"F1414",10,"Cocaine abuse with cocaine-induced mood disorder",1,"Other substance use / drug intoxication",FALSE
"F1418",10,"Cocaine abuse with other cocaine-induced disorder",1,"Other substance use / drug intoxication",FALSE
"F14180",10,"Cocaine abuse with cocaine-induced anxiety disorder",1,"Other substance use / drug intoxication",FALSE
"F14181",10,"Cocaine abuse with cocaine-induced sexual dysfunction",1,"Other substance use / drug intoxication",FALSE
"F14182",10,"Cocaine abuse with cocaine-induced sleep disorder",1,"Other substance use / drug intoxication",FALSE
"F14188",10,"Cocaine abuse with other cocaine-induced disorder",1,"Other substance use / drug intoxication",FALSE
"F1419",10,"Cocaine abuse with unspecified cocaine-induced disorder",1,"Other substance use / drug intoxication",FALSE
"F142",10,"Cocaine dependence",1,"Other substance use / drug intoxication",FALSE
"F1420",10,"Cocaine dependence, uncomplicated",1,"Other substance use / drug intoxication",FALSE
"F1421",10,"Cocaine dependence, in remission",1,"Other substance use / drug intoxication",FALSE
"F1422",10,"Cocaine dependence with intoxication",1,"Other substance use / drug intoxication",FALSE
"F14220",10,"Cocaine dependence with intoxication, uncomplicated",1,"Other substance use / drug intoxication",FALSE
"F14221",10,"Cocaine dependence with intoxication delirium",1,"Other substance use / drug intoxication",FALSE
"F14222",10,"Cocaine dependence with intoxication with perceptual disturbance",1,"Other substance use / drug intoxication",FALSE
"F14229",10,"Cocaine dependence with intoxication, unspecified",1,"Other substance use / drug intoxication",FALSE
"F1423",10,"Cocaine dependence with withdrawal",1,"Other substance use / drug intoxication",FALSE
"F1424",10,"Cocaine dependence with cocaine-induced mood disorder",1,"Other substance use / drug intoxication",FALSE
"F1428",10,"Cocaine dependence with other cocaine-induced disorder",1,"Other substance use / drug intoxication",FALSE
"F14280",10,"Cocaine dependence with cocaine-induced anxiety disorder",1,"Other substance use / drug intoxication",FALSE
"F14281",10,"Cocaine dependence with cocaine-induced sexual dysfunction",1,"Other substance use / drug intoxication",FALSE
"F14282",10,"Cocaine dependence with cocaine-induced sleep disorder",1,"Other substance use / drug intoxication",FALSE
"F14288",10,"Cocaine dependence with other cocaine-induced disorder",1,"Other substance use / drug intoxication",FALSE
"F1429",10,"Cocaine dependence with unspecified cocaine-induced disorder",1,"Other substance use / drug intoxication",FALSE
"F149",10,"Cocaine use, unspecified",1,"Other substance use / drug intoxication",FALSE
"F1490",10,"Cocaine use, unspecified, uncomplicated",1,"Other substance use / drug intoxication",FALSE
"F1491",10,"Cocaine use, unspecified, in remission",1,"Other substance use / drug intoxication",FALSE
"F1492",10,"Cocaine use, unspecified with intoxication",1,"Other substance use / drug intoxication",FALSE
"F14920",10,"Cocaine use, unspecified with intoxication, uncomplicated",1,"Other substance use / drug intoxication",FALSE
"F14921",10,"Cocaine use, unspecified with intoxication delirium",1,"Other substance use / drug intoxication",FALSE
"F14922",10,"Cocaine use, unspecified with intoxication with perceptual disturbance",1,"Other substance use / drug intoxication",FALSE
"F14929",10,"Cocaine use, unspecified with intoxication, unspecified",1,"Other substance use / drug intoxication",FALSE
"F1493",10,"Cocaine use, unspecified with withdrawal",1,"Other substance use / drug intoxication",FALSE
"F1494",10,"Cocaine use, unspecified with cocaine-induced mood disorder",1,"Other substance use / drug intoxication",FALSE
"F1498",10,"Cocaine use, unspecified with other specified cocaine-induced disorder",1,"Other substance use / drug intoxication",FALSE
"F14980",10,"Cocaine use, unspecified with cocaine-induced anxiety disorder",1,"Other substance use / drug intoxication",FALSE
"F14981",10,"Cocaine use, unspecified with cocaine-induced sexual dysfunction",1,"Other substance use / drug intoxication",FALSE
"F14982",10,"Cocaine use, unspecified with cocaine-induced sleep disorder",1,"Other substance use / drug intoxication",FALSE
"F14988",10,"Cocaine use, unspecified with other cocaine-induced disorder",1,"Other substance use / drug intoxication",FALSE
"F1499",10,"Cocaine use, unspecified with unspecified cocaine-induced disorder",1,"Other substance use / drug intoxication",FALSE
"F15",10,"Other stimulant related disorders",1,"Other substance use / drug intoxication",FALSE
"F151",10,"Other stimulant abuse",1,"Other substance use / drug intoxication",FALSE
"F1510",10,"Other stimulant abuse, uncomplicated",1,"Other substance use / drug intoxication",FALSE
"F1511",10,"Other stimulant abuse, in remission",1,"Other substance use / drug intoxication",FALSE
"F1512",10,"Other stimulant abuse with intoxication",1,"Other substance use / drug intoxication",FALSE
"F15120",10,"Other stimulant abuse with intoxication, uncomplicated",1,"Other substance use / drug intoxication",FALSE
"F15121",10,"Other stimulant abuse with intoxication delirium",1,"Other substance use / drug intoxication",FALSE
"F15122",10,"Other stimulant abuse with intoxication with perceptual disturbance",1,"Other substance use / drug intoxication",FALSE
"F15129",10,"Other stimulant abuse with intoxication, unspecified",1,"Other substance use / drug intoxication",FALSE
"F1513",10,"Other stimulant abuse with withdrawal",1,"Other substance use / drug intoxication",FALSE
"F1514",10,"Other stimulant abuse with stimulant-induced mood disorder",1,"Other substance use / drug intoxication",FALSE
"F1518",10,"Other stimulant abuse with other stimulant-induced disorder",1,"Other substance use / drug intoxication",FALSE
"F15180",10,"Other stimulant abuse with stimulant-induced anxiety disorder",1,"Other substance use / drug intoxication",FALSE
"F15181",10,"Other stimulant abuse with stimulant-induced sexual dysfunction",1,"Other substance use / drug intoxication",FALSE
"F15182",10,"Other stimulant abuse with stimulant-induced sleep disorder",1,"Other substance use / drug intoxication",FALSE
"F15188",10,"Other stimulant abuse with other stimulant-induced disorder",1,"Other substance use / drug intoxication",FALSE
"F1519",10,"Other stimulant abuse with unspecified stimulant-induced disorder",1,"Other substance use / drug intoxication",FALSE
"F152",10,"Other stimulant dependence",1,"Other substance use / drug intoxication",FALSE
"F1520",10,"Other stimulant dependence, uncomplicated",1,"Other substance use / drug intoxication",FALSE
"F1521",10,"Other stimulant dependence, in remission",1,"Other substance use / drug intoxication",FALSE
"F1522",10,"Other stimulant dependence with intoxication",1,"Other substance use / drug intoxication",FALSE
"F15220",10,"Other stimulant dependence with intoxication, uncomplicated",1,"Other substance use / drug intoxication",FALSE
"F15221",10,"Other stimulant dependence with intoxication delirium",1,"Other substance use / drug intoxication",FALSE
"F15222",10,"Other stimulant dependence with intoxication with perceptual disturbance",1,"Other substance use / drug intoxication",FALSE
"F15229",10,"Other stimulant dependence with intoxication, unspecified",1,"Other substance use / drug intoxication",FALSE
"F1523",10,"Other stimulant dependence with withdrawal",1,"Other substance use / drug intoxication",FALSE
"F1524",10,"Other stimulant dependence with stimulant-induced mood disorder",1,"Other substance use / drug intoxication",FALSE
"F1528",10,"Other stimulant dependence with other stimulant-induced disorder",1,"Other substance use / drug intoxication",FALSE
"F15280",10,"Other stimulant dependence with stimulant-induced anxiety disorder",1,"Other substance use / drug intoxication",FALSE
"F15281",10,"Other stimulant dependence with stimulant-induced sexual dysfunction",1,"Other substance use / drug intoxication",FALSE
"F15282",10,"Other stimulant dependence with stimulant-induced sleep disorder",1,"Other substance use / drug intoxication",FALSE
"F15288",10,"Other stimulant dependence with other stimulant-induced disorder",1,"Other substance use / drug intoxication",FALSE
"F1529",10,"Other stimulant dependence with unspecified stimulant-induced disorder",1,"Other substance use / drug intoxication",FALSE
"F159",10,"Other stimulant use, unspecified",1,"Other substance use / drug intoxication",FALSE
"F1590",10,"Other stimulant use, unspecified, uncomplicated",1,"Other substance use / drug intoxication",FALSE
"F1591",10,"Other stimulant use, unspecified, in remission",1,"Other substance use / drug intoxication",FALSE
"F1592",10,"Other stimulant use, unspecified with intoxication",1,"Other substance use / drug intoxication",FALSE
"F15920",10,"Other stimulant use, unspecified with intoxication, uncomplicated",1,"Other substance use / drug intoxication",FALSE
"F15921",10,"Other stimulant use, unspecified with intoxication delirium",1,"Other substance use / drug intoxication",FALSE
"F15922",10,"Other stimulant use, unspecified with intoxication with perceptual disturbance",1,"Other substance use / drug intoxication",FALSE
"F15929",10,"Other stimulant use, unspecified with intoxication, unspecified",1,"Other substance use / drug intoxication",FALSE
"F1593",10,"Other stimulant use, unspecified with withdrawal",1,"Other substance use / drug intoxication",FALSE
"F1594",10,"Other stimulant use, unspecified with stimulant-induced mood disorder",1,"Other substance use / drug intoxication",FALSE
"F1598",10,"Other stimulant use, unspecified with other stimulant-induced disorder",1,"Other substance use / drug intoxication",FALSE
"F15980",10,"Other stimulant use, unspecified with stimulant-induced anxiety disorder",1,"Other substance use / drug intoxication",FALSE
"F15981",10,"Other stimulant use, unspecified with stimulant-induced sexual dysfunction",1,"Other substance use / drug intoxication",FALSE
"F15982",10,"Other stimulant use, unspecified with stimulant-induced sleep disorder",1,"Other substance use / drug intoxication",FALSE
"F15988",10,"Other stimulant use, unspecified with other stimulant-induced disorder",1,"Other substance use / drug intoxication",FALSE
"F1599",10,"Other stimulant use, unspecified with unspecified stimulant-induced disorder",1,"Other substance use / drug intoxication",FALSE
"F16",10,"Hallucinogen related disorders",1,"Other substance use / drug intoxication",FALSE
"F161",10,"Hallucinogen abuse",1,"Other substance use / drug intoxication",FALSE
"F1610",10,"Hallucinogen abuse, uncomplicated",1,"Other substance use / drug intoxication",FALSE
"F1611",10,"Hallucinogen abuse, in remission",1,"Other substance use / drug intoxication",FALSE
"F1612",10,"Hallucinogen abuse with intoxication",1,"Other substance use / drug intoxication",FALSE
"F16120",10,"Hallucinogen abuse with intoxication, uncomplicated",1,"Other substance use / drug intoxication",FALSE
"F16121",10,"Hallucinogen abuse with intoxication with delirium",1,"Other substance use / drug intoxication",FALSE
"F16122",10,"Hallucinogen abuse with intoxication with perceptual disturbance",1,"Other substance use / drug intoxication",FALSE
"F16129",10,"Hallucinogen abuse with intoxication, unspecified",1,"Other substance use / drug intoxication",FALSE
"F1614",10,"Hallucinogen abuse with hallucinogen-induced mood disorder",1,"Other substance use / drug intoxication",FALSE
"F1618",10,"Hallucinogen abuse with other hallucinogen-induced disorder",1,"Other substance use / drug intoxication",FALSE
"F16180",10,"Hallucinogen abuse with hallucinogen-induced anxiety disorder",1,"Other substance use / drug intoxication",FALSE
"F16183",10,"Hallucinogen abuse with hallucinogen persisting perception disorder (flashbacks)",1,"Other substance use / drug intoxication",FALSE
"F16188",10,"Hallucinogen abuse with other hallucinogen-induced disorder",1,"Other substance use / drug intoxication",FALSE
"F1619",10,"Hallucinogen abuse with unspecified hallucinogen-induced disorder",1,"Other substance use / drug intoxication",FALSE
"F162",10,"Hallucinogen dependence",1,"Other substance use / drug intoxication",FALSE
"F1620",10,"Hallucinogen dependence, uncomplicated",1,"Other substance use / drug intoxication",FALSE
"F1621",10,"Hallucinogen dependence, in remission",1,"Other substance use / drug intoxication",FALSE
"F1622",10,"Hallucinogen dependence with intoxication",1,"Other substance use / drug intoxication",FALSE
"F16220",10,"Hallucinogen dependence with intoxication, uncomplicated",1,"Other substance use / drug intoxication",FALSE
"F16221",10,"Hallucinogen dependence with intoxication with delirium",1,"Other substance use / drug intoxication",FALSE
"F16229",10,"Hallucinogen dependence with intoxication, unspecified",1,"Other substance use / drug intoxication",FALSE
"F1624",10,"Hallucinogen dependence with hallucinogen-induced mood disorder",1,"Other substance use / drug intoxication",FALSE
"F1628",10,"Hallucinogen dependence with other hallucinogen-induced disorder",1,"Other substance use / drug intoxication",FALSE
"F16280",10,"Hallucinogen dependence with hallucinogen-induced anxiety disorder",1,"Other substance use / drug intoxication",FALSE
"F16283",10,"Hallucinogen dependence with hallucinogen persisting perception disorder (flashbacks)",1,"Other substance use / drug intoxication",FALSE
"F16288",10,"Hallucinogen dependence with other hallucinogen-induced disorder",1,"Other substance use / drug intoxication",FALSE
"F1629",10,"Hallucinogen dependence with unspecified hallucinogen-induced disorder",1,"Other substance use / drug intoxication",FALSE
"F169",10,"Hallucinogen use, unspecified",1,"Other substance use / drug intoxication",FALSE
"F1690",10,"Hallucinogen use, unspecified, uncomplicated",1,"Other substance use / drug intoxication",FALSE
"F1691",10,"Hallucinogen use, unspecified, in remission",1,"Other substance use / drug intoxication",FALSE
"F1692",10,"Hallucinogen use, unspecified with intoxication",1,"Other substance use / drug intoxication",FALSE
"F16920",10,"Hallucinogen use, unspecified with intoxication, uncomplicated",1,"Other substance use / drug intoxication",FALSE
"F16921",10,"Hallucinogen use, unspecified with intoxication with delirium",1,"Other substance use / drug intoxication",FALSE
"F16929",10,"Hallucinogen use, unspecified with intoxication, unspecified",1,"Other substance use / drug intoxication",FALSE
"F1694",10,"Hallucinogen use, unspecified with hallucinogen-induced mood disorder",1,"Other substance use / drug intoxication",FALSE
"F1698",10,"Hallucinogen use, unspecified with other specified hallucinogen-induced disorder",1,"Other substance use / drug intoxication",FALSE
"F16980",10,"Hallucinogen use, unspecified with hallucinogen-induced anxiety disorder",1,"Other substance use / drug intoxication",FALSE
"F16983",10,"Hallucinogen use, unspecified with hallucinogen persisting perception disorder (flashbacks)",1,"Other substance use / drug intoxication",FALSE
"F16988",10,"Hallucinogen use, unspecified with other hallucinogen-induced disorder",1,"Other substance use / drug intoxication",FALSE
"F1699",10,"Hallucinogen use, unspecified with unspecified hallucinogen-induced disorder",1,"Other substance use / drug intoxication",FALSE
"F17",10,"Nicotine dependence",1,"Other substance use / drug intoxication",FALSE
"F172",10,"Nicotine dependence",1,"Other substance use / drug intoxication",FALSE
"F1720",10,"Nicotine dependence, unspecified",1,"Other substance use / drug intoxication",FALSE
"F17200",10,"Nicotine dependence, unspecified, uncomplicated",1,"Other substance use / drug intoxication",FALSE
"F17201",10,"Nicotine dependence, unspecified, in remission",1,"Other substance use / drug intoxication",FALSE
"F17203",10,"Nicotine dependence unspecified, with withdrawal",1,"Other substance use / drug intoxication",FALSE
"F17208",10,"Nicotine dependence, unspecified, with other nicotine-induced disorders",1,"Other substance use / drug intoxication",FALSE
"F17209",10,"Nicotine dependence, unspecified, with unspecified nicotine-induced disorders",1,"Other substance use / drug intoxication",FALSE
"F1721",10,"Nicotine dependence, cigarettes",1,"Other substance use / drug intoxication",FALSE
"F17210",10,"Nicotine dependence, cigarettes, uncomplicated",1,"Other substance use / drug intoxication",FALSE
"F17211",10,"Nicotine dependence, cigarettes, in remission",1,"Other substance use / drug intoxication",FALSE
"F17213",10,"Nicotine dependence, cigarettes, with withdrawal",1,"Other substance use / drug intoxication",FALSE
"F17218",10,"Nicotine dependence, cigarettes, with other nicotine-induced disorders",1,"Other substance use / drug intoxication",FALSE
"F17219",10,"Nicotine dependence, cigarettes, with unspecified nicotine-induced disorders",1,"Other substance use / drug intoxication",FALSE
"F1722",10,"Nicotine dependence, chewing tobacco",1,"Other substance use / drug intoxication",FALSE
"F17220",10,"Nicotine dependence, chewing tobacco, uncomplicated",1,"Other substance use / drug intoxication",FALSE
"F17221",10,"Nicotine dependence, chewing tobacco, in remission",1,"Other substance use / drug intoxication",FALSE
"F17223",10,"Nicotine dependence, chewing tobacco, with withdrawal",1,"Other substance use / drug intoxication",FALSE
"F17228",10,"Nicotine dependence, chewing tobacco, with other nicotine-induced disorders",1,"Other substance use / drug intoxication",FALSE
"F17229",10,"Nicotine dependence, chewing tobacco, with unspecified nicotine-induced disorders",1,"Other substance use / drug intoxication",FALSE
"F1729",10,"Nicotine dependence, other tobacco product",1,"Other substance use / drug intoxication",FALSE
"F17290",10,"Nicotine dependence, other tobacco product, uncomplicated",1,"Other substance use / drug intoxication",FALSE
"F17291",10,"Nicotine dependence, other tobacco product, in remission",1,"Other substance use / drug intoxication",FALSE
"F17293",10,"Nicotine dependence, other tobacco product, with withdrawal",1,"Other substance use / drug intoxication",FALSE
"F17298",10,"Nicotine dependence, other tobacco product, with other nicotine-induced disorders",1,"Other substance use / drug intoxication",FALSE
"F17299",10,"Nicotine dependence, other tobacco product, with unspecified nicotine-induced disorders",1,"Other substance use / drug intoxication",FALSE
"F18",10,"Inhalant related disorders",1,"Other substance use / drug intoxication",FALSE
"F181",10,"Inhalant abuse",1,"Other substance use / drug intoxication",FALSE
"F1810",10,"Inhalant abuse, uncomplicated",1,"Other substance use / drug intoxication",FALSE
"F1811",10,"Inhalant abuse, in remission",1,"Other substance use / drug intoxication",FALSE
"F1812",10,"Inhalant abuse with intoxication",1,"Other substance use / drug intoxication",FALSE
"F18120",10,"Inhalant abuse with intoxication, uncomplicated",1,"Other substance use / drug intoxication",FALSE
"F18121",10,"Inhalant abuse with intoxication delirium",1,"Other substance use / drug intoxication",FALSE
"F18129",10,"Inhalant abuse with intoxication, unspecified",1,"Other substance use / drug intoxication",FALSE
"F1814",10,"Inhalant abuse with inhalant-induced mood disorder",1,"Other substance use / drug intoxication",FALSE
"F1818",10,"Inhalant abuse with other inhalant-induced disorders",1,"Other substance use / drug intoxication",FALSE
"F18180",10,"Inhalant abuse with inhalant-induced anxiety disorder",1,"Other substance use / drug intoxication",FALSE
"F18188",10,"Inhalant abuse with other inhalant-induced disorder",1,"Other substance use / drug intoxication",FALSE
"F1819",10,"Inhalant abuse with unspecified inhalant-induced disorder",1,"Other substance use / drug intoxication",FALSE
"F182",10,"Inhalant dependence",1,"Other substance use / drug intoxication",FALSE
"F1820",10,"Inhalant dependence, uncomplicated",1,"Other substance use / drug intoxication",FALSE
"F1821",10,"Inhalant dependence, in remission",1,"Other substance use / drug intoxication",FALSE
"F1822",10,"Inhalant dependence with intoxication",1,"Other substance use / drug intoxication",FALSE
"F18220",10,"Inhalant dependence with intoxication, uncomplicated",1,"Other substance use / drug intoxication",FALSE
"F18221",10,"Inhalant dependence with intoxication delirium",1,"Other substance use / drug intoxication",FALSE
"F18229",10,"Inhalant dependence with intoxication, unspecified",1,"Other substance use / drug intoxication",FALSE
"F1824",10,"Inhalant dependence with inhalant-induced mood disorder",1,"Other substance use / drug intoxication",FALSE
"F1828",10,"Inhalant dependence with other inhalant-induced disorders",1,"Other substance use / drug intoxication",FALSE
"F18280",10,"Inhalant dependence with inhalant-induced anxiety disorder",1,"Other substance use / drug intoxication",FALSE
"F18288",10,"Inhalant dependence with other inhalant-induced disorder",1,"Other substance use / drug intoxication",FALSE
"F1829",10,"Inhalant dependence with unspecified inhalant-induced disorder",1,"Other substance use / drug intoxication",FALSE
"F189",10,"Inhalant use, unspecified",1,"Other substance use / drug intoxication",FALSE
"F1890",10,"Inhalant use, unspecified, uncomplicated",1,"Other substance use / drug intoxication",FALSE
"F1891",10,"Inhalant use, unspecified, in remission",1,"Other substance use / drug intoxication",FALSE
"F1892",10,"Inhalant use, unspecified with intoxication",1,"Other substance use / drug intoxication",FALSE
"F18920",10,"Inhalant use, unspecified with intoxication, uncomplicated",1,"Other substance use / drug intoxication",FALSE
"F18921",10,"Inhalant use, unspecified with intoxication with delirium",1,"Other substance use / drug intoxication",FALSE
"F18929",10,"Inhalant use, unspecified with intoxication, unspecified",1,"Other substance use / drug intoxication",FALSE
"F1894",10,"Inhalant use, unspecified with inhalant-induced mood disorder",1,"Other substance use / drug intoxication",FALSE
"F1898",10,"Inhalant use, unspecified with other inhalant-induced disorders",1,"Other substance use / drug intoxication",FALSE
"F18980",10,"Inhalant use, unspecified with inhalant-induced anxiety disorder",1,"Other substance use / drug intoxication",FALSE
"F18988",10,"Inhalant use, unspecified with other inhalant-induced disorder",1,"Other substance use / drug intoxication",FALSE
"F1899",10,"Inhalant use, unspecified with unspecified inhalant-induced disorder",1,"Other substance use / drug intoxication",FALSE
"F19",10,"Other psychoactive substance related disorders",1,"Other substance use / drug intoxication",FALSE
"F191",10,"Other psychoactive substance abuse",1,"Other substance use / drug intoxication",FALSE
"F1910",10,"Other psychoactive substance abuse, uncomplicated",1,"Other substance use / drug intoxication",FALSE
"F1911",10,"Other psychoactive substance abuse, in remission",1,"Other substance use / drug intoxication",FALSE
"F1912",10,"Other psychoactive substance abuse with intoxication",1,"Other substance use / drug intoxication",FALSE
"F19120",10,"Other psychoactive substance abuse with intoxication, uncomplicated",1,"Other substance use / drug intoxication",FALSE
"F19121",10,"Other psychoactive substance abuse with intoxication delirium",1,"Other substance use / drug intoxication",FALSE
"F19122",10,"Other psychoactive substance abuse with intoxication with perceptual disturbances",1,"Other substance use / drug intoxication",FALSE
"F19129",10,"Other psychoactive substance abuse with intoxication, unspecified",1,"Other substance use / drug intoxication",FALSE
"F1913",10,"Other psychoactive substance abuse with withdrawal",1,"Other substance use / drug intoxication",FALSE
"F19130",10,"Other psychoactive substance abuse with withdrawal, uncomplicated",1,"Other substance use / drug intoxication",FALSE
"F19131",10,"Other psychoactive substance abuse with withdrawal delirium",1,"Other substance use / drug intoxication",FALSE
"F19132",10,"Other psychoactive substance abuse with withdrawal with perceptual disturbance",1,"Other substance use / drug intoxication",FALSE
"F19139",10,"Other psychoactive substance abuse with withdrawal, unspecified",1,"Other substance use / drug intoxication",FALSE
"F1914",10,"Other psychoactive substance abuse with psychoactive substance-induced mood disorder",1,"Other substance use / drug intoxication",FALSE
"F1916",10,"Other psychoactive substance abuse with psychoactive substance-induced persisting amnestic disorder",1,"Other substance use / drug intoxication",FALSE
"F1918",10,"Other psychoactive substance abuse with other psychoactive substance-induced disorders",1,"Other substance use / drug intoxication",FALSE
"F19180",10,"Other psychoactive substance abuse with psychoactive substance-induced anxiety disorder",1,"Other substance use / drug intoxication",FALSE
"F19181",10,"Other psychoactive substance abuse with psychoactive substance-induced sexual dysfunction",1,"Other substance use / drug intoxication",FALSE
"F19182",10,"Other psychoactive substance abuse with psychoactive substance-induced sleep disorder",1,"Other substance use / drug intoxication",FALSE
"F19188",10,"Other psychoactive substance abuse with other psychoactive substance-induced disorder",1,"Other substance use / drug intoxication",FALSE
"F1919",10,"Other psychoactive substance abuse with unspecified psychoactive substance-induced disorder",1,"Other substance use / drug intoxication",FALSE
"F192",10,"Other psychoactive substance dependence",1,"Other substance use / drug intoxication",FALSE
"F1920",10,"Other psychoactive substance dependence, uncomplicated",1,"Other substance use / drug intoxication",FALSE
"F1921",10,"Other psychoactive substance dependence, in remission",1,"Other substance use / drug intoxication",FALSE
"F1922",10,"Other psychoactive substance dependence with intoxication",1,"Other substance use / drug intoxication",FALSE
"F19220",10,"Other psychoactive substance dependence with intoxication, uncomplicated",1,"Other substance use / drug intoxication",FALSE
"F19221",10,"Other psychoactive substance dependence with intoxication delirium",1,"Other substance use / drug intoxication",FALSE
"F19222",10,"Other psychoactive substance dependence with intoxication with perceptual disturbance",1,"Other substance use / drug intoxication",FALSE
"F19229",10,"Other psychoactive substance dependence with intoxication, unspecified",1,"Other substance use / drug intoxication",FALSE
"F1923",10,"Other psychoactive substance dependence with withdrawal",1,"Other substance use / drug intoxication",FALSE
"F19230",10,"Other psychoactive substance dependence with withdrawal, uncomplicated",1,"Other substance use / drug intoxication",FALSE
"F19231",10,"Other psychoactive substance dependence with withdrawal delirium",1,"Other substance use / drug intoxication",FALSE
"F19232",10,"Other psychoactive substance dependence with withdrawal with perceptual disturbance",1,"Other substance use / drug intoxication",FALSE
"F19239",10,"Other psychoactive substance dependence with withdrawal, unspecified",1,"Other substance use / drug intoxication",FALSE
"F1924",10,"Other psychoactive substance dependence with psychoactive substance-induced mood disorder",1,"Other substance use / drug intoxication",FALSE
"F1926",10,"Other psychoactive substance dependence with psychoactive substance-induced persisting amnestic disorder",1,"Other substance use / drug intoxication",FALSE
"F1928",10,"Other psychoactive substance dependence with other psychoactive substance-induced disorders",1,"Other substance use / drug intoxication",FALSE
"F19280",10,"Other psychoactive substance dependence with psychoactive substance-induced anxiety disorder",1,"Other substance use / drug intoxication",FALSE
"F19281",10,"Other psychoactive substance dependence with psychoactive substance-induced sexual dysfunction",1,"Other substance use / drug intoxication",FALSE
"F19282",10,"Other psychoactive substance dependence with psychoactive substance-induced sleep disorder",1,"Other substance use / drug intoxication",FALSE
"F19288",10,"Other psychoactive substance dependence with other psychoactive substance-induced disorder",1,"Other substance use / drug intoxication",FALSE
"F1929",10,"Other psychoactive substance dependence with unspecified psychoactive substance-induced disorder",1,"Other substance use / drug intoxication",FALSE
"F199",10,"Other psychoactive substance use, unspecified",1,"Other substance use / drug intoxication",FALSE
"F1990",10,"Other psychoactive substance use, unspecified, uncomplicated",1,"Other substance use / drug intoxication",FALSE
"F1991",10,"Other psychoactive substance use, unspecified, in remission",1,"Other substance use / drug intoxication",FALSE
"F1992",10,"Other psychoactive substance use, unspecified with intoxication",1,"Other substance use / drug intoxication",FALSE
"F19920",10,"Other psychoactive substance use, unspecified with intoxication, uncomplicated",1,"Other substance use / drug intoxication",FALSE
"F19921",10,"Other psychoactive substance use, unspecified with intoxication with delirium",1,"Other substance use / drug intoxication",FALSE
"F19922",10,"Other psychoactive substance use, unspecified with intoxication with perceptual disturbance",1,"Other substance use / drug intoxication",FALSE
"F19929",10,"Other psychoactive substance use, unspecified with intoxication, unspecified",1,"Other substance use / drug intoxication",FALSE
"F1993",10,"Other psychoactive substance use, unspecified with withdrawal",1,"Other substance use / drug intoxication",FALSE
"F19930",10,"Other psychoactive substance use, unspecified with withdrawal, uncomplicated",1,"Other substance use / drug intoxication",FALSE
"F19931",10,"Other psychoactive substance use, unspecified with withdrawal delirium",1,"Other substance use / drug intoxication",FALSE
"F19932",10,"Other psychoactive substance use, unspecified with withdrawal with perceptual disturbance",1,"Other substance use / drug intoxication",FALSE
"F19939",10,"Other psychoactive substance use, unspecified with withdrawal, unspecified",1,"Other substance use / drug intoxication",FALSE
"F1994",10,"Other psychoactive substance use, unspecified with psychoactive substance-induced mood disorder",1,"Other substance use / drug intoxication",FALSE
"F1996",10,"Other psychoactive substance use, unspecified with psychoactive substance-induced persisting amnestic disorder",1,"Other substance use / drug intoxication",FALSE
"F1998",10,"Other psychoactive substance use, unspecified with other psychoactive substance-induced disorders",1,"Other substance use / drug intoxication",FALSE
"F19980",10,"Other psychoactive substance use, unspecified with psychoactive substance-induced anxiety disorder",1,"Other substance use / drug intoxication",FALSE
"F19981",10,"Other psychoactive substance use, unspecified with psychoactive substance-induced sexual dysfunction",1,"Other substance use / drug intoxication",FALSE
"F19982",10,"Other psychoactive substance use, unspecified with psychoactive substance-induced sleep disorder",1,"Other substance use / drug intoxication",FALSE
"F19988",10,"Other psychoactive substance use, unspecified with other psychoactive substance-induced disorder",1,"Other substance use / drug intoxication",FALSE
"F1999",10,"Other psychoactive substance use, unspecified with unspecified psychoactive substance-induced disorder",1,"Other substance use / drug intoxication",FALSE
"F20",10,"Schizophrenia",1,"Pre-existing psychiatric illness",FALSE
"F200",10,"Paranoid schizophrenia",1,"Pre-existing psychiatric illness",FALSE
"F201",10,"Disorganized schizophrenia",1,"Pre-existing psychiatric illness",FALSE
"F202",10,"Catatonic schizophrenia",1,"Pre-existing psychiatric illness",FALSE
"F203",10,"Undifferentiated schizophrenia",1,"Pre-existing psychiatric illness",FALSE
"F205",10,"Residual schizophrenia",1,"Pre-existing psychiatric illness",FALSE
"F208",10,"Other schizophrenia",1,"Pre-existing psychiatric illness",FALSE
"F2081",10,"Schizophreniform disorder",1,"Pre-existing psychiatric illness",FALSE
"F2089",10,"Other schizophrenia",1,"Pre-existing psychiatric illness",FALSE
"F209",10,"Schizophrenia, unspecified",1,"Pre-existing psychiatric illness",FALSE
"F23",10,"Brief psychotic disorder",1,"Pre-existing psychiatric illness",FALSE
"F24",10,"Shared psychotic disorder",1,"Pre-existing psychiatric illness",FALSE
"F25",10,"Schizoaffective disorders",1,"Pre-existing psychiatric illness",FALSE
"F250",10,"Schizoaffective disorder, bipolar type",1,"Pre-existing psychiatric illness",FALSE
"F251",10,"Schizoaffective disorder, depressive type",1,"Pre-existing psychiatric illness",FALSE
"F258",10,"Other schizoaffective disorders",1,"Pre-existing psychiatric illness",FALSE
"F259",10,"Schizoaffective disorder, unspecified",1,"Pre-existing psychiatric illness",FALSE
"F28",10,"Other psychotic disorder not due to a substance or known physiological condition",1,"Pre-existing psychiatric illness",FALSE
"F29",10,"Unspecified psychosis not due to a substance or known physiological condition",1,"Pre-existing psychiatric illness",FALSE
"F31",10,"Bipolar disorder",1,"Pre-existing psychiatric illness",FALSE
"F310",10,"Bipolar disorder, current episode hypomanic",1,"Pre-existing psychiatric illness",FALSE
"F311",10,"Bipolar disorder, current episode manic without psychotic features",1,"Pre-existing psychiatric illness",FALSE
"F3110",10,"Bipolar disorder, current episode manic without psychotic features, unspecified",1,"Pre-existing psychiatric illness",FALSE
"F3111",10,"Bipolar disorder, current episode manic without psychotic features, mild",1,"Pre-existing psychiatric illness",FALSE
"F3112",10,"Bipolar disorder, current episode manic without psychotic features, moderate",1,"Pre-existing psychiatric illness",FALSE
"F3113",10,"Bipolar disorder, current episode manic without psychotic features, severe",1,"Pre-existing psychiatric illness",FALSE
"F312",10,"Bipolar disorder, current episode manic severe with psychotic features",1,"Pre-existing psychiatric illness",FALSE
"F313",10,"Bipolar disorder, current episode depressed, mild or moderate severity",1,"Pre-existing psychiatric illness",FALSE
"F3130",10,"Bipolar disorder, current episode depressed, mild or moderate severity, unspecified",1,"Pre-existing psychiatric illness",FALSE
"F3131",10,"Bipolar disorder, current episode depressed, mild",1,"Pre-existing psychiatric illness",FALSE
"F3132",10,"Bipolar disorder, current episode depressed, moderate",1,"Pre-existing psychiatric illness",FALSE
"F314",10,"Bipolar disorder, current episode depressed, severe, without psychotic features",1,"Pre-existing psychiatric illness",FALSE
"F315",10,"Bipolar disorder, current episode depressed, severe, with psychotic features",1,"Pre-existing psychiatric illness",FALSE
"F316",10,"Bipolar disorder, current episode mixed",1,"Pre-existing psychiatric illness",FALSE
"F3160",10,"Bipolar disorder, current episode mixed, unspecified",1,"Pre-existing psychiatric illness",FALSE
"F3161",10,"Bipolar disorder, current episode mixed, mild",1,"Pre-existing psychiatric illness",FALSE
"F3162",10,"Bipolar disorder, current episode mixed, moderate",1,"Pre-existing psychiatric illness",FALSE
"F3163",10,"Bipolar disorder, current episode mixed, severe, without psychotic features",1,"Pre-existing psychiatric illness",FALSE
"F3164",10,"Bipolar disorder, current episode mixed, severe, with psychotic features",1,"Pre-existing psychiatric illness",FALSE
"F317",10,"Bipolar disorder, currently in remission",1,"Pre-existing psychiatric illness",FALSE
"F3170",10,"Bipolar disorder, currently in remission, most recent episode unspecified",1,"Pre-existing psychiatric illness",FALSE
"F3171",10,"Bipolar disorder, in partial remission, most recent episode hypomanic",1,"Pre-existing psychiatric illness",FALSE
"F3172",10,"Bipolar disorder, in full remission, most recent episode hypomanic",1,"Pre-existing psychiatric illness",FALSE
"F3173",10,"Bipolar disorder, in partial remission, most recent episode manic",1,"Pre-existing psychiatric illness",FALSE
"F3174",10,"Bipolar disorder, in full remission, most recent episode manic",1,"Pre-existing psychiatric illness",FALSE
"F3175",10,"Bipolar disorder, in partial remission, most recent episode depressed",1,"Pre-existing psychiatric illness",FALSE
"F3176",10,"Bipolar disorder, in full remission, most recent episode depressed",1,"Pre-existing psychiatric illness",FALSE
"F3177",10,"Bipolar disorder, in partial remission, most recent episode mixed",1,"Pre-existing psychiatric illness",FALSE
"F3178",10,"Bipolar disorder, in full remission, most recent episode mixed",1,"Pre-existing psychiatric illness",FALSE
"F318",10,"Other bipolar disorders",1,"Pre-existing psychiatric illness",FALSE
"F3181",10,"Bipolar II disorder",1,"Pre-existing psychiatric illness",FALSE
"F3189",10,"Other bipolar disorder",1,"Pre-existing psychiatric illness",FALSE
"F319",10,"Bipolar disorder, unspecified",1,"Pre-existing psychiatric illness",FALSE
"F445",10,"Conversion disorder with seizures or convulsions",1,"Status epilepticus / epilepsy / seizure",FALSE
"F531",10,"Puerperal psychosis",1,"Pre-existing psychiatric illness",FALSE
"G00",10,"Bacterial meningitis, not elsewhere classified",1,"Meningitis / encephalitis / CNS infection",FALSE
"G000",10,"Hemophilus meningitis",1,"Meningitis / encephalitis / CNS infection",FALSE
"G001",10,"Pneumococcal meningitis",1,"Meningitis / encephalitis / CNS infection",FALSE
"G002",10,"Streptococcal meningitis",1,"Meningitis / encephalitis / CNS infection",FALSE
"G003",10,"Staphylococcal meningitis",1,"Meningitis / encephalitis / CNS infection",FALSE
"G008",10,"Other bacterial meningitis",1,"Meningitis / encephalitis / CNS infection",FALSE
"G009",10,"Bacterial meningitis, unspecified",1,"Meningitis / encephalitis / CNS infection",FALSE
"G01",10,"Meningitis in bacterial diseases classified elsewhere",1,"Meningitis / encephalitis / CNS infection",FALSE
"G02",10,"Meningitis in other infectious and parasitic diseases classified elsewhere",1,"Meningitis / encephalitis / CNS infection",FALSE
"G03",10,"Meningitis due to other and unspecified causes",1,"Meningitis / encephalitis / CNS infection",FALSE
"G030",10,"Nonpyogenic meningitis",1,"Meningitis / encephalitis / CNS infection",FALSE
"G031",10,"Chronic meningitis",1,"Meningitis / encephalitis / CNS infection",FALSE
"G032",10,"Benign recurrent meningitis [Mollaret]",1,"Meningitis / encephalitis / CNS infection",FALSE
"G038",10,"Meningitis due to other specified causes",1,"Meningitis / encephalitis / CNS infection",FALSE
"G039",10,"Meningitis, unspecified",1,"Meningitis / encephalitis / CNS infection",FALSE
"G04",10,"Encephalitis, myelitis and encephalomyelitis",1,"Meningitis / encephalitis / CNS infection",FALSE
"G040",10,"Acute disseminated encephalitis and encephalomyelitis (ADEM)",1,"Meningitis / encephalitis / CNS infection",FALSE
"G0400",10,"Acute disseminated encephalitis and encephalomyelitis, unspecified",1,"Meningitis / encephalitis / CNS infection",FALSE
"G0401",10,"Postinfectious acute disseminated encephalitis and encephalomyelitis (postinfectious ADEM)",1,"Meningitis / encephalitis / CNS infection",FALSE
"G0402",10,"Postimmunization acute disseminated encephalitis, myelitis and encephalomyelitis",1,"Meningitis / encephalitis / CNS infection",FALSE
"G041",10,"Tropical spastic paraplegia",1,"Meningitis / encephalitis / CNS infection",FALSE
"G042",10,"Bacterial meningoencephalitis and meningomyelitis, not elsewhere classified",1,"Meningitis / encephalitis / CNS infection",FALSE
"G043",10,"Acute necrotizing hemorrhagic encephalopathy",1,"Meningitis / encephalitis / CNS infection",FALSE
"G0431",10,"Postinfectious acute necrotizing hemorrhagic encephalopathy",1,"Meningitis / encephalitis / CNS infection",FALSE
"G0432",10,"Postimmunization acute necrotizing hemorrhagic encephalopathy",1,"Meningitis / encephalitis / CNS infection",FALSE
"G0439",10,"Other acute necrotizing hemorrhagic encephalopathy",1,"Meningitis / encephalitis / CNS infection",FALSE
"G048",10,"Other encephalitis, myelitis and encephalomyelitis",1,"Meningitis / encephalitis / CNS infection",FALSE
"G0481",10,"Other encephalitis and encephalomyelitis",1,"Meningitis / encephalitis / CNS infection",FALSE
"G0482",10,"Acute flaccid myelitis",1,"Meningitis / encephalitis / CNS infection",FALSE
"G0489",10,"Other myelitis",1,"Meningitis / encephalitis / CNS infection",FALSE
"G049",10,"Encephalitis, myelitis and encephalomyelitis, unspecified",1,"Meningitis / encephalitis / CNS infection",FALSE
"G0490",10,"Encephalitis and encephalomyelitis, unspecified",1,"Meningitis / encephalitis / CNS infection",FALSE
"G0491",10,"Myelitis, unspecified",1,"Meningitis / encephalitis / CNS infection",FALSE
"G05",10,"Encephalitis, myelitis and encephalomyelitis in diseases classified elsewhere",1,"Meningitis / encephalitis / CNS infection",FALSE
"G053",10,"Encephalitis and encephalomyelitis in diseases classified elsewhere",1,"Meningitis / encephalitis / CNS infection",FALSE
"G054",10,"Myelitis in diseases classified elsewhere",1,"Meningitis / encephalitis / CNS infection",FALSE
"G06",10,"Intracranial and intraspinal abscess and granuloma",1,"Meningitis / encephalitis / CNS infection",FALSE
"G060",10,"Intracranial abscess and granuloma",1,"Meningitis / encephalitis / CNS infection",FALSE
"G061",10,"Intraspinal abscess and granuloma",1,"Meningitis / encephalitis / CNS infection",FALSE
"G062",10,"Extradural and subdural abscess, unspecified",1,"Meningitis / encephalitis / CNS infection",FALSE
"G07",10,"Intracranial and intraspinal abscess and granuloma in diseases classified elsewhere",1,"Meningitis / encephalitis / CNS infection",FALSE
"G10",10,"Huntington's disease",1,"Dementia / Alzheimer / neurodegenerative",FALSE
"G1221",10,"Amyotrophic lateral sclerosis",1,"Dementia / Alzheimer / neurodegenerative",FALSE
"G20",10,"Parkinson's disease",1,"Dementia / Alzheimer / neurodegenerative",FALSE
"G21",10,"Secondary parkinsonism",1,"Dementia / Alzheimer / neurodegenerative",FALSE
"G211",10,"Other drug-induced secondary parkinsonism",1,"Dementia / Alzheimer / neurodegenerative",FALSE
"G2111",10,"Neuroleptic induced parkinsonism",1,"Dementia / Alzheimer / neurodegenerative",FALSE
"G2119",10,"Other drug induced secondary parkinsonism",1,"Dementia / Alzheimer / neurodegenerative",FALSE
"G212",10,"Secondary parkinsonism due to other external agents",1,"Dementia / Alzheimer / neurodegenerative",FALSE
"G214",10,"Vascular parkinsonism",1,"Dementia / Alzheimer / neurodegenerative",FALSE
"G218",10,"Other secondary parkinsonism",1,"Dementia / Alzheimer / neurodegenerative",FALSE
"G219",10,"Secondary parkinsonism, unspecified",1,"Dementia / Alzheimer / neurodegenerative",FALSE
"G30",10,"Alzheimer's disease",1,"Dementia / Alzheimer / neurodegenerative",FALSE
"G300",10,"Alzheimer's disease with early onset",1,"Dementia / Alzheimer / neurodegenerative",FALSE
"G301",10,"Alzheimer's disease with late onset",1,"Dementia / Alzheimer / neurodegenerative",FALSE
"G308",10,"Other Alzheimer's disease",1,"Dementia / Alzheimer / neurodegenerative",FALSE
"G309",10,"Alzheimer's disease, unspecified",1,"Dementia / Alzheimer / neurodegenerative",FALSE
"G31",10,"Other degenerative diseases of nervous system, not elsewhere classified",1,"Dementia / Alzheimer / neurodegenerative",FALSE
"G310",10,"Frontotemporal dementia",1,"Dementia / Alzheimer / neurodegenerative",FALSE
"G3101",10,"Pick's disease",1,"Dementia / Alzheimer / neurodegenerative",FALSE
"G3109",10,"Other frontotemporal neurocognitive disorder",1,"Dementia / Alzheimer / neurodegenerative",FALSE
"G311",10,"Senile degeneration of brain, not elsewhere classified",1,"Dementia / Alzheimer / neurodegenerative",FALSE
"G312",10,"Degeneration of nervous system due to alcohol",1,"Dementia / Alzheimer / neurodegenerative",FALSE
"G318",10,"Other specified degenerative diseases of nervous system",1,"Dementia / Alzheimer / neurodegenerative",FALSE
"G3181",10,"Alpers disease",1,"Dementia / Alzheimer / neurodegenerative",FALSE
"G3182",10,"Leigh's disease",1,"Dementia / Alzheimer / neurodegenerative",FALSE
"G3183",10,"Neurocognitive disorder with Lewy bodies",1,"Dementia / Alzheimer / neurodegenerative",FALSE
"G3184",10,"Mild cognitive impairment of uncertain or unknown etiology",1,"Dementia / Alzheimer / neurodegenerative",FALSE
"G3185",10,"Corticobasal degeneration",1,"Dementia / Alzheimer / neurodegenerative",FALSE
"G3189",10,"Other specified degenerative diseases of nervous system",1,"Dementia / Alzheimer / neurodegenerative",FALSE
"G319",10,"Degenerative disease of nervous system, unspecified",1,"Dementia / Alzheimer / neurodegenerative",FALSE
"G35",10,"Multiple sclerosis",1,"Dementia / Alzheimer / neurodegenerative",FALSE
"G361",10,"Acute and subacute hemorrhagic leukoencephalitis [Hurst]",1,"Meningitis / encephalitis / CNS infection",FALSE
"G40",10,"Epilepsy and recurrent seizures",1,"Status epilepticus / epilepsy / seizure",FALSE
"G400",10,"Localization-related (focal) (partial) idiopathic epilepsy and epileptic syndromes with seizures of localized onset",1,"Status epilepticus / epilepsy / seizure",FALSE
"G4000",10,"Localization-related (focal) (partial) idiopathic epilepsy and epileptic syndromes with seizures of localized onset, not intractable",1,"Status epilepticus / epilepsy / seizure",FALSE
"G40001",10,"Localization-related (focal) (partial) idiopathic epilepsy and epileptic syndromes with seizures of localized onset, not intractable, with status epilepticus",1,"Status epilepticus / epilepsy / seizure",FALSE
"G40009",10,"Localization-related (focal) (partial) idiopathic epilepsy and epileptic syndromes with seizures of localized onset, not intractable, without status epilepticus",1,"Status epilepticus / epilepsy / seizure",FALSE
"G4001",10,"Localization-related (focal) (partial) idiopathic epilepsy and epileptic syndromes with seizures of localized onset, intractable",1,"Status epilepticus / epilepsy / seizure",FALSE
"G40011",10,"Localization-related (focal) (partial) idiopathic epilepsy and epileptic syndromes with seizures of localized onset, intractable, with status epilepticus",1,"Status epilepticus / epilepsy / seizure",FALSE
"G40019",10,"Localization-related (focal) (partial) idiopathic epilepsy and epileptic syndromes with seizures of localized onset, intractable, without status epilepticus",1,"Status epilepticus / epilepsy / seizure",FALSE
"G401",10,"Localization-related (focal) (partial) symptomatic epilepsy and epileptic syndromes with simple partial seizures",1,"Status epilepticus / epilepsy / seizure",FALSE
"G4010",10,"Localization-related (focal) (partial) symptomatic epilepsy and epileptic syndromes with simple partial seizures, not intractable",1,"Status epilepticus / epilepsy / seizure",FALSE
"G40101",10,"Localization-related (focal) (partial) symptomatic epilepsy and epileptic syndromes with simple partial seizures, not intractable, with status epilepticus",1,"Status epilepticus / epilepsy / seizure",FALSE
"G40109",10,"Localization-related (focal) (partial) symptomatic epilepsy and epileptic syndromes with simple partial seizures, not intractable, without status epilepticus",1,"Status epilepticus / epilepsy / seizure",FALSE
"G4011",10,"Localization-related (focal) (partial) symptomatic epilepsy and epileptic syndromes with simple partial seizures, intractable",1,"Status epilepticus / epilepsy / seizure",FALSE
"G40111",10,"Localization-related (focal) (partial) symptomatic epilepsy and epileptic syndromes with simple partial seizures, intractable, with status epilepticus",1,"Status epilepticus / epilepsy / seizure",FALSE
"G40119",10,"Localization-related (focal) (partial) symptomatic epilepsy and epileptic syndromes with simple partial seizures, intractable, without status epilepticus",1,"Status epilepticus / epilepsy / seizure",FALSE
"G402",10,"Localization-related (focal) (partial) symptomatic epilepsy and epileptic syndromes with complex partial seizures",1,"Status epilepticus / epilepsy / seizure",FALSE
"G4020",10,"Localization-related (focal) (partial) symptomatic epilepsy and epileptic syndromes with complex partial seizures, not intractable",1,"Status epilepticus / epilepsy / seizure",FALSE
"G40201",10,"Localization-related (focal) (partial) symptomatic epilepsy and epileptic syndromes with complex partial seizures, not intractable, with status epilepticus",1,"Status epilepticus / epilepsy / seizure",FALSE
"G40209",10,"Localization-related (focal) (partial) symptomatic epilepsy and epileptic syndromes with complex partial seizures, not intractable, without status epilepticus",1,"Status epilepticus / epilepsy / seizure",FALSE
"G4021",10,"Localization-related (focal) (partial) symptomatic epilepsy and epileptic syndromes with complex partial seizures, intractable",1,"Status epilepticus / epilepsy / seizure",FALSE
"G40211",10,"Localization-related (focal) (partial) symptomatic epilepsy and epileptic syndromes with complex partial seizures, intractable, with status epilepticus",1,"Status epilepticus / epilepsy / seizure",FALSE
"G40219",10,"Localization-related (focal) (partial) symptomatic epilepsy and epileptic syndromes with complex partial seizures, intractable, without status epilepticus",1,"Status epilepticus / epilepsy / seizure",FALSE
"G403",10,"Generalized idiopathic epilepsy and epileptic syndromes",1,"Status epilepticus / epilepsy / seizure",FALSE
"G4030",10,"Generalized idiopathic epilepsy and epileptic syndromes, not intractable",1,"Status epilepticus / epilepsy / seizure",FALSE
"G40301",10,"Generalized idiopathic epilepsy and epileptic syndromes, not intractable, with status epilepticus",1,"Status epilepticus / epilepsy / seizure",FALSE
"G40309",10,"Generalized idiopathic epilepsy and epileptic syndromes, not intractable, without status epilepticus",1,"Status epilepticus / epilepsy / seizure",FALSE
"G4031",10,"Generalized idiopathic epilepsy and epileptic syndromes, intractable",1,"Status epilepticus / epilepsy / seizure",FALSE
"G40311",10,"Generalized idiopathic epilepsy and epileptic syndromes, intractable, with status epilepticus",1,"Status epilepticus / epilepsy / seizure",FALSE
"G40319",10,"Generalized idiopathic epilepsy and epileptic syndromes, intractable, without status epilepticus",1,"Status epilepticus / epilepsy / seizure",FALSE
"G404",10,"Other generalized epilepsy and epileptic syndromes",1,"Status epilepticus / epilepsy / seizure",FALSE
"G4040",10,"Other generalized epilepsy and epileptic syndromes, not intractable",1,"Status epilepticus / epilepsy / seizure",FALSE
"G40401",10,"Other generalized epilepsy and epileptic syndromes, not intractable, with status epilepticus",1,"Status epilepticus / epilepsy / seizure",FALSE
"G40409",10,"Other generalized epilepsy and epileptic syndromes, not intractable, without status epilepticus",1,"Status epilepticus / epilepsy / seizure",FALSE
"G4041",10,"Other generalized epilepsy and epileptic syndromes, intractable",1,"Status epilepticus / epilepsy / seizure",FALSE
"G40411",10,"Other generalized epilepsy and epileptic syndromes, intractable, with status epilepticus",1,"Status epilepticus / epilepsy / seizure",FALSE
"G40419",10,"Other generalized epilepsy and epileptic syndromes, intractable, without status epilepticus",1,"Status epilepticus / epilepsy / seizure",FALSE
"G4042",10,"Cyclin-Dependent Kinase-Like 5 Deficiency Disorder",1,"Status epilepticus / epilepsy / seizure",FALSE
"G405",10,"Epileptic seizures related to external causes",1,"Status epilepticus / epilepsy / seizure",FALSE
"G4050",10,"Epileptic seizures related to external causes, not intractable",1,"Status epilepticus / epilepsy / seizure",FALSE
"G40501",10,"Epileptic seizures related to external causes, not intractable, with status epilepticus",1,"Status epilepticus / epilepsy / seizure",FALSE
"G40509",10,"Epileptic seizures related to external causes, not intractable, without status epilepticus",1,"Status epilepticus / epilepsy / seizure",FALSE
"G408",10,"Other epilepsy and recurrent seizures",1,"Status epilepticus / epilepsy / seizure",FALSE
"G4080",10,"Other epilepsy",1,"Status epilepticus / epilepsy / seizure",FALSE
"G40801",10,"Other epilepsy, not intractable, with status epilepticus",1,"Status epilepticus / epilepsy / seizure",FALSE
"G40802",10,"Other epilepsy, not intractable, without status epilepticus",1,"Status epilepticus / epilepsy / seizure",FALSE
"G40803",10,"Other epilepsy, intractable, with status epilepticus",1,"Status epilepticus / epilepsy / seizure",FALSE
"G40804",10,"Other epilepsy, intractable, without status epilepticus",1,"Status epilepticus / epilepsy / seizure",FALSE
"G4081",10,"Lennox-Gastaut syndrome",1,"Status epilepticus / epilepsy / seizure",FALSE
"G40811",10,"Lennox-Gastaut syndrome, not intractable, with status epilepticus",1,"Status epilepticus / epilepsy / seizure",FALSE
"G40812",10,"Lennox-Gastaut syndrome, not intractable, without status epilepticus",1,"Status epilepticus / epilepsy / seizure",FALSE
"G40813",10,"Lennox-Gastaut syndrome, intractable, with status epilepticus",1,"Status epilepticus / epilepsy / seizure",FALSE
"G40814",10,"Lennox-Gastaut syndrome, intractable, without status epilepticus",1,"Status epilepticus / epilepsy / seizure",FALSE
"G4082",10,"Epileptic spasms",1,"Status epilepticus / epilepsy / seizure",FALSE
"G40821",10,"Epileptic spasms, not intractable, with status epilepticus",1,"Status epilepticus / epilepsy / seizure",FALSE
"G40822",10,"Epileptic spasms, not intractable, without status epilepticus",1,"Status epilepticus / epilepsy / seizure",FALSE
"G40823",10,"Epileptic spasms, intractable, with status epilepticus",1,"Status epilepticus / epilepsy / seizure",FALSE
"G40824",10,"Epileptic spasms, intractable, without status epilepticus",1,"Status epilepticus / epilepsy / seizure",FALSE
"G4083",10,"Dravet syndrome",1,"Status epilepticus / epilepsy / seizure",FALSE
"G40833",10,"Dravet syndrome, intractable, with status epilepticus",1,"Status epilepticus / epilepsy / seizure",FALSE
"G40834",10,"Dravet syndrome, intractable, without status epilepticus",1,"Status epilepticus / epilepsy / seizure",FALSE
"G4089",10,"Other seizures",1,"Status epilepticus / epilepsy / seizure",FALSE
"G409",10,"Epilepsy, unspecified",1,"Status epilepticus / epilepsy / seizure",FALSE
"G4090",10,"Epilepsy, unspecified, not intractable",1,"Status epilepticus / epilepsy / seizure",FALSE
"G40901",10,"Epilepsy, unspecified, not intractable, with status epilepticus",1,"Status epilepticus / epilepsy / seizure",FALSE
"G40909",10,"Epilepsy, unspecified, not intractable, without status epilepticus",1,"Status epilepticus / epilepsy / seizure",FALSE
"G4091",10,"Epilepsy, unspecified, intractable",1,"Status epilepticus / epilepsy / seizure",FALSE
"G40911",10,"Epilepsy, unspecified, intractable, with status epilepticus",1,"Status epilepticus / epilepsy / seizure",FALSE
"G40919",10,"Epilepsy, unspecified, intractable, without status epilepticus",1,"Status epilepticus / epilepsy / seizure",FALSE
"G40A",10,"Absence epileptic syndrome",1,"Status epilepticus / epilepsy / seizure",FALSE
"G40A0",10,"Absence epileptic syndrome, not intractable",1,"Status epilepticus / epilepsy / seizure",FALSE
"G40A01",10,"Absence epileptic syndrome, not intractable, with status epilepticus",1,"Status epilepticus / epilepsy / seizure",FALSE
"G40A09",10,"Absence epileptic syndrome, not intractable, without status epilepticus",1,"Status epilepticus / epilepsy / seizure",FALSE
"G40A1",10,"Absence epileptic syndrome, intractable",1,"Status epilepticus / epilepsy / seizure",FALSE
"G40A11",10,"Absence epileptic syndrome, intractable, with status epilepticus",1,"Status epilepticus / epilepsy / seizure",FALSE
"G40A19",10,"Absence epileptic syndrome, intractable, without status epilepticus",1,"Status epilepticus / epilepsy / seizure",FALSE
"G40B",10,"Juvenile myoclonic epilepsy [impulsive petit mal]",1,"Status epilepticus / epilepsy / seizure",FALSE
"G40B0",10,"Juvenile myoclonic epilepsy, not intractable",1,"Status epilepticus / epilepsy / seizure",FALSE
"G40B01",10,"Juvenile myoclonic epilepsy, not intractable, with status epilepticus",1,"Status epilepticus / epilepsy / seizure",FALSE
"G40B09",10,"Juvenile myoclonic epilepsy, not intractable, without status epilepticus",1,"Status epilepticus / epilepsy / seizure",FALSE
"G40B1",10,"Juvenile myoclonic epilepsy, intractable",1,"Status epilepticus / epilepsy / seizure",FALSE
"G40B11",10,"Juvenile myoclonic epilepsy, intractable, with status epilepticus",1,"Status epilepticus / epilepsy / seizure",FALSE
"G40B19",10,"Juvenile myoclonic epilepsy, intractable, without status epilepticus",1,"Status epilepticus / epilepsy / seizure",FALSE
"G435",10,"Persistent migraine aura without cerebral infarction",1,"Stroke / cerebrovascular disease",FALSE
"G4350",10,"Persistent migraine aura without cerebral infarction, not intractable",1,"Stroke / cerebrovascular disease",FALSE
"G43501",10,"Persistent migraine aura without cerebral infarction, not intractable, with status migrainosus",1,"Stroke / cerebrovascular disease",FALSE
"G43509",10,"Persistent migraine aura without cerebral infarction, not intractable, without status migrainosus",1,"Stroke / cerebrovascular disease",FALSE
"G4351",10,"Persistent migraine aura without cerebral infarction, intractable",1,"Stroke / cerebrovascular disease",FALSE
"G43511",10,"Persistent migraine aura without cerebral infarction, intractable, with status migrainosus",1,"Stroke / cerebrovascular disease",FALSE
"G43519",10,"Persistent migraine aura without cerebral infarction, intractable, without status migrainosus",1,"Stroke / cerebrovascular disease",FALSE
"G436",10,"Persistent migraine aura with cerebral infarction",1,"Stroke / cerebrovascular disease",FALSE
"G4360",10,"Persistent migraine aura with cerebral infarction, not intractable",1,"Stroke / cerebrovascular disease",FALSE
"G43601",10,"Persistent migraine aura with cerebral infarction, not intractable, with status migrainosus",1,"Stroke / cerebrovascular disease",FALSE
"G43609",10,"Persistent migraine aura with cerebral infarction, not intractable, without status migrainosus",1,"Stroke / cerebrovascular disease",FALSE
"G4361",10,"Persistent migraine aura with cerebral infarction, intractable",1,"Stroke / cerebrovascular disease",FALSE
"G43611",10,"Persistent migraine aura with cerebral infarction, intractable, with status migrainosus",1,"Stroke / cerebrovascular disease",FALSE
"G43619",10,"Persistent migraine aura with cerebral infarction, intractable, without status migrainosus",1,"Stroke / cerebrovascular disease",FALSE
"G45",10,"Transient cerebral ischemic attacks and related syndromes",1,"Stroke / cerebrovascular disease",FALSE
"G458",10,"Other transient cerebral ischemic attacks and related syndromes",1,"Stroke / cerebrovascular disease",FALSE
"G459",10,"Transient cerebral ischemic attack, unspecified",1,"Stroke / cerebrovascular disease",FALSE
"G46",10,"Vascular syndromes of brain in cerebrovascular diseases",1,"Stroke / cerebrovascular disease",FALSE
"G468",10,"Other vascular syndromes of brain in cerebrovascular diseases",1,"Stroke / cerebrovascular disease",FALSE
"G621",10,"Alcoholic polyneuropathy",1,"Alcohol use / intoxication / withdrawal",FALSE
"G721",10,"Alcoholic myopathy",1,"Alcohol use / intoxication / withdrawal",FALSE
"G8384",10,"Todd's paralysis (postepileptic)",1,"Status epilepticus / epilepsy / seizure",FALSE
"G92",10,"Toxic encephalopathy",1,"Metabolic / toxic / other encephalopathy",FALSE
"G920",10,"Immune effector cell-associated neurotoxicity syndrome",1,"Metabolic / toxic / other encephalopathy",FALSE
"G9200",10,"Immune effector cell-associated neurotoxicity syndrome, grade unspecified",1,"Metabolic / toxic / other encephalopathy",FALSE
"G9201",10,"Immune effector cell-associated neurotoxicity syndrome, grade 1",1,"Metabolic / toxic / other encephalopathy",FALSE
"G9202",10,"Immune effector cell-associated neurotoxicity syndrome, grade 2",1,"Metabolic / toxic / other encephalopathy",FALSE
"G9203",10,"Immune effector cell-associated neurotoxicity syndrome, grade 3",1,"Metabolic / toxic / other encephalopathy",FALSE
"G9204",10,"Immune effector cell-associated neurotoxicity syndrome, grade 4",1,"Metabolic / toxic / other encephalopathy",FALSE
"G9205",10,"Immune effector cell-associated neurotoxicity syndrome, grade 5",1,"Metabolic / toxic / other encephalopathy",FALSE
"G928",10,"Other toxic encephalopathy",1,"Metabolic / toxic / other encephalopathy",FALSE
"G929",10,"Unspecified toxic encephalopathy",1,"Metabolic / toxic / other encephalopathy",FALSE
"G930",10,"Cerebral cysts",1,"Metabolic / toxic / other encephalopathy",FALSE
"G931",10,"Anoxic brain damage, not elsewhere classified",1,"Metabolic / toxic / other encephalopathy",FALSE
"G9332",10,"Myalgic encephalomyelitis/chronic fatigue syndrome",1,"Meningitis / encephalitis / CNS infection",FALSE
"G934",10,"Other and unspecified encephalopathy",1,"Metabolic / toxic / other encephalopathy",FALSE
"G9340",10,"Encephalopathy, unspecified",1,"Metabolic / toxic / other encephalopathy",FALSE
"G9341",10,"Metabolic encephalopathy",1,"Metabolic / toxic / other encephalopathy",FALSE
"G9349",10,"Other encephalopathy",1,"Metabolic / toxic / other encephalopathy",FALSE
"H47631",10,"Disorders of visual cortex in (due to) neoplasm, right side of brain",1,"Brain tumor / CNS neoplasm",FALSE
"H47632",10,"Disorders of visual cortex in (due to) neoplasm, left side of brain",1,"Brain tumor / CNS neoplasm",FALSE
"H47639",10,"Disorders of visual cortex in (due to) neoplasm, unspecified side of brain",1,"Brain tumor / CNS neoplasm",FALSE
"I426",10,"Alcoholic cardiomyopathy",1,"Alcohol use / intoxication / withdrawal",FALSE
"I61",10,"Nontraumatic intracerebral hemorrhage",1,"Stroke / cerebrovascular disease",FALSE
"I610",10,"Nontraumatic intracerebral hemorrhage in hemisphere, subcortical",1,"Stroke / cerebrovascular disease",FALSE
"I611",10,"Nontraumatic intracerebral hemorrhage in hemisphere, cortical",1,"Stroke / cerebrovascular disease",FALSE
"I612",10,"Nontraumatic intracerebral hemorrhage in hemisphere, unspecified",1,"Stroke / cerebrovascular disease",FALSE
"I613",10,"Nontraumatic intracerebral hemorrhage in brain stem",1,"Stroke / cerebrovascular disease",FALSE
"I614",10,"Nontraumatic intracerebral hemorrhage in cerebellum",1,"Stroke / cerebrovascular disease",FALSE
"I615",10,"Nontraumatic intracerebral hemorrhage, intraventricular",1,"Stroke / cerebrovascular disease",FALSE
"I616",10,"Nontraumatic intracerebral hemorrhage, multiple localized",1,"Stroke / cerebrovascular disease",FALSE
"I618",10,"Other nontraumatic intracerebral hemorrhage",1,"Stroke / cerebrovascular disease",FALSE
"I619",10,"Nontraumatic intracerebral hemorrhage, unspecified",1,"Stroke / cerebrovascular disease",FALSE
"I62",10,"Other and unspecified nontraumatic intracranial hemorrhage",1,"Stroke / cerebrovascular disease",FALSE
"I6201",10,"Nontraumatic acute subdural hemorrhage",1,"Stroke / cerebrovascular disease",FALSE
"I6202",10,"Nontraumatic subacute subdural hemorrhage",1,"Stroke / cerebrovascular disease",FALSE
"I6203",10,"Nontraumatic chronic subdural hemorrhage",1,"Stroke / cerebrovascular disease",FALSE
"I621",10,"Nontraumatic extradural hemorrhage",1,"Stroke / cerebrovascular disease",FALSE
"I629",10,"Nontraumatic intracranial hemorrhage, unspecified",1,"Stroke / cerebrovascular disease",FALSE
"I63",10,"Cerebral infarction",1,"Stroke / cerebrovascular disease",FALSE
"I630",10,"Cerebral infarction due to thrombosis of precerebral arteries",1,"Stroke / cerebrovascular disease",FALSE
"I6300",10,"Cerebral infarction due to thrombosis of unspecified precerebral artery",1,"Stroke / cerebrovascular disease",FALSE
"I6301",10,"Cerebral infarction due to thrombosis of vertebral artery",1,"Stroke / cerebrovascular disease",FALSE
"I63011",10,"Cerebral infarction due to thrombosis of right vertebral artery",1,"Stroke / cerebrovascular disease",FALSE
"I63012",10,"Cerebral infarction due to thrombosis of left vertebral artery",1,"Stroke / cerebrovascular disease",FALSE
"I63013",10,"Cerebral infarction due to thrombosis of bilateral vertebral arteries",1,"Stroke / cerebrovascular disease",FALSE
"I63019",10,"Cerebral infarction due to thrombosis of unspecified vertebral artery",1,"Stroke / cerebrovascular disease",FALSE
"I6302",10,"Cerebral infarction due to thrombosis of basilar artery",1,"Stroke / cerebrovascular disease",FALSE
"I6303",10,"Cerebral infarction due to thrombosis of carotid artery",1,"Stroke / cerebrovascular disease",FALSE
"I63031",10,"Cerebral infarction due to thrombosis of right carotid artery",1,"Stroke / cerebrovascular disease",FALSE
"I63032",10,"Cerebral infarction due to thrombosis of left carotid artery",1,"Stroke / cerebrovascular disease",FALSE
"I63033",10,"Cerebral infarction due to thrombosis of bilateral carotid arteries",1,"Stroke / cerebrovascular disease",FALSE
"I63039",10,"Cerebral infarction due to thrombosis of unspecified carotid artery",1,"Stroke / cerebrovascular disease",FALSE
"I6309",10,"Cerebral infarction due to thrombosis of other precerebral artery",1,"Stroke / cerebrovascular disease",FALSE
"I631",10,"Cerebral infarction due to embolism of precerebral arteries",1,"Stroke / cerebrovascular disease",FALSE
"I6310",10,"Cerebral infarction due to embolism of unspecified precerebral artery",1,"Stroke / cerebrovascular disease",FALSE
"I6311",10,"Cerebral infarction due to embolism of vertebral artery",1,"Stroke / cerebrovascular disease",FALSE
"I63111",10,"Cerebral infarction due to embolism of right vertebral artery",1,"Stroke / cerebrovascular disease",FALSE
"I63112",10,"Cerebral infarction due to embolism of left vertebral artery",1,"Stroke / cerebrovascular disease",FALSE
"I63113",10,"Cerebral infarction due to embolism of bilateral vertebral arteries",1,"Stroke / cerebrovascular disease",FALSE
"I63119",10,"Cerebral infarction due to embolism of unspecified vertebral artery",1,"Stroke / cerebrovascular disease",FALSE
"I6312",10,"Cerebral infarction due to embolism of basilar artery",1,"Stroke / cerebrovascular disease",FALSE
"I6313",10,"Cerebral infarction due to embolism of carotid artery",1,"Stroke / cerebrovascular disease",FALSE
"I63131",10,"Cerebral infarction due to embolism of right carotid artery",1,"Stroke / cerebrovascular disease",FALSE
"I63132",10,"Cerebral infarction due to embolism of left carotid artery",1,"Stroke / cerebrovascular disease",FALSE
"I63133",10,"Cerebral infarction due to embolism of bilateral carotid arteries",1,"Stroke / cerebrovascular disease",FALSE
"I63139",10,"Cerebral infarction due to embolism of unspecified carotid artery",1,"Stroke / cerebrovascular disease",FALSE
"I6319",10,"Cerebral infarction due to embolism of other precerebral artery",1,"Stroke / cerebrovascular disease",FALSE
"I632",10,"Cerebral infarction due to unspecified occlusion or stenosis of precerebral arteries",1,"Stroke / cerebrovascular disease",FALSE
"I6320",10,"Cerebral infarction due to unspecified occlusion or stenosis of unspecified precerebral arteries",1,"Stroke / cerebrovascular disease",FALSE
"I6321",10,"Cerebral infarction due to unspecified occlusion or stenosis of vertebral arteries",1,"Stroke / cerebrovascular disease",FALSE
"I63211",10,"Cerebral infarction due to unspecified occlusion or stenosis of right vertebral artery",1,"Stroke / cerebrovascular disease",FALSE
"I63212",10,"Cerebral infarction due to unspecified occlusion or stenosis of left vertebral artery",1,"Stroke / cerebrovascular disease",FALSE
"I63213",10,"Cerebral infarction due to unspecified occlusion or stenosis of bilateral vertebral arteries",1,"Stroke / cerebrovascular disease",FALSE
"I63219",10,"Cerebral infarction due to unspecified occlusion or stenosis of unspecified vertebral artery",1,"Stroke / cerebrovascular disease",FALSE
"I6322",10,"Cerebral infarction due to unspecified occlusion or stenosis of basilar artery",1,"Stroke / cerebrovascular disease",FALSE
"I6323",10,"Cerebral infarction due to unspecified occlusion or stenosis of carotid arteries",1,"Stroke / cerebrovascular disease",FALSE
"I63231",10,"Cerebral infarction due to unspecified occlusion or stenosis of right carotid arteries",1,"Stroke / cerebrovascular disease",FALSE
"I63232",10,"Cerebral infarction due to unspecified occlusion or stenosis of left carotid arteries",1,"Stroke / cerebrovascular disease",FALSE
"I63233",10,"Cerebral infarction due to unspecified occlusion or stenosis of bilateral carotid arteries",1,"Stroke / cerebrovascular disease",FALSE
"I63239",10,"Cerebral infarction due to unspecified occlusion or stenosis of unspecified carotid artery",1,"Stroke / cerebrovascular disease",FALSE
"I6329",10,"Cerebral infarction due to unspecified occlusion or stenosis of other precerebral arteries",1,"Stroke / cerebrovascular disease",FALSE
"I633",10,"Cerebral infarction due to thrombosis of cerebral arteries",1,"Stroke / cerebrovascular disease",FALSE
"I6330",10,"Cerebral infarction due to thrombosis of unspecified cerebral artery",1,"Stroke / cerebrovascular disease",FALSE
"I6331",10,"Cerebral infarction due to thrombosis of middle cerebral artery",1,"Stroke / cerebrovascular disease",FALSE
"I63311",10,"Cerebral infarction due to thrombosis of right middle cerebral artery",1,"Stroke / cerebrovascular disease",FALSE
"I63312",10,"Cerebral infarction due to thrombosis of left middle cerebral artery",1,"Stroke / cerebrovascular disease",FALSE
"I63313",10,"Cerebral infarction due to thrombosis of bilateral middle cerebral arteries",1,"Stroke / cerebrovascular disease",FALSE
"I63319",10,"Cerebral infarction due to thrombosis of unspecified middle cerebral artery",1,"Stroke / cerebrovascular disease",FALSE
"I6332",10,"Cerebral infarction due to thrombosis of anterior cerebral artery",1,"Stroke / cerebrovascular disease",FALSE
"I63321",10,"Cerebral infarction due to thrombosis of right anterior cerebral artery",1,"Stroke / cerebrovascular disease",FALSE
"I63322",10,"Cerebral infarction due to thrombosis of left anterior cerebral artery",1,"Stroke / cerebrovascular disease",FALSE
"I63323",10,"Cerebral infarction due to thrombosis of bilateral anterior cerebral arteries",1,"Stroke / cerebrovascular disease",FALSE
"I63329",10,"Cerebral infarction due to thrombosis of unspecified anterior cerebral artery",1,"Stroke / cerebrovascular disease",FALSE
"I6333",10,"Cerebral infarction due to thrombosis of posterior cerebral artery",1,"Stroke / cerebrovascular disease",FALSE
"I63331",10,"Cerebral infarction due to thrombosis of right posterior cerebral artery",1,"Stroke / cerebrovascular disease",FALSE
"I63332",10,"Cerebral infarction due to thrombosis of left posterior cerebral artery",1,"Stroke / cerebrovascular disease",FALSE
"I63333",10,"Cerebral infarction due to thrombosis of bilateral posterior cerebral arteries",1,"Stroke / cerebrovascular disease",FALSE
"I63339",10,"Cerebral infarction due to thrombosis of unspecified posterior cerebral artery",1,"Stroke / cerebrovascular disease",FALSE
"I6334",10,"Cerebral infarction due to thrombosis of cerebellar artery",1,"Stroke / cerebrovascular disease",FALSE
"I63341",10,"Cerebral infarction due to thrombosis of right cerebellar artery",1,"Stroke / cerebrovascular disease",FALSE
"I63342",10,"Cerebral infarction due to thrombosis of left cerebellar artery",1,"Stroke / cerebrovascular disease",FALSE
"I63343",10,"Cerebral infarction due to thrombosis of bilateral cerebellar arteries",1,"Stroke / cerebrovascular disease",FALSE
"I63349",10,"Cerebral infarction due to thrombosis of unspecified cerebellar artery",1,"Stroke / cerebrovascular disease",FALSE
"I6339",10,"Cerebral infarction due to thrombosis of other cerebral artery",1,"Stroke / cerebrovascular disease",FALSE
"I634",10,"Cerebral infarction due to embolism of cerebral arteries",1,"Stroke / cerebrovascular disease",FALSE
"I6340",10,"Cerebral infarction due to embolism of unspecified cerebral artery",1,"Stroke / cerebrovascular disease",FALSE
"I6341",10,"Cerebral infarction due to embolism of middle cerebral artery",1,"Stroke / cerebrovascular disease",FALSE
"I63411",10,"Cerebral infarction due to embolism of right middle cerebral artery",1,"Stroke / cerebrovascular disease",FALSE
"I63412",10,"Cerebral infarction due to embolism of left middle cerebral artery",1,"Stroke / cerebrovascular disease",FALSE
"I63413",10,"Cerebral infarction due to embolism of bilateral middle cerebral arteries",1,"Stroke / cerebrovascular disease",FALSE
"I63419",10,"Cerebral infarction due to embolism of unspecified middle cerebral artery",1,"Stroke / cerebrovascular disease",FALSE
"I6342",10,"Cerebral infarction due to embolism of anterior cerebral artery",1,"Stroke / cerebrovascular disease",FALSE
"I63421",10,"Cerebral infarction due to embolism of right anterior cerebral artery",1,"Stroke / cerebrovascular disease",FALSE
"I63422",10,"Cerebral infarction due to embolism of left anterior cerebral artery",1,"Stroke / cerebrovascular disease",FALSE
"I63423",10,"Cerebral infarction due to embolism of bilateral anterior cerebral arteries",1,"Stroke / cerebrovascular disease",FALSE
"I63429",10,"Cerebral infarction due to embolism of unspecified anterior cerebral artery",1,"Stroke / cerebrovascular disease",FALSE
"I6343",10,"Cerebral infarction due to embolism of posterior cerebral artery",1,"Stroke / cerebrovascular disease",FALSE
"I63431",10,"Cerebral infarction due to embolism of right posterior cerebral artery",1,"Stroke / cerebrovascular disease",FALSE
"I63432",10,"Cerebral infarction due to embolism of left posterior cerebral artery",1,"Stroke / cerebrovascular disease",FALSE
"I63433",10,"Cerebral infarction due to embolism of bilateral posterior cerebral arteries",1,"Stroke / cerebrovascular disease",FALSE
"I63439",10,"Cerebral infarction due to embolism of unspecified posterior cerebral artery",1,"Stroke / cerebrovascular disease",FALSE
"I6344",10,"Cerebral infarction due to embolism of cerebellar artery",1,"Stroke / cerebrovascular disease",FALSE
"I63441",10,"Cerebral infarction due to embolism of right cerebellar artery",1,"Stroke / cerebrovascular disease",FALSE
"I63442",10,"Cerebral infarction due to embolism of left cerebellar artery",1,"Stroke / cerebrovascular disease",FALSE
"I63443",10,"Cerebral infarction due to embolism of bilateral cerebellar arteries",1,"Stroke / cerebrovascular disease",FALSE
"I63449",10,"Cerebral infarction due to embolism of unspecified cerebellar artery",1,"Stroke / cerebrovascular disease",FALSE
"I6349",10,"Cerebral infarction due to embolism of other cerebral artery",1,"Stroke / cerebrovascular disease",FALSE
"I635",10,"Cerebral infarction due to unspecified occlusion or stenosis of cerebral arteries",1,"Stroke / cerebrovascular disease",FALSE
"I6350",10,"Cerebral infarction due to unspecified occlusion or stenosis of unspecified cerebral artery",1,"Stroke / cerebrovascular disease",FALSE
"I6351",10,"Cerebral infarction due to unspecified occlusion or stenosis of middle cerebral artery",1,"Stroke / cerebrovascular disease",FALSE
"I63511",10,"Cerebral infarction due to unspecified occlusion or stenosis of right middle cerebral artery",1,"Stroke / cerebrovascular disease",FALSE
"I63512",10,"Cerebral infarction due to unspecified occlusion or stenosis of left middle cerebral artery",1,"Stroke / cerebrovascular disease",FALSE
"I63513",10,"Cerebral infarction due to unspecified occlusion or stenosis of bilateral middle cerebral arteries",1,"Stroke / cerebrovascular disease",FALSE
"I63519",10,"Cerebral infarction due to unspecified occlusion or stenosis of unspecified middle cerebral artery",1,"Stroke / cerebrovascular disease",FALSE
"I6352",10,"Cerebral infarction due to unspecified occlusion or stenosis of anterior cerebral artery",1,"Stroke / cerebrovascular disease",FALSE
"I63521",10,"Cerebral infarction due to unspecified occlusion or stenosis of right anterior cerebral artery",1,"Stroke / cerebrovascular disease",FALSE
"I63522",10,"Cerebral infarction due to unspecified occlusion or stenosis of left anterior cerebral artery",1,"Stroke / cerebrovascular disease",FALSE
"I63523",10,"Cerebral infarction due to unspecified occlusion or stenosis of bilateral anterior cerebral arteries",1,"Stroke / cerebrovascular disease",FALSE
"I63529",10,"Cerebral infarction due to unspecified occlusion or stenosis of unspecified anterior cerebral artery",1,"Stroke / cerebrovascular disease",FALSE
"I6353",10,"Cerebral infarction due to unspecified occlusion or stenosis of posterior cerebral artery",1,"Stroke / cerebrovascular disease",FALSE
"I63531",10,"Cerebral infarction due to unspecified occlusion or stenosis of right posterior cerebral artery",1,"Stroke / cerebrovascular disease",FALSE
"I63532",10,"Cerebral infarction due to unspecified occlusion or stenosis of left posterior cerebral artery",1,"Stroke / cerebrovascular disease",FALSE
"I63533",10,"Cerebral infarction due to unspecified occlusion or stenosis of bilateral posterior cerebral arteries",1,"Stroke / cerebrovascular disease",FALSE
"I63539",10,"Cerebral infarction due to unspecified occlusion or stenosis of unspecified posterior cerebral artery",1,"Stroke / cerebrovascular disease",FALSE
"I6354",10,"Cerebral infarction due to unspecified occlusion or stenosis of cerebellar artery",1,"Stroke / cerebrovascular disease",FALSE
"I63541",10,"Cerebral infarction due to unspecified occlusion or stenosis of right cerebellar artery",1,"Stroke / cerebrovascular disease",FALSE
"I63542",10,"Cerebral infarction due to unspecified occlusion or stenosis of left cerebellar artery",1,"Stroke / cerebrovascular disease",FALSE
"I63543",10,"Cerebral infarction due to unspecified occlusion or stenosis of bilateral cerebellar arteries",1,"Stroke / cerebrovascular disease",FALSE
"I63549",10,"Cerebral infarction due to unspecified occlusion or stenosis of unspecified cerebellar artery",1,"Stroke / cerebrovascular disease",FALSE
"I6359",10,"Cerebral infarction due to unspecified occlusion or stenosis of other cerebral artery",1,"Stroke / cerebrovascular disease",FALSE
"I636",10,"Cerebral infarction due to cerebral venous thrombosis, nonpyogenic",1,"Stroke / cerebrovascular disease",FALSE
"I638",10,"Other cerebral infarction",1,"Stroke / cerebrovascular disease",FALSE
"I6381",10,"Other cerebral infarction due to occlusion or stenosis of small artery",1,"Stroke / cerebrovascular disease",FALSE
"I6389",10,"Other cerebral infarction",1,"Stroke / cerebrovascular disease",FALSE
"I639",10,"Cerebral infarction, unspecified",1,"Stroke / cerebrovascular disease",FALSE
"I65",10,"Occlusion and stenosis of precerebral arteries, not resulting in cerebral infarction",1,"Stroke / cerebrovascular disease",FALSE
"I650",10,"Occlusion and stenosis of vertebral artery",1,"Stroke / cerebrovascular disease",FALSE
"I6501",10,"Occlusion and stenosis of right vertebral artery",1,"Stroke / cerebrovascular disease",FALSE
"I6502",10,"Occlusion and stenosis of left vertebral artery",1,"Stroke / cerebrovascular disease",FALSE
"I6503",10,"Occlusion and stenosis of bilateral vertebral arteries",1,"Stroke / cerebrovascular disease",FALSE
"I6509",10,"Occlusion and stenosis of unspecified vertebral artery",1,"Stroke / cerebrovascular disease",FALSE
"I651",10,"Occlusion and stenosis of basilar artery",1,"Stroke / cerebrovascular disease",FALSE
"I652",10,"Occlusion and stenosis of carotid artery",1,"Stroke / cerebrovascular disease",FALSE
"I6521",10,"Occlusion and stenosis of right carotid artery",1,"Stroke / cerebrovascular disease",FALSE
"I6522",10,"Occlusion and stenosis of left carotid artery",1,"Stroke / cerebrovascular disease",FALSE
"I6523",10,"Occlusion and stenosis of bilateral carotid arteries",1,"Stroke / cerebrovascular disease",FALSE
"I6529",10,"Occlusion and stenosis of unspecified carotid artery",1,"Stroke / cerebrovascular disease",FALSE
"I658",10,"Occlusion and stenosis of other precerebral arteries",1,"Stroke / cerebrovascular disease",FALSE
"I659",10,"Occlusion and stenosis of unspecified precerebral artery",1,"Stroke / cerebrovascular disease",FALSE
"I66",10,"Occlusion and stenosis of cerebral arteries, not resulting in cerebral infarction",1,"Stroke / cerebrovascular disease",FALSE
"I660",10,"Occlusion and stenosis of middle cerebral artery",1,"Stroke / cerebrovascular disease",FALSE
"I6601",10,"Occlusion and stenosis of right middle cerebral artery",1,"Stroke / cerebrovascular disease",FALSE
"I6602",10,"Occlusion and stenosis of left middle cerebral artery",1,"Stroke / cerebrovascular disease",FALSE
"I6603",10,"Occlusion and stenosis of bilateral middle cerebral arteries",1,"Stroke / cerebrovascular disease",FALSE
"I6609",10,"Occlusion and stenosis of unspecified middle cerebral artery",1,"Stroke / cerebrovascular disease",FALSE
"I661",10,"Occlusion and stenosis of anterior cerebral artery",1,"Stroke / cerebrovascular disease",FALSE
"I6611",10,"Occlusion and stenosis of right anterior cerebral artery",1,"Stroke / cerebrovascular disease",FALSE
"I6612",10,"Occlusion and stenosis of left anterior cerebral artery",1,"Stroke / cerebrovascular disease",FALSE
"I6613",10,"Occlusion and stenosis of bilateral anterior cerebral arteries",1,"Stroke / cerebrovascular disease",FALSE
"I6619",10,"Occlusion and stenosis of unspecified anterior cerebral artery",1,"Stroke / cerebrovascular disease",FALSE
"I662",10,"Occlusion and stenosis of posterior cerebral artery",1,"Stroke / cerebrovascular disease",FALSE
"I6621",10,"Occlusion and stenosis of right posterior cerebral artery",1,"Stroke / cerebrovascular disease",FALSE
"I6622",10,"Occlusion and stenosis of left posterior cerebral artery",1,"Stroke / cerebrovascular disease",FALSE
"I6623",10,"Occlusion and stenosis of bilateral posterior cerebral arteries",1,"Stroke / cerebrovascular disease",FALSE
"I6629",10,"Occlusion and stenosis of unspecified posterior cerebral artery",1,"Stroke / cerebrovascular disease",FALSE
"I663",10,"Occlusion and stenosis of cerebellar arteries",1,"Stroke / cerebrovascular disease",FALSE
"I668",10,"Occlusion and stenosis of other cerebral arteries",1,"Stroke / cerebrovascular disease",FALSE
"I669",10,"Occlusion and stenosis of unspecified cerebral artery",1,"Stroke / cerebrovascular disease",FALSE
"I67",10,"Other cerebrovascular diseases",1,"Stroke / cerebrovascular disease",FALSE
"I670",10,"Dissection of cerebral arteries, nonruptured",1,"Stroke / cerebrovascular disease",FALSE
"I671",10,"Cerebral aneurysm, nonruptured",1,"Stroke / cerebrovascular disease",FALSE
"I672",10,"Cerebral atherosclerosis",1,"Stroke / cerebrovascular disease",FALSE
"I673",10,"Progressive vascular leukoencephalopathy",1,"Stroke / cerebrovascular disease",FALSE
"I675",10,"Moyamoya disease",1,"Stroke / cerebrovascular disease",FALSE
"I676",10,"Nonpyogenic thrombosis of intracranial venous system",1,"Stroke / cerebrovascular disease",FALSE
"I677",10,"Cerebral arteritis, not elsewhere classified",1,"Stroke / cerebrovascular disease",FALSE
"I678",10,"Other specified cerebrovascular diseases",1,"Stroke / cerebrovascular disease",FALSE
"I6781",10,"Acute cerebrovascular insufficiency",1,"Stroke / cerebrovascular disease",FALSE
"I6782",10,"Cerebral ischemia",1,"Stroke / cerebrovascular disease",FALSE
"I6783",10,"Posterior reversible encephalopathy syndrome",1,"Stroke / cerebrovascular disease",FALSE
"I6784",10,"Cerebral vasospasm and vasoconstriction",1,"Stroke / cerebrovascular disease",FALSE
"I67841",10,"Reversible cerebrovascular vasoconstriction syndrome",1,"Stroke / cerebrovascular disease",FALSE
"I67848",10,"Other cerebrovascular vasospasm and vasoconstriction",1,"Stroke / cerebrovascular disease",FALSE
"I6785",10,"Hereditary cerebrovascular diseases",1,"Stroke / cerebrovascular disease",FALSE
"I67850",10,"Cerebral autosomal dominant arteriopathy with subcortical infarcts and leukoencephalopathy",1,"Stroke / cerebrovascular disease",FALSE
"I67858",10,"Other hereditary cerebrovascular disease",1,"Stroke / cerebrovascular disease",FALSE
"I6789",10,"Other cerebrovascular disease",1,"Stroke / cerebrovascular disease",FALSE
"I679",10,"Cerebrovascular disease, unspecified",1,"Stroke / cerebrovascular disease",FALSE
"I68",10,"Cerebrovascular disorders in diseases classified elsewhere",1,"Stroke / cerebrovascular disease",FALSE
"I680",10,"Cerebral amyloid angiopathy",1,"Stroke / cerebrovascular disease",FALSE
"I682",10,"Cerebral arteritis in other diseases classified elsewhere",1,"Stroke / cerebrovascular disease",FALSE
"I688",10,"Other cerebrovascular disorders in diseases classified elsewhere",1,"Stroke / cerebrovascular disease",FALSE
"I69",10,"Sequelae of cerebrovascular disease",1,"Stroke / cerebrovascular disease",TRUE
"I691",10,"Sequelae of nontraumatic intracerebral hemorrhage",1,"Stroke / cerebrovascular disease",TRUE
"I6910",10,"Unspecified sequelae of nontraumatic intracerebral hemorrhage",1,"Stroke / cerebrovascular disease",TRUE
"I6911",10,"Cognitive deficits following nontraumatic intracerebral hemorrhage",1,"Stroke / cerebrovascular disease",FALSE
"I69110",10,"Attention and concentration deficit following nontraumatic intracerebral hemorrhage",1,"Stroke / cerebrovascular disease",FALSE
"I69111",10,"Memory deficit following nontraumatic intracerebral hemorrhage",1,"Stroke / cerebrovascular disease",FALSE
"I69112",10,"Visuospatial deficit and spatial neglect following nontraumatic intracerebral hemorrhage",1,"Stroke / cerebrovascular disease",FALSE
"I69113",10,"Psychomotor deficit following nontraumatic intracerebral hemorrhage",1,"Stroke / cerebrovascular disease",FALSE
"I69114",10,"Frontal lobe and executive function deficit following nontraumatic intracerebral hemorrhage",1,"Stroke / cerebrovascular disease",FALSE
"I69115",10,"Cognitive social or emotional deficit following nontraumatic intracerebral hemorrhage",1,"Stroke / cerebrovascular disease",FALSE
"I69118",10,"Other symptoms and signs involving cognitive functions following nontraumatic intracerebral hemorrhage",1,"Stroke / cerebrovascular disease",FALSE
"I69119",10,"Unspecified symptoms and signs involving cognitive functions following nontraumatic intracerebral hemorrhage",1,"Stroke / cerebrovascular disease",FALSE
"I6912",10,"Speech and language deficits following nontraumatic intracerebral hemorrhage",1,"Stroke / cerebrovascular disease",FALSE
"I69120",10,"Aphasia following nontraumatic intracerebral hemorrhage",1,"Stroke / cerebrovascular disease",FALSE
"I69121",10,"Dysphasia following nontraumatic intracerebral hemorrhage",1,"Stroke / cerebrovascular disease",FALSE
"I69122",10,"Dysarthria following nontraumatic intracerebral hemorrhage",1,"Stroke / cerebrovascular disease",FALSE
"I69123",10,"Fluency disorder following nontraumatic intracerebral hemorrhage",1,"Stroke / cerebrovascular disease",FALSE
"I69128",10,"Other speech and language deficits following nontraumatic intracerebral hemorrhage",1,"Stroke / cerebrovascular disease",FALSE
"I6913",10,"Monoplegia of upper limb following nontraumatic intracerebral hemorrhage",1,"Stroke / cerebrovascular disease",FALSE
"I69131",10,"Monoplegia of upper limb following nontraumatic intracerebral hemorrhage affecting right dominant side",1,"Stroke / cerebrovascular disease",FALSE
"I69132",10,"Monoplegia of upper limb following nontraumatic intracerebral hemorrhage affecting left dominant side",1,"Stroke / cerebrovascular disease",FALSE
"I69133",10,"Monoplegia of upper limb following nontraumatic intracerebral hemorrhage affecting right non-dominant side",1,"Stroke / cerebrovascular disease",FALSE
"I69134",10,"Monoplegia of upper limb following nontraumatic intracerebral hemorrhage affecting left non-dominant side",1,"Stroke / cerebrovascular disease",FALSE
"I69139",10,"Monoplegia of upper limb following nontraumatic intracerebral hemorrhage affecting unspecified side",1,"Stroke / cerebrovascular disease",FALSE
"I6914",10,"Monoplegia of lower limb following nontraumatic intracerebral hemorrhage",1,"Stroke / cerebrovascular disease",FALSE
"I69141",10,"Monoplegia of lower limb following nontraumatic intracerebral hemorrhage affecting right dominant side",1,"Stroke / cerebrovascular disease",FALSE
"I69142",10,"Monoplegia of lower limb following nontraumatic intracerebral hemorrhage affecting left dominant side",1,"Stroke / cerebrovascular disease",FALSE
"I69143",10,"Monoplegia of lower limb following nontraumatic intracerebral hemorrhage affecting right non-dominant side",1,"Stroke / cerebrovascular disease",FALSE
"I69144",10,"Monoplegia of lower limb following nontraumatic intracerebral hemorrhage affecting left non-dominant side",1,"Stroke / cerebrovascular disease",FALSE
"I69149",10,"Monoplegia of lower limb following nontraumatic intracerebral hemorrhage affecting unspecified side",1,"Stroke / cerebrovascular disease",FALSE
"I6915",10,"Hemiplegia and hemiparesis following nontraumatic intracerebral hemorrhage",1,"Stroke / cerebrovascular disease",FALSE
"I69151",10,"Hemiplegia and hemiparesis following nontraumatic intracerebral hemorrhage affecting right dominant side",1,"Stroke / cerebrovascular disease",FALSE
"I69152",10,"Hemiplegia and hemiparesis following nontraumatic intracerebral hemorrhage affecting left dominant side",1,"Stroke / cerebrovascular disease",FALSE
"I69153",10,"Hemiplegia and hemiparesis following nontraumatic intracerebral hemorrhage affecting right non-dominant side",1,"Stroke / cerebrovascular disease",FALSE
"I69154",10,"Hemiplegia and hemiparesis following nontraumatic intracerebral hemorrhage affecting left non-dominant side",1,"Stroke / cerebrovascular disease",FALSE
"I69159",10,"Hemiplegia and hemiparesis following nontraumatic intracerebral hemorrhage affecting unspecified side",1,"Stroke / cerebrovascular disease",FALSE
"I6916",10,"Other paralytic syndrome following nontraumatic intracerebral hemorrhage",1,"Stroke / cerebrovascular disease",FALSE
"I69161",10,"Other paralytic syndrome following nontraumatic intracerebral hemorrhage affecting right dominant side",1,"Stroke / cerebrovascular disease",FALSE
"I69162",10,"Other paralytic syndrome following nontraumatic intracerebral hemorrhage affecting left dominant side",1,"Stroke / cerebrovascular disease",FALSE
"I69163",10,"Other paralytic syndrome following nontraumatic intracerebral hemorrhage affecting right non-dominant side",1,"Stroke / cerebrovascular disease",FALSE
"I69164",10,"Other paralytic syndrome following nontraumatic intracerebral hemorrhage affecting left non-dominant side",1,"Stroke / cerebrovascular disease",FALSE
"I69165",10,"Other paralytic syndrome following nontraumatic intracerebral hemorrhage, bilateral",1,"Stroke / cerebrovascular disease",FALSE
"I69169",10,"Other paralytic syndrome following nontraumatic intracerebral hemorrhage affecting unspecified side",1,"Stroke / cerebrovascular disease",FALSE
"I6919",10,"Other sequelae of nontraumatic intracerebral hemorrhage",1,"Stroke / cerebrovascular disease",TRUE
"I69190",10,"Apraxia following nontraumatic intracerebral hemorrhage",1,"Stroke / cerebrovascular disease",FALSE
"I69191",10,"Dysphagia following nontraumatic intracerebral hemorrhage",1,"Stroke / cerebrovascular disease",FALSE
"I69192",10,"Facial weakness following nontraumatic intracerebral hemorrhage",1,"Stroke / cerebrovascular disease",FALSE
"I69193",10,"Ataxia following nontraumatic intracerebral hemorrhage",1,"Stroke / cerebrovascular disease",FALSE
"I69198",10,"Other sequelae of nontraumatic intracerebral hemorrhage",1,"Stroke / cerebrovascular disease",TRUE
"I692",10,"Sequelae of other nontraumatic intracranial hemorrhage",1,"Stroke / cerebrovascular disease",TRUE
"I6920",10,"Unspecified sequelae of other nontraumatic intracranial hemorrhage",1,"Stroke / cerebrovascular disease",TRUE
"I6921",10,"Cognitive deficits following other nontraumatic intracranial hemorrhage",1,"Stroke / cerebrovascular disease",FALSE
"I69210",10,"Attention and concentration deficit following other nontraumatic intracranial hemorrhage",1,"Stroke / cerebrovascular disease",FALSE
"I69211",10,"Memory deficit following other nontraumatic intracranial hemorrhage",1,"Stroke / cerebrovascular disease",FALSE
"I69212",10,"Visuospatial deficit and spatial neglect following other nontraumatic intracranial hemorrhage",1,"Stroke / cerebrovascular disease",FALSE
"I69213",10,"Psychomotor deficit following other nontraumatic intracranial hemorrhage",1,"Stroke / cerebrovascular disease",FALSE
"I69214",10,"Frontal lobe and executive function deficit following other nontraumatic intracranial hemorrhage",1,"Stroke / cerebrovascular disease",FALSE
"I69215",10,"Cognitive social or emotional deficit following other nontraumatic intracranial hemorrhage",1,"Stroke / cerebrovascular disease",FALSE
"I69218",10,"Other symptoms and signs involving cognitive functions following other nontraumatic intracranial hemorrhage",1,"Stroke / cerebrovascular disease",FALSE
"I69219",10,"Unspecified symptoms and signs involving cognitive functions following other nontraumatic intracranial hemorrhage",1,"Stroke / cerebrovascular disease",FALSE
"I6922",10,"Speech and language deficits following other nontraumatic intracranial hemorrhage",1,"Stroke / cerebrovascular disease",FALSE
"I69220",10,"Aphasia following other nontraumatic intracranial hemorrhage",1,"Stroke / cerebrovascular disease",FALSE
"I69221",10,"Dysphasia following other nontraumatic intracranial hemorrhage",1,"Stroke / cerebrovascular disease",FALSE
"I69222",10,"Dysarthria following other nontraumatic intracranial hemorrhage",1,"Stroke / cerebrovascular disease",FALSE
"I69223",10,"Fluency disorder following other nontraumatic intracranial hemorrhage",1,"Stroke / cerebrovascular disease",FALSE
"I69228",10,"Other speech and language deficits following other nontraumatic intracranial hemorrhage",1,"Stroke / cerebrovascular disease",FALSE
"I6923",10,"Monoplegia of upper limb following other nontraumatic intracranial hemorrhage",1,"Stroke / cerebrovascular disease",FALSE
"I69231",10,"Monoplegia of upper limb following other nontraumatic intracranial hemorrhage affecting right dominant side",1,"Stroke / cerebrovascular disease",FALSE
"I69232",10,"Monoplegia of upper limb following other nontraumatic intracranial hemorrhage affecting left dominant side",1,"Stroke / cerebrovascular disease",FALSE
"I69233",10,"Monoplegia of upper limb following other nontraumatic intracranial hemorrhage affecting right non-dominant side",1,"Stroke / cerebrovascular disease",FALSE
"I69234",10,"Monoplegia of upper limb following other nontraumatic intracranial hemorrhage affecting left non-dominant side",1,"Stroke / cerebrovascular disease",FALSE
"I69239",10,"Monoplegia of upper limb following other nontraumatic intracranial hemorrhage affecting unspecified side",1,"Stroke / cerebrovascular disease",FALSE
"I6924",10,"Monoplegia of lower limb following other nontraumatic intracranial hemorrhage",1,"Stroke / cerebrovascular disease",FALSE
"I69241",10,"Monoplegia of lower limb following other nontraumatic intracranial hemorrhage affecting right dominant side",1,"Stroke / cerebrovascular disease",FALSE
"I69242",10,"Monoplegia of lower limb following other nontraumatic intracranial hemorrhage affecting left dominant side",1,"Stroke / cerebrovascular disease",FALSE
"I69243",10,"Monoplegia of lower limb following other nontraumatic intracranial hemorrhage affecting right non-dominant side",1,"Stroke / cerebrovascular disease",FALSE
"I69244",10,"Monoplegia of lower limb following other nontraumatic intracranial hemorrhage affecting left non-dominant side",1,"Stroke / cerebrovascular disease",FALSE
"I69249",10,"Monoplegia of lower limb following other nontraumatic intracranial hemorrhage affecting unspecified side",1,"Stroke / cerebrovascular disease",FALSE
"I6925",10,"Hemiplegia and hemiparesis following other nontraumatic intracranial hemorrhage",1,"Stroke / cerebrovascular disease",FALSE
"I69251",10,"Hemiplegia and hemiparesis following other nontraumatic intracranial hemorrhage affecting right dominant side",1,"Stroke / cerebrovascular disease",FALSE
"I69252",10,"Hemiplegia and hemiparesis following other nontraumatic intracranial hemorrhage affecting left dominant side",1,"Stroke / cerebrovascular disease",FALSE
"I69253",10,"Hemiplegia and hemiparesis following other nontraumatic intracranial hemorrhage affecting right non-dominant side",1,"Stroke / cerebrovascular disease",FALSE
"I69254",10,"Hemiplegia and hemiparesis following other nontraumatic intracranial hemorrhage affecting left non-dominant side",1,"Stroke / cerebrovascular disease",FALSE
"I69259",10,"Hemiplegia and hemiparesis following other nontraumatic intracranial hemorrhage affecting unspecified side",1,"Stroke / cerebrovascular disease",FALSE
"I6926",10,"Other paralytic syndrome following other nontraumatic intracranial hemorrhage",1,"Stroke / cerebrovascular disease",FALSE
"I69261",10,"Other paralytic syndrome following other nontraumatic intracranial hemorrhage affecting right dominant side",1,"Stroke / cerebrovascular disease",FALSE
"I69262",10,"Other paralytic syndrome following other nontraumatic intracranial hemorrhage affecting left dominant side",1,"Stroke / cerebrovascular disease",FALSE
"I69263",10,"Other paralytic syndrome following other nontraumatic intracranial hemorrhage affecting right non-dominant side",1,"Stroke / cerebrovascular disease",FALSE
"I69264",10,"Other paralytic syndrome following other nontraumatic intracranial hemorrhage affecting left non-dominant side",1,"Stroke / cerebrovascular disease",FALSE
"I69265",10,"Other paralytic syndrome following other nontraumatic intracranial hemorrhage, bilateral",1,"Stroke / cerebrovascular disease",FALSE
"I69269",10,"Other paralytic syndrome following other nontraumatic intracranial hemorrhage affecting unspecified side",1,"Stroke / cerebrovascular disease",FALSE
"I6929",10,"Other sequelae of other nontraumatic intracranial hemorrhage",1,"Stroke / cerebrovascular disease",TRUE
"I69290",10,"Apraxia following other nontraumatic intracranial hemorrhage",1,"Stroke / cerebrovascular disease",FALSE
"I69291",10,"Dysphagia following other nontraumatic intracranial hemorrhage",1,"Stroke / cerebrovascular disease",FALSE
"I69292",10,"Facial weakness following other nontraumatic intracranial hemorrhage",1,"Stroke / cerebrovascular disease",FALSE
"I69293",10,"Ataxia following other nontraumatic intracranial hemorrhage",1,"Stroke / cerebrovascular disease",FALSE
"I69298",10,"Other sequelae of other nontraumatic intracranial hemorrhage",1,"Stroke / cerebrovascular disease",TRUE
"I693",10,"Sequelae of cerebral infarction",1,"Stroke / cerebrovascular disease",TRUE
"I6930",10,"Unspecified sequelae of cerebral infarction",1,"Stroke / cerebrovascular disease",TRUE
"I6931",10,"Cognitive deficits following cerebral infarction",1,"Stroke / cerebrovascular disease",FALSE
"I69310",10,"Attention and concentration deficit following cerebral infarction",1,"Stroke / cerebrovascular disease",FALSE
"I69311",10,"Memory deficit following cerebral infarction",1,"Stroke / cerebrovascular disease",FALSE
"I69312",10,"Visuospatial deficit and spatial neglect following cerebral infarction",1,"Stroke / cerebrovascular disease",FALSE
"I69313",10,"Psychomotor deficit following cerebral infarction",1,"Stroke / cerebrovascular disease",FALSE
"I69314",10,"Frontal lobe and executive function deficit following cerebral infarction",1,"Stroke / cerebrovascular disease",FALSE
"I69315",10,"Cognitive social or emotional deficit following cerebral infarction",1,"Stroke / cerebrovascular disease",FALSE
"I69318",10,"Other symptoms and signs involving cognitive functions following cerebral infarction",1,"Stroke / cerebrovascular disease",FALSE
"I69319",10,"Unspecified symptoms and signs involving cognitive functions following cerebral infarction",1,"Stroke / cerebrovascular disease",FALSE
"I6932",10,"Speech and language deficits following cerebral infarction",1,"Stroke / cerebrovascular disease",FALSE
"I69320",10,"Aphasia following cerebral infarction",1,"Stroke / cerebrovascular disease",FALSE
"I69321",10,"Dysphasia following cerebral infarction",1,"Stroke / cerebrovascular disease",FALSE
"I69322",10,"Dysarthria following cerebral infarction",1,"Stroke / cerebrovascular disease",FALSE
"I69323",10,"Fluency disorder following cerebral infarction",1,"Stroke / cerebrovascular disease",FALSE
"I69328",10,"Other speech and language deficits following cerebral infarction",1,"Stroke / cerebrovascular disease",FALSE
"I6933",10,"Monoplegia of upper limb following cerebral infarction",1,"Stroke / cerebrovascular disease",FALSE
"I69331",10,"Monoplegia of upper limb following cerebral infarction affecting right dominant side",1,"Stroke / cerebrovascular disease",FALSE
"I69332",10,"Monoplegia of upper limb following cerebral infarction affecting left dominant side",1,"Stroke / cerebrovascular disease",FALSE
"I69333",10,"Monoplegia of upper limb following cerebral infarction affecting right non-dominant side",1,"Stroke / cerebrovascular disease",FALSE
"I69334",10,"Monoplegia of upper limb following cerebral infarction affecting left non-dominant side",1,"Stroke / cerebrovascular disease",FALSE
"I69339",10,"Monoplegia of upper limb following cerebral infarction affecting unspecified side",1,"Stroke / cerebrovascular disease",FALSE
"I6934",10,"Monoplegia of lower limb following cerebral infarction",1,"Stroke / cerebrovascular disease",FALSE
"I69341",10,"Monoplegia of lower limb following cerebral infarction affecting right dominant side",1,"Stroke / cerebrovascular disease",FALSE
"I69342",10,"Monoplegia of lower limb following cerebral infarction affecting left dominant side",1,"Stroke / cerebrovascular disease",FALSE
"I69343",10,"Monoplegia of lower limb following cerebral infarction affecting right non-dominant side",1,"Stroke / cerebrovascular disease",FALSE
"I69344",10,"Monoplegia of lower limb following cerebral infarction affecting left non-dominant side",1,"Stroke / cerebrovascular disease",FALSE
"I69349",10,"Monoplegia of lower limb following cerebral infarction affecting unspecified side",1,"Stroke / cerebrovascular disease",FALSE
"I6935",10,"Hemiplegia and hemiparesis following cerebral infarction",1,"Stroke / cerebrovascular disease",FALSE
"I69351",10,"Hemiplegia and hemiparesis following cerebral infarction affecting right dominant side",1,"Stroke / cerebrovascular disease",FALSE
"I69352",10,"Hemiplegia and hemiparesis following cerebral infarction affecting left dominant side",1,"Stroke / cerebrovascular disease",FALSE
"I69353",10,"Hemiplegia and hemiparesis following cerebral infarction affecting right non-dominant side",1,"Stroke / cerebrovascular disease",FALSE
"I69354",10,"Hemiplegia and hemiparesis following cerebral infarction affecting left non-dominant side",1,"Stroke / cerebrovascular disease",FALSE
"I69359",10,"Hemiplegia and hemiparesis following cerebral infarction affecting unspecified side",1,"Stroke / cerebrovascular disease",FALSE
"I6936",10,"Other paralytic syndrome following cerebral infarction",1,"Stroke / cerebrovascular disease",FALSE
"I69361",10,"Other paralytic syndrome following cerebral infarction affecting right dominant side",1,"Stroke / cerebrovascular disease",FALSE
"I69362",10,"Other paralytic syndrome following cerebral infarction affecting left dominant side",1,"Stroke / cerebrovascular disease",FALSE
"I69363",10,"Other paralytic syndrome following cerebral infarction affecting right non-dominant side",1,"Stroke / cerebrovascular disease",FALSE
"I69364",10,"Other paralytic syndrome following cerebral infarction affecting left non-dominant side",1,"Stroke / cerebrovascular disease",FALSE
"I69365",10,"Other paralytic syndrome following cerebral infarction, bilateral",1,"Stroke / cerebrovascular disease",FALSE
"I69369",10,"Other paralytic syndrome following cerebral infarction affecting unspecified side",1,"Stroke / cerebrovascular disease",FALSE
"I6939",10,"Other sequelae of cerebral infarction",1,"Stroke / cerebrovascular disease",TRUE
"I69390",10,"Apraxia following cerebral infarction",1,"Stroke / cerebrovascular disease",FALSE
"I69391",10,"Dysphagia following cerebral infarction",1,"Stroke / cerebrovascular disease",FALSE
"I69392",10,"Facial weakness following cerebral infarction",1,"Stroke / cerebrovascular disease",FALSE
"I69393",10,"Ataxia following cerebral infarction",1,"Stroke / cerebrovascular disease",FALSE
"I69398",10,"Other sequelae of cerebral infarction",1,"Stroke / cerebrovascular disease",TRUE
"I698",10,"Sequelae of other cerebrovascular diseases",1,"Stroke / cerebrovascular disease",TRUE
"I6980",10,"Unspecified sequelae of other cerebrovascular disease",1,"Stroke / cerebrovascular disease",TRUE
"I6981",10,"Cognitive deficits following other cerebrovascular disease",1,"Stroke / cerebrovascular disease",FALSE
"I69810",10,"Attention and concentration deficit following other cerebrovascular disease",1,"Stroke / cerebrovascular disease",FALSE
"I69811",10,"Memory deficit following other cerebrovascular disease",1,"Stroke / cerebrovascular disease",FALSE
"I69812",10,"Visuospatial deficit and spatial neglect following other cerebrovascular disease",1,"Stroke / cerebrovascular disease",FALSE
"I69813",10,"Psychomotor deficit following other cerebrovascular disease",1,"Stroke / cerebrovascular disease",FALSE
"I69814",10,"Frontal lobe and executive function deficit following other cerebrovascular disease",1,"Stroke / cerebrovascular disease",FALSE
"I69815",10,"Cognitive social or emotional deficit following other cerebrovascular disease",1,"Stroke / cerebrovascular disease",FALSE
"I69818",10,"Other symptoms and signs involving cognitive functions following other cerebrovascular disease",1,"Stroke / cerebrovascular disease",FALSE
"I69819",10,"Unspecified symptoms and signs involving cognitive functions following other cerebrovascular disease",1,"Stroke / cerebrovascular disease",FALSE
"I6982",10,"Speech and language deficits following other cerebrovascular disease",1,"Stroke / cerebrovascular disease",FALSE
"I69820",10,"Aphasia following other cerebrovascular disease",1,"Stroke / cerebrovascular disease",FALSE
"I69821",10,"Dysphasia following other cerebrovascular disease",1,"Stroke / cerebrovascular disease",FALSE
"I69822",10,"Dysarthria following other cerebrovascular disease",1,"Stroke / cerebrovascular disease",FALSE
"I69823",10,"Fluency disorder following other cerebrovascular disease",1,"Stroke / cerebrovascular disease",FALSE
"I69828",10,"Other speech and language deficits following other cerebrovascular disease",1,"Stroke / cerebrovascular disease",FALSE
"I6983",10,"Monoplegia of upper limb following other cerebrovascular disease",1,"Stroke / cerebrovascular disease",FALSE
"I69831",10,"Monoplegia of upper limb following other cerebrovascular disease affecting right dominant side",1,"Stroke / cerebrovascular disease",FALSE
"I69832",10,"Monoplegia of upper limb following other cerebrovascular disease affecting left dominant side",1,"Stroke / cerebrovascular disease",FALSE
"I69833",10,"Monoplegia of upper limb following other cerebrovascular disease affecting right non-dominant side",1,"Stroke / cerebrovascular disease",FALSE
"I69834",10,"Monoplegia of upper limb following other cerebrovascular disease affecting left non-dominant side",1,"Stroke / cerebrovascular disease",FALSE
"I69839",10,"Monoplegia of upper limb following other cerebrovascular disease affecting unspecified side",1,"Stroke / cerebrovascular disease",FALSE
"I6984",10,"Monoplegia of lower limb following other cerebrovascular disease",1,"Stroke / cerebrovascular disease",FALSE
"I69841",10,"Monoplegia of lower limb following other cerebrovascular disease affecting right dominant side",1,"Stroke / cerebrovascular disease",FALSE
"I69842",10,"Monoplegia of lower limb following other cerebrovascular disease affecting left dominant side",1,"Stroke / cerebrovascular disease",FALSE
"I69843",10,"Monoplegia of lower limb following other cerebrovascular disease affecting right non-dominant side",1,"Stroke / cerebrovascular disease",FALSE
"I69844",10,"Monoplegia of lower limb following other cerebrovascular disease affecting left non-dominant side",1,"Stroke / cerebrovascular disease",FALSE
"I69849",10,"Monoplegia of lower limb following other cerebrovascular disease affecting unspecified side",1,"Stroke / cerebrovascular disease",FALSE
"I6985",10,"Hemiplegia and hemiparesis following other cerebrovascular disease",1,"Stroke / cerebrovascular disease",FALSE
"I69851",10,"Hemiplegia and hemiparesis following other cerebrovascular disease affecting right dominant side",1,"Stroke / cerebrovascular disease",FALSE
"I69852",10,"Hemiplegia and hemiparesis following other cerebrovascular disease affecting left dominant side",1,"Stroke / cerebrovascular disease",FALSE
"I69853",10,"Hemiplegia and hemiparesis following other cerebrovascular disease affecting right non-dominant side",1,"Stroke / cerebrovascular disease",FALSE
"I69854",10,"Hemiplegia and hemiparesis following other cerebrovascular disease affecting left non-dominant side",1,"Stroke / cerebrovascular disease",FALSE
"I69859",10,"Hemiplegia and hemiparesis following other cerebrovascular disease affecting unspecified side",1,"Stroke / cerebrovascular disease",FALSE
"I6986",10,"Other paralytic syndrome following other cerebrovascular disease",1,"Stroke / cerebrovascular disease",FALSE
"I69861",10,"Other paralytic syndrome following other cerebrovascular disease affecting right dominant side",1,"Stroke / cerebrovascular disease",FALSE
"I69862",10,"Other paralytic syndrome following other cerebrovascular disease affecting left dominant side",1,"Stroke / cerebrovascular disease",FALSE
"I69863",10,"Other paralytic syndrome following other cerebrovascular disease affecting right non-dominant side",1,"Stroke / cerebrovascular disease",FALSE
"I69864",10,"Other paralytic syndrome following other cerebrovascular disease affecting left non-dominant side",1,"Stroke / cerebrovascular disease",FALSE
"I69865",10,"Other paralytic syndrome following other cerebrovascular disease, bilateral",1,"Stroke / cerebrovascular disease",FALSE
"I69869",10,"Other paralytic syndrome following other cerebrovascular disease affecting unspecified side",1,"Stroke / cerebrovascular disease",FALSE
"I6989",10,"Other sequelae of other cerebrovascular disease",1,"Stroke / cerebrovascular disease",TRUE
"I69890",10,"Apraxia following other cerebrovascular disease",1,"Stroke / cerebrovascular disease",FALSE
"I69891",10,"Dysphagia following other cerebrovascular disease",1,"Stroke / cerebrovascular disease",FALSE
"I69892",10,"Facial weakness following other cerebrovascular disease",1,"Stroke / cerebrovascular disease",FALSE
"I69893",10,"Ataxia following other cerebrovascular disease",1,"Stroke / cerebrovascular disease",FALSE
"I69898",10,"Other sequelae of other cerebrovascular disease",1,"Stroke / cerebrovascular disease",TRUE
"I699",10,"Sequelae of unspecified cerebrovascular diseases",1,"Stroke / cerebrovascular disease",TRUE
"I6990",10,"Unspecified sequelae of unspecified cerebrovascular disease",1,"Stroke / cerebrovascular disease",TRUE
"I6991",10,"Cognitive deficits following unspecified cerebrovascular disease",1,"Stroke / cerebrovascular disease",FALSE
"I69910",10,"Attention and concentration deficit following unspecified cerebrovascular disease",1,"Stroke / cerebrovascular disease",FALSE
"I69911",10,"Memory deficit following unspecified cerebrovascular disease",1,"Stroke / cerebrovascular disease",FALSE
"I69912",10,"Visuospatial deficit and spatial neglect following unspecified cerebrovascular disease",1,"Stroke / cerebrovascular disease",FALSE
"I69913",10,"Psychomotor deficit following unspecified cerebrovascular disease",1,"Stroke / cerebrovascular disease",FALSE
"I69914",10,"Frontal lobe and executive function deficit following unspecified cerebrovascular disease",1,"Stroke / cerebrovascular disease",FALSE
"I69915",10,"Cognitive social or emotional deficit following unspecified cerebrovascular disease",1,"Stroke / cerebrovascular disease",FALSE
"I69918",10,"Other symptoms and signs involving cognitive functions following unspecified cerebrovascular disease",1,"Stroke / cerebrovascular disease",FALSE
"I69919",10,"Unspecified symptoms and signs involving cognitive functions following unspecified cerebrovascular disease",1,"Stroke / cerebrovascular disease",FALSE
"I6992",10,"Speech and language deficits following unspecified cerebrovascular disease",1,"Stroke / cerebrovascular disease",FALSE
"I69920",10,"Aphasia following unspecified cerebrovascular disease",1,"Stroke / cerebrovascular disease",FALSE
"I69921",10,"Dysphasia following unspecified cerebrovascular disease",1,"Stroke / cerebrovascular disease",FALSE
"I69922",10,"Dysarthria following unspecified cerebrovascular disease",1,"Stroke / cerebrovascular disease",FALSE
"I69923",10,"Fluency disorder following unspecified cerebrovascular disease",1,"Stroke / cerebrovascular disease",FALSE
"I69928",10,"Other speech and language deficits following unspecified cerebrovascular disease",1,"Stroke / cerebrovascular disease",FALSE
"I6993",10,"Monoplegia of upper limb following unspecified cerebrovascular disease",1,"Stroke / cerebrovascular disease",FALSE
"I69931",10,"Monoplegia of upper limb following unspecified cerebrovascular disease affecting right dominant side",1,"Stroke / cerebrovascular disease",FALSE
"I69932",10,"Monoplegia of upper limb following unspecified cerebrovascular disease affecting left dominant side",1,"Stroke / cerebrovascular disease",FALSE
"I69933",10,"Monoplegia of upper limb following unspecified cerebrovascular disease affecting right non-dominant side",1,"Stroke / cerebrovascular disease",FALSE
"I69934",10,"Monoplegia of upper limb following unspecified cerebrovascular disease affecting left non-dominant side",1,"Stroke / cerebrovascular disease",FALSE
"I69939",10,"Monoplegia of upper limb following unspecified cerebrovascular disease affecting unspecified side",1,"Stroke / cerebrovascular disease",FALSE
"I6994",10,"Monoplegia of lower limb following unspecified cerebrovascular disease",1,"Stroke / cerebrovascular disease",FALSE
"I69941",10,"Monoplegia of lower limb following unspecified cerebrovascular disease affecting right dominant side",1,"Stroke / cerebrovascular disease",FALSE
"I69942",10,"Monoplegia of lower limb following unspecified cerebrovascular disease affecting left dominant side",1,"Stroke / cerebrovascular disease",FALSE
"I69943",10,"Monoplegia of lower limb following unspecified cerebrovascular disease affecting right non-dominant side",1,"Stroke / cerebrovascular disease",FALSE
"I69944",10,"Monoplegia of lower limb following unspecified cerebrovascular disease affecting left non-dominant side",1,"Stroke / cerebrovascular disease",FALSE
"I69949",10,"Monoplegia of lower limb following unspecified cerebrovascular disease affecting unspecified side",1,"Stroke / cerebrovascular disease",FALSE
"I6995",10,"Hemiplegia and hemiparesis following unspecified cerebrovascular disease",1,"Stroke / cerebrovascular disease",FALSE
"I69951",10,"Hemiplegia and hemiparesis following unspecified cerebrovascular disease affecting right dominant side",1,"Stroke / cerebrovascular disease",FALSE
"I69952",10,"Hemiplegia and hemiparesis following unspecified cerebrovascular disease affecting left dominant side",1,"Stroke / cerebrovascular disease",FALSE
"I69953",10,"Hemiplegia and hemiparesis following unspecified cerebrovascular disease affecting right non-dominant side",1,"Stroke / cerebrovascular disease",FALSE
"I69954",10,"Hemiplegia and hemiparesis following unspecified cerebrovascular disease affecting left non-dominant side",1,"Stroke / cerebrovascular disease",FALSE
"I69959",10,"Hemiplegia and hemiparesis following unspecified cerebrovascular disease affecting unspecified side",1,"Stroke / cerebrovascular disease",FALSE
"I6996",10,"Other paralytic syndrome following unspecified cerebrovascular disease",1,"Stroke / cerebrovascular disease",FALSE
"I69961",10,"Other paralytic syndrome following unspecified cerebrovascular disease affecting right dominant side",1,"Stroke / cerebrovascular disease",FALSE
"I69962",10,"Other paralytic syndrome following unspecified cerebrovascular disease affecting left dominant side",1,"Stroke / cerebrovascular disease",FALSE
"I69963",10,"Other paralytic syndrome following unspecified cerebrovascular disease affecting right non-dominant side",1,"Stroke / cerebrovascular disease",FALSE
"I69964",10,"Other paralytic syndrome following unspecified cerebrovascular disease affecting left non-dominant side",1,"Stroke / cerebrovascular disease",FALSE
"I69965",10,"Other paralytic syndrome following unspecified cerebrovascular disease, bilateral",1,"Stroke / cerebrovascular disease",FALSE
"I69969",10,"Other paralytic syndrome following unspecified cerebrovascular disease affecting unspecified side",1,"Stroke / cerebrovascular disease",FALSE
"I6999",10,"Other sequelae of unspecified cerebrovascular disease",1,"Stroke / cerebrovascular disease",TRUE
"I69990",10,"Apraxia following unspecified cerebrovascular disease",1,"Stroke / cerebrovascular disease",FALSE
"I69991",10,"Dysphagia following unspecified cerebrovascular disease",1,"Stroke / cerebrovascular disease",FALSE
"I69992",10,"Facial weakness following unspecified cerebrovascular disease",1,"Stroke / cerebrovascular disease",FALSE
"I69993",10,"Ataxia following unspecified cerebrovascular disease",1,"Stroke / cerebrovascular disease",FALSE
"I69998",10,"Other sequelae following unspecified cerebrovascular disease",1,"Stroke / cerebrovascular disease",TRUE
"I9781",10,"Intraoperative cerebrovascular infarction",1,"Stroke / cerebrovascular disease",FALSE
"I97810",10,"Intraoperative cerebrovascular infarction during cardiac surgery",1,"Stroke / cerebrovascular disease",FALSE
"I97811",10,"Intraoperative cerebrovascular infarction during other surgery",1,"Stroke / cerebrovascular disease",FALSE
"I9782",10,"Postprocedural cerebrovascular infarction",1,"Stroke / cerebrovascular disease",FALSE
"I97820",10,"Postprocedural cerebrovascular infarction following cardiac surgery",1,"Stroke / cerebrovascular disease",FALSE
"I97821",10,"Postprocedural cerebrovascular infarction following other surgery",1,"Stroke / cerebrovascular disease",FALSE
"K292",10,"Alcoholic gastritis",1,"Alcohol use / intoxication / withdrawal",FALSE
"K2920",10,"Alcoholic gastritis without bleeding",1,"Alcohol use / intoxication / withdrawal",FALSE
"K2921",10,"Alcoholic gastritis with bleeding",1,"Alcohol use / intoxication / withdrawal",FALSE
"K70",10,"Alcoholic liver disease",1,"Alcohol use / intoxication / withdrawal",FALSE
"K700",10,"Alcoholic fatty liver",1,"Alcohol use / intoxication / withdrawal",FALSE
"K701",10,"Alcoholic hepatitis",1,"Alcohol use / intoxication / withdrawal",FALSE
"K7010",10,"Alcoholic hepatitis without ascites",1,"Alcohol use / intoxication / withdrawal",FALSE
"K7011",10,"Alcoholic hepatitis with ascites",1,"Alcohol use / intoxication / withdrawal",FALSE
"K702",10,"Alcoholic fibrosis and sclerosis of liver",1,"Alcohol use / intoxication / withdrawal",FALSE
"K703",10,"Alcoholic cirrhosis of liver",1,"Alcohol use / intoxication / withdrawal",FALSE
"K7030",10,"Alcoholic cirrhosis of liver without ascites",1,"Alcohol use / intoxication / withdrawal",FALSE
"K7031",10,"Alcoholic cirrhosis of liver with ascites",1,"Alcohol use / intoxication / withdrawal",FALSE
"K709",10,"Alcoholic liver disease, unspecified",1,"Alcohol use / intoxication / withdrawal",FALSE
"K72",10,"Hepatic failure, not elsewhere classified",1,"Hepatic encephalopathy / failure",FALSE
"K720",10,"Acute and subacute hepatic failure",1,"Hepatic encephalopathy / failure",FALSE
"K7200",10,"Acute and subacute hepatic failure without coma",1,"Hepatic encephalopathy / failure",FALSE
"K7201",10,"Acute and subacute hepatic failure with coma",1,"Hepatic encephalopathy / failure",FALSE
"K721",10,"Chronic hepatic failure",1,"Hepatic encephalopathy / failure",FALSE
"K7210",10,"Chronic hepatic failure without coma",1,"Hepatic encephalopathy / failure",FALSE
"K7211",10,"Chronic hepatic failure with coma",1,"Hepatic encephalopathy / failure",FALSE
"K729",10,"Hepatic failure, unspecified",1,"Hepatic encephalopathy / failure",FALSE
"K7290",10,"Hepatic failure, unspecified without coma",1,"Hepatic encephalopathy / failure",FALSE
"K7291",10,"Hepatic failure, unspecified with coma",1,"Hepatic encephalopathy / failure",FALSE
"K7581",10,"Nonalcoholic steatohepatitis (NASH)",1,"Alcohol use / intoxication / withdrawal",FALSE
"K7682",10,"Hepatic encephalopathy",1,"Hepatic encephalopathy / failure",FALSE
"K9182",10,"Postprocedural hepatic failure",1,"Hepatic encephalopathy / failure",FALSE
"P0413",10,"Newborn affected by maternal use of anticonvulsants",1,"Status epilepticus / epilepsy / seizure",FALSE
"P103",10,"Subarachnoid hemorrhage due to birth injury",1,"Stroke / cerebrovascular disease",FALSE
"P52",10,"Intracranial nontraumatic hemorrhage of newborn",1,"Stroke / cerebrovascular disease",FALSE
"P520",10,"Intraventricular (nontraumatic) hemorrhage, grade 1, of newborn",1,"Stroke / cerebrovascular disease",FALSE
"P521",10,"Intraventricular (nontraumatic) hemorrhage, grade 2, of newborn",1,"Stroke / cerebrovascular disease",FALSE
"P522",10,"Intraventricular (nontraumatic) hemorrhage, grade 3 and grade 4, of newborn",1,"Stroke / cerebrovascular disease",FALSE
"P5221",10,"Intraventricular (nontraumatic) hemorrhage, grade 3, of newborn",1,"Stroke / cerebrovascular disease",FALSE
"P5222",10,"Intraventricular (nontraumatic) hemorrhage, grade 4, of newborn",1,"Stroke / cerebrovascular disease",FALSE
"P523",10,"Unspecified intraventricular (nontraumatic) hemorrhage of newborn",1,"Stroke / cerebrovascular disease",FALSE
"P524",10,"Intracerebral (nontraumatic) hemorrhage of newborn",1,"Stroke / cerebrovascular disease",FALSE
"P525",10,"Subarachnoid (nontraumatic) hemorrhage of newborn",1,"Stroke / cerebrovascular disease",FALSE
"P526",10,"Cerebellar (nontraumatic) and posterior fossa hemorrhage of newborn",1,"Stroke / cerebrovascular disease",FALSE
"P528",10,"Other intracranial (nontraumatic) hemorrhages of newborn",1,"Stroke / cerebrovascular disease",FALSE
"P529",10,"Intracranial (nontraumatic) hemorrhage of newborn, unspecified",1,"Stroke / cerebrovascular disease",FALSE
"P746",10,"Transitory hyperammonemia of newborn",1,"Metabolic / toxic / other encephalopathy",FALSE
"P90",10,"Convulsions of newborn",1,"Status epilepticus / epilepsy / seizure",FALSE
"P910",10,"Neonatal cerebral ischemia",1,"Stroke / cerebrovascular disease",FALSE
"P91819",10,"Neonatal encephalopathy, unspecified",1,"Metabolic / toxic / other encephalopathy",FALSE
"P9182",10,"Neonatal cerebral infarction",1,"Stroke / cerebrovascular disease",FALSE
"P91821",10,"Neonatal cerebral infarction, right side of brain",1,"Stroke / cerebrovascular disease",FALSE
"P91822",10,"Neonatal cerebral infarction, left side of brain",1,"Stroke / cerebrovascular disease",FALSE
"P91823",10,"Neonatal cerebral infarction, bilateral",1,"Stroke / cerebrovascular disease",FALSE
"P91829",10,"Neonatal cerebral infarction, unspecified side",1,"Stroke / cerebrovascular disease",FALSE
"R56",10,"Convulsions, not elsewhere classified",1,"Status epilepticus / epilepsy / seizure",FALSE
"R560",10,"Febrile convulsions",1,"Status epilepticus / epilepsy / seizure",FALSE
"R5600",10,"Simple febrile convulsions",1,"Status epilepticus / epilepsy / seizure",FALSE
"R5601",10,"Complex febrile convulsions",1,"Status epilepticus / epilepsy / seizure",FALSE
"R561",10,"Post traumatic seizures",1,"Status epilepticus / epilepsy / seizure",FALSE
"R569",10,"Unspecified convulsions",1,"Status epilepticus / epilepsy / seizure",FALSE
"S06",10,"Intracranial injury",1,"Traumatic brain injury",FALSE
"S060",10,"Concussion",1,"Traumatic brain injury",FALSE
"S060X",10,"Concussion",1,"Traumatic brain injury",FALSE
"S060X0",10,"Concussion without loss of consciousness",1,"Traumatic brain injury",FALSE
"S060X0A",10,"Concussion without loss of consciousness, initial encounter",1,"Traumatic brain injury",FALSE
"S060X0D",10,"Concussion without loss of consciousness, subsequent encounter",1,"Traumatic brain injury",FALSE
"S060X0S",10,"Concussion without loss of consciousness, sequela",1,"Traumatic brain injury",TRUE
"S060X1",10,"Concussion with loss of consciousness of 30 minutes or less",1,"Traumatic brain injury",FALSE
"S060X1A",10,"Concussion with loss of consciousness of 30 minutes or less, initial encounter",1,"Traumatic brain injury",FALSE
"S060X1D",10,"Concussion with loss of consciousness of 30 minutes or less, subsequent encounter",1,"Traumatic brain injury",FALSE
"S060X1S",10,"Concussion with loss of consciousness of 30 minutes or less, sequela",1,"Traumatic brain injury",TRUE
"S060X2",10,"Concussion with loss of consciousness of 31 minutes to 59 minutes",1,"Traumatic brain injury",FALSE
"S060X2A",10,"Concussion with loss of consciousness of 31 minutes to 59 minutes, initial encounter",1,"Traumatic brain injury",FALSE
"S060X2D",10,"Concussion with loss of consciousness of 31 minutes to 59 minutes, subsequent encounter",1,"Traumatic brain injury",FALSE
"S060X2S",10,"Concussion with loss of consciousness of 31 minutes to 59 minutes, sequela",1,"Traumatic brain injury",TRUE
"S060X3",10,"Concussion with loss of consciousness of 1 hour to 5 hours 59 minutes",1,"Traumatic brain injury",FALSE
"S060X3A",10,"Concussion with loss of consciousness of 1 hour to 5 hours 59 minutes, initial encounter",1,"Traumatic brain injury",FALSE
"S060X3D",10,"Concussion with loss of consciousness of 1 hour to 5 hours 59 minutes, subsequent encounter",1,"Traumatic brain injury",FALSE
"S060X3S",10,"Concussion with loss of consciousness of 1 hour to 5 hours 59 minutes, sequela",1,"Traumatic brain injury",TRUE
"S060X4",10,"Concussion with loss of consciousness of 6 hours to 24 hours",1,"Traumatic brain injury",FALSE
"S060X4A",10,"Concussion with loss of consciousness of 6 hours to 24 hours, initial encounter",1,"Traumatic brain injury",FALSE
"S060X4D",10,"Concussion with loss of consciousness of 6 hours to 24 hours, subsequent encounter",1,"Traumatic brain injury",FALSE
"S060X4S",10,"Concussion with loss of consciousness of 6 hours to 24 hours, sequela",1,"Traumatic brain injury",TRUE
"S060X5",10,"Concussion with loss of consciousness greater than 24 hours with return to pre-existing conscious level",1,"Traumatic brain injury",FALSE
"S060X5A",10,"Concussion with loss of consciousness greater than 24 hours with return to pre-existing conscious level, initial encounter",1,"Traumatic brain injury",FALSE
"S060X5D",10,"Concussion with loss of consciousness greater than 24 hours with return to pre-existing conscious level, subsequent encounter",1,"Traumatic brain injury",FALSE
"S060X5S",10,"Concussion with loss of consciousness greater than 24 hours with return to pre-existing conscious level, sequela",1,"Traumatic brain injury",TRUE
"S060X6",10,"Concussion with loss of consciousness greater than 24 hours without return to pre-existing conscious level with patient surviving",1,"Traumatic brain injury",FALSE
"S060X6A",10,"Concussion with loss of consciousness greater than 24 hours without return to pre-existing conscious level with patient surviving, initial encounter",1,"Traumatic brain injury",FALSE
"S060X6D",10,"Concussion with loss of consciousness greater than 24 hours without return to pre-existing conscious level with patient surviving, subsequent encounter",1,"Traumatic brain injury",FALSE
"S060X6S",10,"Concussion with loss of consciousness greater than 24 hours without return to pre-existing conscious level with patient surviving, sequela",1,"Traumatic brain injury",TRUE
"S060X7",10,"Concussion with loss of consciousness of any duration with death due to brain injury prior to regaining consciousness",1,"Traumatic brain injury",FALSE
"S060X7A",10,"Concussion with loss of consciousness of any duration with death due to brain injury prior to regaining consciousness, initial encounter",1,"Traumatic brain injury",FALSE
"S060X7D",10,"Concussion with loss of consciousness of any duration with death due to brain injury prior to regaining consciousness, subsequent encounter",1,"Traumatic brain injury",FALSE
"S060X7S",10,"Concussion with loss of consciousness of any duration with death due to brain injury prior to regaining consciousness, sequela",1,"Traumatic brain injury",TRUE
"S060X8",10,"Concussion with loss of consciousness of any duration with death due to other cause prior to regaining consciousness",1,"Traumatic brain injury",FALSE
"S060X8A",10,"Concussion with loss of consciousness of any duration with death due to other cause prior to regaining consciousness, initial encounter",1,"Traumatic brain injury",FALSE
"S060X8D",10,"Concussion with loss of consciousness of any duration with death due to other cause prior to regaining consciousness, subsequent encounter",1,"Traumatic brain injury",FALSE
"S060X8S",10,"Concussion with loss of consciousness of any duration with death due to other cause prior to regaining consciousness, sequela",1,"Traumatic brain injury",TRUE
"S060X9",10,"Concussion with loss of consciousness of unspecified duration",1,"Traumatic brain injury",FALSE
"S060X9A",10,"Concussion with loss of consciousness of unspecified duration, initial encounter",1,"Traumatic brain injury",FALSE
"S060X9D",10,"Concussion with loss of consciousness of unspecified duration, subsequent encounter",1,"Traumatic brain injury",FALSE
"S060X9S",10,"Concussion with loss of consciousness of unspecified duration, sequela",1,"Traumatic brain injury",TRUE
"S060XA",10,"Concussion with loss of consciousness status unknown",1,"Traumatic brain injury",FALSE
"S060XAA",10,"Concussion with loss of consciousness status unknown, initial encounter",1,"Traumatic brain injury",FALSE
"S060XAD",10,"Concussion with loss of consciousness status unknown, subsequent encounter",1,"Traumatic brain injury",FALSE
"S060XAS",10,"Concussion with loss of consciousness status unknown, sequela",1,"Traumatic brain injury",TRUE
"S061",10,"Traumatic cerebral edema",1,"Traumatic brain injury",FALSE
"S061X",10,"Traumatic cerebral edema",1,"Traumatic brain injury",FALSE
"S061X0",10,"Traumatic cerebral edema without loss of consciousness",1,"Traumatic brain injury",FALSE
"S061X0A",10,"Traumatic cerebral edema without loss of consciousness, initial encounter",1,"Traumatic brain injury",FALSE
"S061X0D",10,"Traumatic cerebral edema without loss of consciousness, subsequent encounter",1,"Traumatic brain injury",FALSE
"S061X0S",10,"Traumatic cerebral edema without loss of consciousness, sequela",1,"Traumatic brain injury",TRUE
"S061X1",10,"Traumatic cerebral edema with loss of consciousness of 30 minutes or less",1,"Traumatic brain injury",FALSE
"S061X1A",10,"Traumatic cerebral edema with loss of consciousness of 30 minutes or less, initial encounter",1,"Traumatic brain injury",FALSE
"S061X1D",10,"Traumatic cerebral edema with loss of consciousness of 30 minutes or less, subsequent encounter",1,"Traumatic brain injury",FALSE
"S061X1S",10,"Traumatic cerebral edema with loss of consciousness of 30 minutes or less, sequela",1,"Traumatic brain injury",TRUE
"S061X2",10,"Traumatic cerebral edema with loss of consciousness of 31 minutes to 59 minutes",1,"Traumatic brain injury",FALSE
"S061X2A",10,"Traumatic cerebral edema with loss of consciousness of 31 minutes to 59 minutes, initial encounter",1,"Traumatic brain injury",FALSE
"S061X2D",10,"Traumatic cerebral edema with loss of consciousness of 31 minutes to 59 minutes, subsequent encounter",1,"Traumatic brain injury",FALSE
"S061X2S",10,"Traumatic cerebral edema with loss of consciousness of 31 minutes to 59 minutes, sequela",1,"Traumatic brain injury",TRUE
"S061X3",10,"Traumatic cerebral edema with loss of consciousness of 1 hour to 5 hours 59 minutes",1,"Traumatic brain injury",FALSE
"S061X3A",10,"Traumatic cerebral edema with loss of consciousness of 1 hour to 5 hours 59 minutes, initial encounter",1,"Traumatic brain injury",FALSE
"S061X3D",10,"Traumatic cerebral edema with loss of consciousness of 1 hour to 5 hours 59 minutes, subsequent encounter",1,"Traumatic brain injury",FALSE
"S061X3S",10,"Traumatic cerebral edema with loss of consciousness of 1 hour to 5 hours 59 minutes, sequela",1,"Traumatic brain injury",TRUE
"S061X4",10,"Traumatic cerebral edema with loss of consciousness of 6 hours to 24 hours",1,"Traumatic brain injury",FALSE
"S061X4A",10,"Traumatic cerebral edema with loss of consciousness of 6 hours to 24 hours, initial encounter",1,"Traumatic brain injury",FALSE
"S061X4D",10,"Traumatic cerebral edema with loss of consciousness of 6 hours to 24 hours, subsequent encounter",1,"Traumatic brain injury",FALSE
"S061X4S",10,"Traumatic cerebral edema with loss of consciousness of 6 hours to 24 hours, sequela",1,"Traumatic brain injury",TRUE
"S061X5",10,"Traumatic cerebral edema with loss of consciousness greater than 24 hours with return to pre-existing conscious level",1,"Traumatic brain injury",FALSE
"S061X5A",10,"Traumatic cerebral edema with loss of consciousness greater than 24 hours with return to pre-existing conscious level, initial encounter",1,"Traumatic brain injury",FALSE
"S061X5D",10,"Traumatic cerebral edema with loss of consciousness greater than 24 hours with return to pre-existing conscious level, subsequent encounter",1,"Traumatic brain injury",FALSE
"S061X5S",10,"Traumatic cerebral edema with loss of consciousness greater than 24 hours with return to pre-existing conscious level, sequela",1,"Traumatic brain injury",TRUE
"S061X6",10,"Traumatic cerebral edema with loss of consciousness greater than 24 hours without return to pre-existing conscious level with patient surviving",1,"Traumatic brain injury",FALSE
"S061X6A",10,"Traumatic cerebral edema with loss of consciousness greater than 24 hours without return to pre-existing conscious level with patient surviving, initial encounter",1,"Traumatic brain injury",FALSE
"S061X6D",10,"Traumatic cerebral edema with loss of consciousness greater than 24 hours without return to pre-existing conscious level with patient surviving, subsequent encounter",1,"Traumatic brain injury",FALSE
"S061X6S",10,"Traumatic cerebral edema with loss of consciousness greater than 24 hours without return to pre-existing conscious level with patient surviving, sequela",1,"Traumatic brain injury",TRUE
"S061X7",10,"Traumatic cerebral edema with loss of consciousness of any duration with death due to brain injury prior to regaining consciousness",1,"Traumatic brain injury",FALSE
"S061X7A",10,"Traumatic cerebral edema with loss of consciousness of any duration with death due to brain injury prior to regaining consciousness, initial encounter",1,"Traumatic brain injury",FALSE
"S061X7D",10,"Traumatic cerebral edema with loss of consciousness of any duration with death due to brain injury prior to regaining consciousness, subsequent encounter",1,"Traumatic brain injury",FALSE
"S061X7S",10,"Traumatic cerebral edema with loss of consciousness of any duration with death due to brain injury prior to regaining consciousness, sequela",1,"Traumatic brain injury",TRUE
"S061X8",10,"Traumatic cerebral edema with loss of consciousness of any duration with death due to other cause prior to regaining consciousness",1,"Traumatic brain injury",FALSE
"S061X8A",10,"Traumatic cerebral edema with loss of consciousness of any duration with death due to other cause prior to regaining consciousness, initial encounter",1,"Traumatic brain injury",FALSE
"S061X8D",10,"Traumatic cerebral edema with loss of consciousness of any duration with death due to other cause prior to regaining consciousness, subsequent encounter",1,"Traumatic brain injury",FALSE
"S061X8S",10,"Traumatic cerebral edema with loss of consciousness of any duration with death due to other cause prior to regaining consciousness, sequela",1,"Traumatic brain injury",TRUE
"S061X9",10,"Traumatic cerebral edema with loss of consciousness of unspecified duration",1,"Traumatic brain injury",FALSE
"S061X9A",10,"Traumatic cerebral edema with loss of consciousness of unspecified duration, initial encounter",1,"Traumatic brain injury",FALSE
"S061X9D",10,"Traumatic cerebral edema with loss of consciousness of unspecified duration, subsequent encounter",1,"Traumatic brain injury",FALSE
"S061X9S",10,"Traumatic cerebral edema with loss of consciousness of unspecified duration, sequela",1,"Traumatic brain injury",TRUE
"S061XA",10,"Traumatic cerebral edema with loss of consciousness status unknown",1,"Traumatic brain injury",FALSE
"S061XAA",10,"Traumatic cerebral edema with loss of consciousness status unknown, initial encounter",1,"Traumatic brain injury",FALSE
"S061XAD",10,"Traumatic cerebral edema with loss of consciousness status unknown, subsequent encounter",1,"Traumatic brain injury",FALSE
"S061XAS",10,"Traumatic cerebral edema with loss of consciousness status unknown, sequela",1,"Traumatic brain injury",TRUE
"S062",10,"Diffuse traumatic brain injury",1,"Traumatic brain injury",FALSE
"S062X",10,"Diffuse traumatic brain injury",1,"Traumatic brain injury",FALSE
"S062X0",10,"Diffuse traumatic brain injury without loss of consciousness",1,"Traumatic brain injury",FALSE
"S062X0A",10,"Diffuse traumatic brain injury without loss of consciousness, initial encounter",1,"Traumatic brain injury",FALSE
"S062X0D",10,"Diffuse traumatic brain injury without loss of consciousness, subsequent encounter",1,"Traumatic brain injury",FALSE
"S062X0S",10,"Diffuse traumatic brain injury without loss of consciousness, sequela",1,"Traumatic brain injury",TRUE
"S062X1",10,"Diffuse traumatic brain injury with loss of consciousness of 30 minutes or less",1,"Traumatic brain injury",FALSE
"S062X1A",10,"Diffuse traumatic brain injury with loss of consciousness of 30 minutes or less, initial encounter",1,"Traumatic brain injury",FALSE
"S062X1D",10,"Diffuse traumatic brain injury with loss of consciousness of 30 minutes or less, subsequent encounter",1,"Traumatic brain injury",FALSE
"S062X1S",10,"Diffuse traumatic brain injury with loss of consciousness of 30 minutes or less, sequela",1,"Traumatic brain injury",TRUE
"S062X2",10,"Diffuse traumatic brain injury with loss of consciousness of 31 minutes to 59 minutes",1,"Traumatic brain injury",FALSE
"S062X2A",10,"Diffuse traumatic brain injury with loss of consciousness of 31 minutes to 59 minutes, initial encounter",1,"Traumatic brain injury",FALSE
"S062X2D",10,"Diffuse traumatic brain injury with loss of consciousness of 31 minutes to 59 minutes, subsequent encounter",1,"Traumatic brain injury",FALSE
"S062X2S",10,"Diffuse traumatic brain injury with loss of consciousness of 31 minutes to 59 minutes, sequela",1,"Traumatic brain injury",TRUE
"S062X3",10,"Diffuse traumatic brain injury with loss of consciousness of 1 hour to 5 hours 59 minutes",1,"Traumatic brain injury",FALSE
"S062X3A",10,"Diffuse traumatic brain injury with loss of consciousness of 1 hour to 5 hours 59 minutes, initial encounter",1,"Traumatic brain injury",FALSE
"S062X3D",10,"Diffuse traumatic brain injury with loss of consciousness of 1 hour to 5 hours 59 minutes, subsequent encounter",1,"Traumatic brain injury",FALSE
"S062X3S",10,"Diffuse traumatic brain injury with loss of consciousness of 1 hour to 5 hours 59 minutes, sequela",1,"Traumatic brain injury",TRUE
"S062X4",10,"Diffuse traumatic brain injury with loss of consciousness of 6 hours to 24 hours",1,"Traumatic brain injury",FALSE
"S062X4A",10,"Diffuse traumatic brain injury with loss of consciousness of 6 hours to 24 hours, initial encounter",1,"Traumatic brain injury",FALSE
"S062X4D",10,"Diffuse traumatic brain injury with loss of consciousness of 6 hours to 24 hours, subsequent encounter",1,"Traumatic brain injury",FALSE
"S062X4S",10,"Diffuse traumatic brain injury with loss of consciousness of 6 hours to 24 hours, sequela",1,"Traumatic brain injury",TRUE
"S062X5",10,"Diffuse traumatic brain injury with loss of consciousness greater than 24 hours with return to pre-existing conscious levels",1,"Traumatic brain injury",FALSE
"S062X5A",10,"Diffuse traumatic brain injury with loss of consciousness greater than 24 hours with return to pre-existing conscious levels, initial encounter",1,"Traumatic brain injury",FALSE
"S062X5D",10,"Diffuse traumatic brain injury with loss of consciousness greater than 24 hours with return to pre-existing conscious levels, subsequent encounter",1,"Traumatic brain injury",FALSE
"S062X5S",10,"Diffuse traumatic brain injury with loss of consciousness greater than 24 hours with return to pre-existing conscious levels, sequela",1,"Traumatic brain injury",TRUE
"S062X6",10,"Diffuse traumatic brain injury with loss of consciousness greater than 24 hours without return to pre-existing conscious level with patient surviving",1,"Traumatic brain injury",FALSE
"S062X6A",10,"Diffuse traumatic brain injury with loss of consciousness greater than 24 hours without return to pre-existing conscious level with patient surviving, initial encounter",1,"Traumatic brain injury",FALSE
"S062X6D",10,"Diffuse traumatic brain injury with loss of consciousness greater than 24 hours without return to pre-existing conscious level with patient surviving, subsequent encounter",1,"Traumatic brain injury",FALSE
"S062X6S",10,"Diffuse traumatic brain injury with loss of consciousness greater than 24 hours without return to pre-existing conscious level with patient surviving, sequela",1,"Traumatic brain injury",TRUE
"S062X7",10,"Diffuse traumatic brain injury with loss of consciousness of any duration with death due to brain injury prior to regaining consciousness",1,"Traumatic brain injury",FALSE
"S062X7A",10,"Diffuse traumatic brain injury with loss of consciousness of any duration with death due to brain injury prior to regaining consciousness, initial encounter",1,"Traumatic brain injury",FALSE
"S062X7D",10,"Diffuse traumatic brain injury with loss of consciousness of any duration with death due to brain injury prior to regaining consciousness, subsequent encounter",1,"Traumatic brain injury",FALSE
"S062X7S",10,"Diffuse traumatic brain injury with loss of consciousness of any duration with death due to brain injury prior to regaining consciousness, sequela",1,"Traumatic brain injury",TRUE
"S062X8",10,"Diffuse traumatic brain injury with loss of consciousness of any duration with death due to other cause prior to regaining consciousness",1,"Traumatic brain injury",FALSE
"S062X8A",10,"Diffuse traumatic brain injury with loss of consciousness of any duration with death due to other cause prior to regaining consciousness, initial encounter",1,"Traumatic brain injury",FALSE
"S062X8D",10,"Diffuse traumatic brain injury with loss of consciousness of any duration with death due to other cause prior to regaining consciousness, subsequent encounter",1,"Traumatic brain injury",FALSE
"S062X8S",10,"Diffuse traumatic brain injury with loss of consciousness of any duration with death due to other cause prior to regaining consciousness, sequela",1,"Traumatic brain injury",TRUE
"S062X9",10,"Diffuse traumatic brain injury with loss of consciousness of unspecified duration",1,"Traumatic brain injury",FALSE
"S062X9A",10,"Diffuse traumatic brain injury with loss of consciousness of unspecified duration, initial encounter",1,"Traumatic brain injury",FALSE
"S062X9D",10,"Diffuse traumatic brain injury with loss of consciousness of unspecified duration, subsequent encounter",1,"Traumatic brain injury",FALSE
"S062X9S",10,"Diffuse traumatic brain injury with loss of consciousness of unspecified duration, sequela",1,"Traumatic brain injury",TRUE
"S062XA",10,"Diffuse traumatic brain injury with loss of consciousness status unknown",1,"Traumatic brain injury",FALSE
"S062XAA",10,"Diffuse traumatic brain injury with loss of consciousness status unknown, initial encounter",1,"Traumatic brain injury",FALSE
"S062XAD",10,"Diffuse traumatic brain injury with loss of consciousness status unknown, subsequent encounter",1,"Traumatic brain injury",FALSE
"S062XAS",10,"Diffuse traumatic brain injury with loss of consciousness status unknown, sequela",1,"Traumatic brain injury",TRUE
"S063",10,"Focal traumatic brain injury",1,"Traumatic brain injury",FALSE
"S0630",10,"Unspecified focal traumatic brain injury",1,"Traumatic brain injury",FALSE
"S06300",10,"Unspecified focal traumatic brain injury without loss of consciousness",1,"Traumatic brain injury",FALSE
"S06300A",10,"Unspecified focal traumatic brain injury without loss of consciousness, initial encounter",1,"Traumatic brain injury",FALSE
"S06300D",10,"Unspecified focal traumatic brain injury without loss of consciousness, subsequent encounter",1,"Traumatic brain injury",FALSE
"S06300S",10,"Unspecified focal traumatic brain injury without loss of consciousness, sequela",1,"Traumatic brain injury",TRUE
"S06301",10,"Unspecified focal traumatic brain injury with loss of consciousness of 30 minutes or less",1,"Traumatic brain injury",FALSE
"S06301A",10,"Unspecified focal traumatic brain injury with loss of consciousness of 30 minutes or less, initial encounter",1,"Traumatic brain injury",FALSE
"S06301D",10,"Unspecified focal traumatic brain injury with loss of consciousness of 30 minutes or less, subsequent encounter",1,"Traumatic brain injury",FALSE
"S06301S",10,"Unspecified focal traumatic brain injury with loss of consciousness of 30 minutes or less, sequela",1,"Traumatic brain injury",TRUE
"S06302",10,"Unspecified focal traumatic brain injury with loss of consciousness of 31 minutes to 59 minutes",1,"Traumatic brain injury",FALSE
"S06302A",10,"Unspecified focal traumatic brain injury with loss of consciousness of 31 minutes to 59 minutes, initial encounter",1,"Traumatic brain injury",FALSE
"S06302D",10,"Unspecified focal traumatic brain injury with loss of consciousness of 31 minutes to 59 minutes, subsequent encounter",1,"Traumatic brain injury",FALSE
"S06302S",10,"Unspecified focal traumatic brain injury with loss of consciousness of 31 minutes to 59 minutes, sequela",1,"Traumatic brain injury",TRUE
"S06303",10,"Unspecified focal traumatic brain injury with loss of consciousness of 1 hour to 5 hours 59 minutes",1,"Traumatic brain injury",FALSE
"S06303A",10,"Unspecified focal traumatic brain injury with loss of consciousness of 1 hour to 5 hours 59 minutes, initial encounter",1,"Traumatic brain injury",FALSE
"S06303D",10,"Unspecified focal traumatic brain injury with loss of consciousness of 1 hour to 5 hours 59 minutes, subsequent encounter",1,"Traumatic brain injury",FALSE
"S06303S",10,"Unspecified focal traumatic brain injury with loss of consciousness of 1 hour to 5 hours 59 minutes, sequela",1,"Traumatic brain injury",TRUE
"S06304",10,"Unspecified focal traumatic brain injury with loss of consciousness of 6 hours to 24 hours",1,"Traumatic brain injury",FALSE
"S06304A",10,"Unspecified focal traumatic brain injury with loss of consciousness of 6 hours to 24 hours, initial encounter",1,"Traumatic brain injury",FALSE
"S06304D",10,"Unspecified focal traumatic brain injury with loss of consciousness of 6 hours to 24 hours, subsequent encounter",1,"Traumatic brain injury",FALSE
"S06304S",10,"Unspecified focal traumatic brain injury with loss of consciousness of 6 hours to 24 hours, sequela",1,"Traumatic brain injury",TRUE
"S06305",10,"Unspecified focal traumatic brain injury with loss of consciousness greater than 24 hours with return to pre-existing conscious level",1,"Traumatic brain injury",FALSE
"S06305A",10,"Unspecified focal traumatic brain injury with loss of consciousness greater than 24 hours with return to pre-existing conscious level, initial encounter",1,"Traumatic brain injury",FALSE
"S06305D",10,"Unspecified focal traumatic brain injury with loss of consciousness greater than 24 hours with return to pre-existing conscious level, subsequent encounter",1,"Traumatic brain injury",FALSE
"S06305S",10,"Unspecified focal traumatic brain injury with loss of consciousness greater than 24 hours with return to pre-existing conscious level, sequela",1,"Traumatic brain injury",TRUE
"S06306",10,"Unspecified focal traumatic brain injury with loss of consciousness greater than 24 hours without return to pre-existing conscious level with patient surviving",1,"Traumatic brain injury",FALSE
"S06306A",10,"Unspecified focal traumatic brain injury with loss of consciousness greater than 24 hours without return to pre-existing conscious level with patient surviving, initial encounter",1,"Traumatic brain injury",FALSE
"S06306D",10,"Unspecified focal traumatic brain injury with loss of consciousness greater than 24 hours without return to pre-existing conscious level with patient surviving, subsequent encounter",1,"Traumatic brain injury",FALSE
"S06306S",10,"Unspecified focal traumatic brain injury with loss of consciousness greater than 24 hours without return to pre-existing conscious level with patient surviving, sequela",1,"Traumatic brain injury",TRUE
"S06307",10,"Unspecified focal traumatic brain injury with loss of consciousness of any duration with death due to brain injury prior to regaining consciousness",1,"Traumatic brain injury",FALSE
"S06307A",10,"Unspecified focal traumatic brain injury with loss of consciousness of any duration with death due to brain injury prior to regaining consciousness, initial encounter",1,"Traumatic brain injury",FALSE
"S06307D",10,"Unspecified focal traumatic brain injury with loss of consciousness of any duration with death due to brain injury prior to regaining consciousness, subsequent encounter",1,"Traumatic brain injury",FALSE
"S06307S",10,"Unspecified focal traumatic brain injury with loss of consciousness of any duration with death due to brain injury prior to regaining consciousness, sequela",1,"Traumatic brain injury",TRUE
"S06308",10,"Unspecified focal traumatic brain injury with loss of consciousness of any duration with death due to other cause prior to regaining consciousness",1,"Traumatic brain injury",FALSE
"S06308A",10,"Unspecified focal traumatic brain injury with loss of consciousness of any duration with death due to other cause prior to regaining consciousness, initial encounter",1,"Traumatic brain injury",FALSE
"S06308D",10,"Unspecified focal traumatic brain injury with loss of consciousness of any duration with death due to other cause prior to regaining consciousness, subsequent encounter",1,"Traumatic brain injury",FALSE
"S06308S",10,"Unspecified focal traumatic brain injury with loss of consciousness of any duration with death due to other cause prior to regaining consciousness, sequela",1,"Traumatic brain injury",TRUE
"S06309",10,"Unspecified focal traumatic brain injury with loss of consciousness of unspecified duration",1,"Traumatic brain injury",FALSE
"S06309A",10,"Unspecified focal traumatic brain injury with loss of consciousness of unspecified duration, initial encounter",1,"Traumatic brain injury",FALSE
"S06309D",10,"Unspecified focal traumatic brain injury with loss of consciousness of unspecified duration, subsequent encounter",1,"Traumatic brain injury",FALSE
"S06309S",10,"Unspecified focal traumatic brain injury with loss of consciousness of unspecified duration, sequela",1,"Traumatic brain injury",TRUE
"S0630A",10,"Unspecified focal traumatic brain injury with loss of consciousness status unknown",1,"Traumatic brain injury",FALSE
"S0630AA",10,"Unspecified focal traumatic brain injury with loss of consciousness status unknown, initial encounter",1,"Traumatic brain injury",FALSE
"S0630AD",10,"Unspecified focal traumatic brain injury with loss of consciousness status unknown, subsequent encounter",1,"Traumatic brain injury",FALSE
"S0630AS",10,"Unspecified focal traumatic brain injury with loss of consciousness status unknown, sequela",1,"Traumatic brain injury",TRUE
"S0631",10,"Contusion and laceration of right cerebrum",1,"Traumatic brain injury",FALSE
"S06310",10,"Contusion and laceration of right cerebrum without loss of consciousness",1,"Traumatic brain injury",FALSE
"S06310A",10,"Contusion and laceration of right cerebrum without loss of consciousness, initial encounter",1,"Traumatic brain injury",FALSE
"S06310D",10,"Contusion and laceration of right cerebrum without loss of consciousness, subsequent encounter",1,"Traumatic brain injury",FALSE
"S06310S",10,"Contusion and laceration of right cerebrum without loss of consciousness, sequela",1,"Traumatic brain injury",TRUE
"S06311",10,"Contusion and laceration of right cerebrum with loss of consciousness of 30 minutes or less",1,"Traumatic brain injury",FALSE
"S06311A",10,"Contusion and laceration of right cerebrum with loss of consciousness of 30 minutes or less, initial encounter",1,"Traumatic brain injury",FALSE
"S06311D",10,"Contusion and laceration of right cerebrum with loss of consciousness of 30 minutes or less, subsequent encounter",1,"Traumatic brain injury",FALSE
"S06311S",10,"Contusion and laceration of right cerebrum with loss of consciousness of 30 minutes or less, sequela",1,"Traumatic brain injury",TRUE
"S06312",10,"Contusion and laceration of right cerebrum with loss of consciousness of 31 minutes to 59 minutes",1,"Traumatic brain injury",FALSE
"S06312A",10,"Contusion and laceration of right cerebrum with loss of consciousness of 31 minutes to 59 minutes, initial encounter",1,"Traumatic brain injury",FALSE
"S06312D",10,"Contusion and laceration of right cerebrum with loss of consciousness of 31 minutes to 59 minutes, subsequent encounter",1,"Traumatic brain injury",FALSE
"S06312S",10,"Contusion and laceration of right cerebrum with loss of consciousness of 31 minutes to 59 minutes, sequela",1,"Traumatic brain injury",TRUE
"S06313",10,"Contusion and laceration of right cerebrum with loss of consciousness of 1 hour to 5 hours 59 minutes",1,"Traumatic brain injury",FALSE
"S06313A",10,"Contusion and laceration of right cerebrum with loss of consciousness of 1 hour to 5 hours 59 minutes, initial encounter",1,"Traumatic brain injury",FALSE
"S06313D",10,"Contusion and laceration of right cerebrum with loss of consciousness of 1 hour to 5 hours 59 minutes, subsequent encounter",1,"Traumatic brain injury",FALSE
"S06313S",10,"Contusion and laceration of right cerebrum with loss of consciousness of 1 hour to 5 hours 59 minutes, sequela",1,"Traumatic brain injury",TRUE
"S06314",10,"Contusion and laceration of right cerebrum with loss of consciousness of 6 hours to 24 hours",1,"Traumatic brain injury",FALSE
"S06314A",10,"Contusion and laceration of right cerebrum with loss of consciousness of 6 hours to 24 hours, initial encounter",1,"Traumatic brain injury",FALSE
"S06314D",10,"Contusion and laceration of right cerebrum with loss of consciousness of 6 hours to 24 hours, subsequent encounter",1,"Traumatic brain injury",FALSE
"S06314S",10,"Contusion and laceration of right cerebrum with loss of consciousness of 6 hours to 24 hours, sequela",1,"Traumatic brain injury",TRUE
"S06315",10,"Contusion and laceration of right cerebrum with loss of consciousness greater than 24 hours with return to pre-existing conscious level",1,"Traumatic brain injury",FALSE
"S06315A",10,"Contusion and laceration of right cerebrum with loss of consciousness greater than 24 hours with return to pre-existing conscious level, initial encounter",1,"Traumatic brain injury",FALSE
"S06315D",10,"Contusion and laceration of right cerebrum with loss of consciousness greater than 24 hours with return to pre-existing conscious level, subsequent encounter",1,"Traumatic brain injury",FALSE
"S06315S",10,"Contusion and laceration of right cerebrum with loss of consciousness greater than 24 hours with return to pre-existing conscious level, sequela",1,"Traumatic brain injury",TRUE
"S06316",10,"Contusion and laceration of right cerebrum with loss of consciousness greater than 24 hours without return to pre-existing conscious level with patient surviving",1,"Traumatic brain injury",FALSE
"S06316A",10,"Contusion and laceration of right cerebrum with loss of consciousness greater than 24 hours without return to pre-existing conscious level with patient surviving, initial encounter",1,"Traumatic brain injury",FALSE
"S06316D",10,"Contusion and laceration of right cerebrum with loss of consciousness greater than 24 hours without return to pre-existing conscious level with patient surviving, subsequent encounter",1,"Traumatic brain injury",FALSE
"S06316S",10,"Contusion and laceration of right cerebrum with loss of consciousness greater than 24 hours without return to pre-existing conscious level with patient surviving, sequela",1,"Traumatic brain injury",TRUE
"S06317",10,"Contusion and laceration of right cerebrum with loss of consciousness of any duration with death due to brain injury prior to regaining consciousness",1,"Traumatic brain injury",FALSE
"S06317A",10,"Contusion and laceration of right cerebrum with loss of consciousness of any duration with death due to brain injury prior to regaining consciousness, initial encounter",1,"Traumatic brain injury",FALSE
"S06317D",10,"Contusion and laceration of right cerebrum with loss of consciousness of any duration with death due to brain injury prior to regaining consciousness, subsequent encounter",1,"Traumatic brain injury",FALSE
"S06317S",10,"Contusion and laceration of right cerebrum with loss of consciousness of any duration with death due to brain injury prior to regaining consciousness, sequela",1,"Traumatic brain injury",TRUE
"S06318",10,"Contusion and laceration of right cerebrum with loss of consciousness of any duration with death due to other cause prior to regaining consciousness",1,"Traumatic brain injury",FALSE
"S06318A",10,"Contusion and laceration of right cerebrum with loss of consciousness of any duration with death due to other cause prior to regaining consciousness, initial encounter",1,"Traumatic brain injury",FALSE
"S06318D",10,"Contusion and laceration of right cerebrum with loss of consciousness of any duration with death due to other cause prior to regaining consciousness, subsequent encounter",1,"Traumatic brain injury",FALSE
"S06318S",10,"Contusion and laceration of right cerebrum with loss of consciousness of any duration with death due to other cause prior to regaining consciousness, sequela",1,"Traumatic brain injury",TRUE
"S06319",10,"Contusion and laceration of right cerebrum with loss of consciousness of unspecified duration",1,"Traumatic brain injury",FALSE
"S06319A",10,"Contusion and laceration of right cerebrum with loss of consciousness of unspecified duration, initial encounter",1,"Traumatic brain injury",FALSE
"S06319D",10,"Contusion and laceration of right cerebrum with loss of consciousness of unspecified duration, subsequent encounter",1,"Traumatic brain injury",FALSE
"S06319S",10,"Contusion and laceration of right cerebrum with loss of consciousness of unspecified duration, sequela",1,"Traumatic brain injury",TRUE
"S0631A",10,"Contusion and laceration of right cerebrum with loss of consciousness status unknown",1,"Traumatic brain injury",FALSE
"S0631AA",10,"Contusion and laceration of right cerebrum with loss of consciousness status unknown, initial encounter",1,"Traumatic brain injury",FALSE
"S0631AD",10,"Contusion and laceration of right cerebrum with loss of consciousness status unknown, subsequent encounter",1,"Traumatic brain injury",FALSE
"S0631AS",10,"Contusion and laceration of right cerebrum with loss of consciousness status unknown, sequela",1,"Traumatic brain injury",TRUE
"S0632",10,"Contusion and laceration of left cerebrum",1,"Traumatic brain injury",FALSE
"S06320",10,"Contusion and laceration of left cerebrum without loss of consciousness",1,"Traumatic brain injury",FALSE
"S06320A",10,"Contusion and laceration of left cerebrum without loss of consciousness, initial encounter",1,"Traumatic brain injury",FALSE
"S06320D",10,"Contusion and laceration of left cerebrum without loss of consciousness, subsequent encounter",1,"Traumatic brain injury",FALSE
"S06320S",10,"Contusion and laceration of left cerebrum without loss of consciousness, sequela",1,"Traumatic brain injury",TRUE
"S06321",10,"Contusion and laceration of left cerebrum with loss of consciousness of 30 minutes or less",1,"Traumatic brain injury",FALSE
"S06321A",10,"Contusion and laceration of left cerebrum with loss of consciousness of 30 minutes or less, initial encounter",1,"Traumatic brain injury",FALSE
"S06321D",10,"Contusion and laceration of left cerebrum with loss of consciousness of 30 minutes or less, subsequent encounter",1,"Traumatic brain injury",FALSE
"S06321S",10,"Contusion and laceration of left cerebrum with loss of consciousness of 30 minutes or less, sequela",1,"Traumatic brain injury",TRUE
"S06322",10,"Contusion and laceration of left cerebrum with loss of consciousness of 31 minutes to 59 minutes",1,"Traumatic brain injury",FALSE
"S06322A",10,"Contusion and laceration of left cerebrum with loss of consciousness of 31 minutes to 59 minutes, initial encounter",1,"Traumatic brain injury",FALSE
"S06322D",10,"Contusion and laceration of left cerebrum with loss of consciousness of 31 minutes to 59 minutes, subsequent encounter",1,"Traumatic brain injury",FALSE
"S06322S",10,"Contusion and laceration of left cerebrum with loss of consciousness of 31 minutes to 59 minutes, sequela",1,"Traumatic brain injury",TRUE
"S06323",10,"Contusion and laceration of left cerebrum with loss of consciousness of 1 hour to 5 hours 59 minutes",1,"Traumatic brain injury",FALSE
"S06323A",10,"Contusion and laceration of left cerebrum with loss of consciousness of 1 hour to 5 hours 59 minutes, initial encounter",1,"Traumatic brain injury",FALSE
"S06323D",10,"Contusion and laceration of left cerebrum with loss of consciousness of 1 hour to 5 hours 59 minutes, subsequent encounter",1,"Traumatic brain injury",FALSE
"S06323S",10,"Contusion and laceration of left cerebrum with loss of consciousness of 1 hour to 5 hours 59 minutes, sequela",1,"Traumatic brain injury",TRUE
"S06324",10,"Contusion and laceration of left cerebrum with loss of consciousness of 6 hours to 24 hours",1,"Traumatic brain injury",FALSE
"S06324A",10,"Contusion and laceration of left cerebrum with loss of consciousness of 6 hours to 24 hours, initial encounter",1,"Traumatic brain injury",FALSE
"S06324D",10,"Contusion and laceration of left cerebrum with loss of consciousness of 6 hours to 24 hours, subsequent encounter",1,"Traumatic brain injury",FALSE
"S06324S",10,"Contusion and laceration of left cerebrum with loss of consciousness of 6 hours to 24 hours, sequela",1,"Traumatic brain injury",TRUE
"S06325",10,"Contusion and laceration of left cerebrum with loss of consciousness greater than 24 hours with return to pre-existing conscious level",1,"Traumatic brain injury",FALSE
"S06325A",10,"Contusion and laceration of left cerebrum with loss of consciousness greater than 24 hours with return to pre-existing conscious level, initial encounter",1,"Traumatic brain injury",FALSE
"S06325D",10,"Contusion and laceration of left cerebrum with loss of consciousness greater than 24 hours with return to pre-existing conscious level, subsequent encounter",1,"Traumatic brain injury",FALSE
"S06325S",10,"Contusion and laceration of left cerebrum with loss of consciousness greater than 24 hours with return to pre-existing conscious level, sequela",1,"Traumatic brain injury",TRUE
"S06326",10,"Contusion and laceration of left cerebrum with loss of consciousness greater than 24 hours without return to pre-existing conscious level with patient surviving",1,"Traumatic brain injury",FALSE
"S06326A",10,"Contusion and laceration of left cerebrum with loss of consciousness greater than 24 hours without return to pre-existing conscious level with patient surviving, initial encounter",1,"Traumatic brain injury",FALSE
"S06326D",10,"Contusion and laceration of left cerebrum with loss of consciousness greater than 24 hours without return to pre-existing conscious level with patient surviving, subsequent encounter",1,"Traumatic brain injury",FALSE
"S06326S",10,"Contusion and laceration of left cerebrum with loss of consciousness greater than 24 hours without return to pre-existing conscious level with patient surviving, sequela",1,"Traumatic brain injury",TRUE
"S06327",10,"Contusion and laceration of left cerebrum with loss of consciousness of any duration with death due to brain injury prior to regaining consciousness",1,"Traumatic brain injury",FALSE
"S06327A",10,"Contusion and laceration of left cerebrum with loss of consciousness of any duration with death due to brain injury prior to regaining consciousness, initial encounter",1,"Traumatic brain injury",FALSE
"S06327D",10,"Contusion and laceration of left cerebrum with loss of consciousness of any duration with death due to brain injury prior to regaining consciousness, subsequent encounter",1,"Traumatic brain injury",FALSE
"S06327S",10,"Contusion and laceration of left cerebrum with loss of consciousness of any duration with death due to brain injury prior to regaining consciousness, sequela",1,"Traumatic brain injury",TRUE
"S06328",10,"Contusion and laceration of left cerebrum with loss of consciousness of any duration with death due to other cause prior to regaining consciousness",1,"Traumatic brain injury",FALSE
"S06328A",10,"Contusion and laceration of left cerebrum with loss of consciousness of any duration with death due to other cause prior to regaining consciousness, initial encounter",1,"Traumatic brain injury",FALSE
"S06328D",10,"Contusion and laceration of left cerebrum with loss of consciousness of any duration with death due to other cause prior to regaining consciousness, subsequent encounter",1,"Traumatic brain injury",FALSE
"S06328S",10,"Contusion and laceration of left cerebrum with loss of consciousness of any duration with death due to other cause prior to regaining consciousness, sequela",1,"Traumatic brain injury",TRUE
"S06329",10,"Contusion and laceration of left cerebrum with loss of consciousness of unspecified duration",1,"Traumatic brain injury",FALSE
"S06329A",10,"Contusion and laceration of left cerebrum with loss of consciousness of unspecified duration, initial encounter",1,"Traumatic brain injury",FALSE
"S06329D",10,"Contusion and laceration of left cerebrum with loss of consciousness of unspecified duration, subsequent encounter",1,"Traumatic brain injury",FALSE
"S06329S",10,"Contusion and laceration of left cerebrum with loss of consciousness of unspecified duration, sequela",1,"Traumatic brain injury",TRUE
"S0632A",10,"Contusion and laceration of left cerebrum with loss of consciousness status unknown",1,"Traumatic brain injury",FALSE
"S0632AA",10,"Contusion and laceration of left cerebrum with loss of consciousness status unknown, initial encounter",1,"Traumatic brain injury",FALSE
"S0632AD",10,"Contusion and laceration of left cerebrum with loss of consciousness status unknown, subsequent encounter",1,"Traumatic brain injury",FALSE
"S0632AS",10,"Contusion and laceration of left cerebrum with loss of consciousness status unknown, sequela",1,"Traumatic brain injury",TRUE
"S0633",10,"Contusion and laceration of cerebrum, unspecified",1,"Traumatic brain injury",FALSE
"S06330",10,"Contusion and laceration of cerebrum, unspecified, without loss of consciousness",1,"Traumatic brain injury",FALSE
"S06330A",10,"Contusion and laceration of cerebrum, unspecified, without loss of consciousness, initial encounter",1,"Traumatic brain injury",FALSE
"S06330D",10,"Contusion and laceration of cerebrum, unspecified, without loss of consciousness, subsequent encounter",1,"Traumatic brain injury",FALSE
"S06330S",10,"Contusion and laceration of cerebrum, unspecified, without loss of consciousness, sequela",1,"Traumatic brain injury",TRUE
"S06331",10,"Contusion and laceration of cerebrum, unspecified, with loss of consciousness of 30 minutes or less",1,"Traumatic brain injury",FALSE
"S06331A",10,"Contusion and laceration of cerebrum, unspecified, with loss of consciousness of 30 minutes or less, initial encounter",1,"Traumatic brain injury",FALSE
"S06331D",10,"Contusion and laceration of cerebrum, unspecified, with loss of consciousness of 30 minutes or less, subsequent encounter",1,"Traumatic brain injury",FALSE
"S06331S",10,"Contusion and laceration of cerebrum, unspecified, with loss of consciousness of 30 minutes or less, sequela",1,"Traumatic brain injury",TRUE
"S06332",10,"Contusion and laceration of cerebrum, unspecified, with loss of consciousness of 31 minutes to 59 minutes",1,"Traumatic brain injury",FALSE
"S06332A",10,"Contusion and laceration of cerebrum, unspecified, with loss of consciousness of 31 minutes to 59 minutes, initial encounter",1,"Traumatic brain injury",FALSE
"S06332D",10,"Contusion and laceration of cerebrum, unspecified, with loss of consciousness of 31 minutes to 59 minutes, subsequent encounter",1,"Traumatic brain injury",FALSE
"S06332S",10,"Contusion and laceration of cerebrum, unspecified, with loss of consciousness of 31 minutes to 59 minutes, sequela",1,"Traumatic brain injury",TRUE
"S06333",10,"Contusion and laceration of cerebrum, unspecified, with loss of consciousness of 1 hour to 5 hours 59 minutes",1,"Traumatic brain injury",FALSE
"S06333A",10,"Contusion and laceration of cerebrum, unspecified, with loss of consciousness of 1 hour to 5 hours 59 minutes, initial encounter",1,"Traumatic brain injury",FALSE
"S06333D",10,"Contusion and laceration of cerebrum, unspecified, with loss of consciousness of 1 hour to 5 hours 59 minutes, subsequent encounter",1,"Traumatic brain injury",FALSE
"S06333S",10,"Contusion and laceration of cerebrum, unspecified, with loss of consciousness of 1 hour to 5 hours 59 minutes, sequela",1,"Traumatic brain injury",TRUE
"S06334",10,"Contusion and laceration of cerebrum, unspecified, with loss of consciousness of 6 hours to 24 hours",1,"Traumatic brain injury",FALSE
"S06334A",10,"Contusion and laceration of cerebrum, unspecified, with loss of consciousness of 6 hours to 24 hours, initial encounter",1,"Traumatic brain injury",FALSE
"S06334D",10,"Contusion and laceration of cerebrum, unspecified, with loss of consciousness of 6 hours to 24 hours, subsequent encounter",1,"Traumatic brain injury",FALSE
"S06334S",10,"Contusion and laceration of cerebrum, unspecified, with loss of consciousness of 6 hours to 24 hours, sequela",1,"Traumatic brain injury",TRUE
"S06335",10,"Contusion and laceration of cerebrum, unspecified, with loss of consciousness greater than 24 hours with return to pre-existing conscious level",1,"Traumatic brain injury",FALSE
"S06335A",10,"Contusion and laceration of cerebrum, unspecified, with loss of consciousness greater than 24 hours with return to pre-existing conscious level, initial encounter",1,"Traumatic brain injury",FALSE
"S06335D",10,"Contusion and laceration of cerebrum, unspecified, with loss of consciousness greater than 24 hours with return to pre-existing conscious level, subsequent encounter",1,"Traumatic brain injury",FALSE
"S06335S",10,"Contusion and laceration of cerebrum, unspecified, with loss of consciousness greater than 24 hours with return to pre-existing conscious level, sequela",1,"Traumatic brain injury",TRUE
"S06336",10,"Contusion and laceration of cerebrum, unspecified, with loss of consciousness greater than 24 hours without return to pre-existing conscious level with patient surviving",1,"Traumatic brain injury",FALSE
"S06336A",10,"Contusion and laceration of cerebrum, unspecified, with loss of consciousness greater than 24 hours without return to pre-existing conscious level with patient surviving, initial encounter",1,"Traumatic brain injury",FALSE
"S06336D",10,"Contusion and laceration of cerebrum, unspecified, with loss of consciousness greater than 24 hours without return to pre-existing conscious level with patient surviving, subsequent encounter",1,"Traumatic brain injury",FALSE
"S06336S",10,"Contusion and laceration of cerebrum, unspecified, with loss of consciousness greater than 24 hours without return to pre-existing conscious level with patient surviving, sequela",1,"Traumatic brain injury",TRUE
"S06337",10,"Contusion and laceration of cerebrum, unspecified, with loss of consciousness of any duration with death due to brain injury prior to regaining consciousness",1,"Traumatic brain injury",FALSE
"S06337A",10,"Contusion and laceration of cerebrum, unspecified, with loss of consciousness of any duration with death due to brain injury prior to regaining consciousness, initial encounter",1,"Traumatic brain injury",FALSE
"S06337D",10,"Contusion and laceration of cerebrum, unspecified, with loss of consciousness of any duration with death due to brain injury prior to regaining consciousness, subsequent encounter",1,"Traumatic brain injury",FALSE
"S06337S",10,"Contusion and laceration of cerebrum, unspecified, with loss of consciousness of any duration with death due to brain injury prior to regaining consciousness, sequela",1,"Traumatic brain injury",TRUE
"S06338",10,"Contusion and laceration of cerebrum, unspecified, with loss of consciousness of any duration with death due to other cause prior to regaining consciousness",1,"Traumatic brain injury",FALSE
"S06338A",10,"Contusion and laceration of cerebrum, unspecified, with loss of consciousness of any duration with death due to other cause prior to regaining consciousness, initial encounter",1,"Traumatic brain injury",FALSE
"S06338D",10,"Contusion and laceration of cerebrum, unspecified, with loss of consciousness of any duration with death due to other cause prior to regaining consciousness, subsequent encounter",1,"Traumatic brain injury",FALSE
"S06338S",10,"Contusion and laceration of cerebrum, unspecified, with loss of consciousness of any duration with death due to other cause prior to regaining consciousness, sequela",1,"Traumatic brain injury",TRUE
"S06339",10,"Contusion and laceration of cerebrum, unspecified, with loss of consciousness of unspecified duration",1,"Traumatic brain injury",FALSE
"S06339A",10,"Contusion and laceration of cerebrum, unspecified, with loss of consciousness of unspecified duration, initial encounter",1,"Traumatic brain injury",FALSE
"S06339D",10,"Contusion and laceration of cerebrum, unspecified, with loss of consciousness of unspecified duration, subsequent encounter",1,"Traumatic brain injury",FALSE
"S06339S",10,"Contusion and laceration of cerebrum, unspecified, with loss of consciousness of unspecified duration, sequela",1,"Traumatic brain injury",TRUE
"S0633A",10,"Contusion and laceration of cerebrum, unspecified, with loss of consciousness status unknown",1,"Traumatic brain injury",FALSE
"S0633AA",10,"Contusion and laceration of cerebrum, unspecified, with loss of consciousness status unknown, initial encounter",1,"Traumatic brain injury",FALSE
"S0633AD",10,"Contusion and laceration of cerebrum, unspecified, with loss of consciousness status unknown, subsequent encounter",1,"Traumatic brain injury",FALSE
"S0633AS",10,"Contusion and laceration of cerebrum, unspecified, with loss of consciousness status unknown, sequela",1,"Traumatic brain injury",TRUE
"S0634",10,"Traumatic hemorrhage of right cerebrum",1,"Traumatic brain injury",FALSE
"S06340",10,"Traumatic hemorrhage of right cerebrum without loss of consciousness",1,"Traumatic brain injury",FALSE
"S06340A",10,"Traumatic hemorrhage of right cerebrum without loss of consciousness, initial encounter",1,"Traumatic brain injury",FALSE
"S06340D",10,"Traumatic hemorrhage of right cerebrum without loss of consciousness, subsequent encounter",1,"Traumatic brain injury",FALSE
"S06340S",10,"Traumatic hemorrhage of right cerebrum without loss of consciousness, sequela",1,"Traumatic brain injury",TRUE
"S06341",10,"Traumatic hemorrhage of right cerebrum with loss of consciousness of 30 minutes or less",1,"Traumatic brain injury",FALSE
"S06341A",10,"Traumatic hemorrhage of right cerebrum with loss of consciousness of 30 minutes or less, initial encounter",1,"Traumatic brain injury",FALSE
"S06341D",10,"Traumatic hemorrhage of right cerebrum with loss of consciousness of 30 minutes or less, subsequent encounter",1,"Traumatic brain injury",FALSE
"S06341S",10,"Traumatic hemorrhage of right cerebrum with loss of consciousness of 30 minutes or less, sequela",1,"Traumatic brain injury",TRUE
"S06342",10,"Traumatic hemorrhage of right cerebrum with loss of consciousness of 31 minutes to 59 minutes",1,"Traumatic brain injury",FALSE
"S06342A",10,"Traumatic hemorrhage of right cerebrum with loss of consciousness of 31 minutes to 59 minutes, initial encounter",1,"Traumatic brain injury",FALSE
"S06342D",10,"Traumatic hemorrhage of right cerebrum with loss of consciousness of 31 minutes to 59 minutes, subsequent encounter",1,"Traumatic brain injury",FALSE
"S06342S",10,"Traumatic hemorrhage of right cerebrum with loss of consciousness of 31 minutes to 59 minutes, sequela",1,"Traumatic brain injury",TRUE
"S06343",10,"Traumatic hemorrhage of right cerebrum with loss of consciousness of 1 hours to 5 hours 59 minutes",1,"Traumatic brain injury",FALSE
"S06343A",10,"Traumatic hemorrhage of right cerebrum with loss of consciousness of 1 hours to 5 hours 59 minutes, initial encounter",1,"Traumatic brain injury",FALSE
"S06343D",10,"Traumatic hemorrhage of right cerebrum with loss of consciousness of 1 hours to 5 hours 59 minutes, subsequent encounter",1,"Traumatic brain injury",FALSE
"S06343S",10,"Traumatic hemorrhage of right cerebrum with loss of consciousness of 1 hours to 5 hours 59 minutes, sequela",1,"Traumatic brain injury",TRUE
"S06344",10,"Traumatic hemorrhage of right cerebrum with loss of consciousness of 6 hours to 24 hours",1,"Traumatic brain injury",FALSE
"S06344A",10,"Traumatic hemorrhage of right cerebrum with loss of consciousness of 6 hours to 24 hours, initial encounter",1,"Traumatic brain injury",FALSE
"S06344D",10,"Traumatic hemorrhage of right cerebrum with loss of consciousness of 6 hours to 24 hours, subsequent encounter",1,"Traumatic brain injury",FALSE
"S06344S",10,"Traumatic hemorrhage of right cerebrum with loss of consciousness of 6 hours to 24 hours, sequela",1,"Traumatic brain injury",TRUE
"S06345",10,"Traumatic hemorrhage of right cerebrum with loss of consciousness greater than 24 hours with return to pre-existing conscious level",1,"Traumatic brain injury",FALSE
"S06345A",10,"Traumatic hemorrhage of right cerebrum with loss of consciousness greater than 24 hours with return to pre-existing conscious level, initial encounter",1,"Traumatic brain injury",FALSE
"S06345D",10,"Traumatic hemorrhage of right cerebrum with loss of consciousness greater than 24 hours with return to pre-existing conscious level, subsequent encounter",1,"Traumatic brain injury",FALSE
"S06345S",10,"Traumatic hemorrhage of right cerebrum with loss of consciousness greater than 24 hours with return to pre-existing conscious level, sequela",1,"Traumatic brain injury",TRUE
"S06346",10,"Traumatic hemorrhage of right cerebrum with loss of consciousness greater than 24 hours without return to pre-existing conscious level with patient surviving",1,"Traumatic brain injury",FALSE
"S06346A",10,"Traumatic hemorrhage of right cerebrum with loss of consciousness greater than 24 hours without return to pre-existing conscious level with patient surviving, initial encounter",1,"Traumatic brain injury",FALSE
"S06346D",10,"Traumatic hemorrhage of right cerebrum with loss of consciousness greater than 24 hours without return to pre-existing conscious level with patient surviving, subsequent encounter",1,"Traumatic brain injury",FALSE
"S06346S",10,"Traumatic hemorrhage of right cerebrum with loss of consciousness greater than 24 hours without return to pre-existing conscious level with patient surviving, sequela",1,"Traumatic brain injury",TRUE
"S06347",10,"Traumatic hemorrhage of right cerebrum with loss of consciousness of any duration with death due to brain injury prior to regaining consciousness",1,"Traumatic brain injury",FALSE
"S06347A",10,"Traumatic hemorrhage of right cerebrum with loss of consciousness of any duration with death due to brain injury prior to regaining consciousness, initial encounter",1,"Traumatic brain injury",FALSE
"S06347D",10,"Traumatic hemorrhage of right cerebrum with loss of consciousness of any duration with death due to brain injury prior to regaining consciousness, subsequent encounter",1,"Traumatic brain injury",FALSE
"S06347S",10,"Traumatic hemorrhage of right cerebrum with loss of consciousness of any duration with death due to brain injury prior to regaining consciousness, sequela",1,"Traumatic brain injury",TRUE
"S06348",10,"Traumatic hemorrhage of right cerebrum with loss of consciousness of any duration with death due to other cause prior to regaining consciousness",1,"Traumatic brain injury",FALSE
"S06348A",10,"Traumatic hemorrhage of right cerebrum with loss of consciousness of any duration with death due to other cause prior to regaining consciousness, initial encounter",1,"Traumatic brain injury",FALSE
"S06348D",10,"Traumatic hemorrhage of right cerebrum with loss of consciousness of any duration with death due to other cause prior to regaining consciousness, subsequent encounter",1,"Traumatic brain injury",FALSE
"S06348S",10,"Traumatic hemorrhage of right cerebrum with loss of consciousness of any duration with death due to other cause prior to regaining consciousness, sequela",1,"Traumatic brain injury",TRUE
"S06349",10,"Traumatic hemorrhage of right cerebrum with loss of consciousness of unspecified duration",1,"Traumatic brain injury",FALSE
"S06349A",10,"Traumatic hemorrhage of right cerebrum with loss of consciousness of unspecified duration, initial encounter",1,"Traumatic brain injury",FALSE
"S06349D",10,"Traumatic hemorrhage of right cerebrum with loss of consciousness of unspecified duration, subsequent encounter",1,"Traumatic brain injury",FALSE
"S06349S",10,"Traumatic hemorrhage of right cerebrum with loss of consciousness of unspecified duration, sequela",1,"Traumatic brain injury",TRUE
"S0634A",10,"Traumatic hemorrhage of right cerebrum with loss of consciousness status unknown",1,"Traumatic brain injury",FALSE
"S0634AA",10,"Traumatic hemorrhage of right cerebrum with loss of consciousness status unknown, initial encounter",1,"Traumatic brain injury",FALSE
"S0634AD",10,"Traumatic hemorrhage of right cerebrum with loss of consciousness status unknown, subsequent encounter",1,"Traumatic brain injury",FALSE
"S0634AS",10,"Traumatic hemorrhage of right cerebrum with loss of consciousness status unknown, sequela",1,"Traumatic brain injury",TRUE
"S0635",10,"Traumatic hemorrhage of left cerebrum",1,"Traumatic brain injury",FALSE
"S06350",10,"Traumatic hemorrhage of left cerebrum without loss of consciousness",1,"Traumatic brain injury",FALSE
"S06350A",10,"Traumatic hemorrhage of left cerebrum without loss of consciousness, initial encounter",1,"Traumatic brain injury",FALSE
"S06350D",10,"Traumatic hemorrhage of left cerebrum without loss of consciousness, subsequent encounter",1,"Traumatic brain injury",FALSE
"S06350S",10,"Traumatic hemorrhage of left cerebrum without loss of consciousness, sequela",1,"Traumatic brain injury",TRUE
"S06351",10,"Traumatic hemorrhage of left cerebrum with loss of consciousness of 30 minutes or less",1,"Traumatic brain injury",FALSE
"S06351A",10,"Traumatic hemorrhage of left cerebrum with loss of consciousness of 30 minutes or less, initial encounter",1,"Traumatic brain injury",FALSE
"S06351D",10,"Traumatic hemorrhage of left cerebrum with loss of consciousness of 30 minutes or less, subsequent encounter",1,"Traumatic brain injury",FALSE
"S06351S",10,"Traumatic hemorrhage of left cerebrum with loss of consciousness of 30 minutes or less, sequela",1,"Traumatic brain injury",TRUE
"S06352",10,"Traumatic hemorrhage of left cerebrum with loss of consciousness of 31 minutes to 59 minutes",1,"Traumatic brain injury",FALSE
"S06352A",10,"Traumatic hemorrhage of left cerebrum with loss of consciousness of 31 minutes to 59 minutes, initial encounter",1,"Traumatic brain injury",FALSE
"S06352D",10,"Traumatic hemorrhage of left cerebrum with loss of consciousness of 31 minutes to 59 minutes, subsequent encounter",1,"Traumatic brain injury",FALSE
"S06352S",10,"Traumatic hemorrhage of left cerebrum with loss of consciousness of 31 minutes to 59 minutes, sequela",1,"Traumatic brain injury",TRUE
"S06353",10,"Traumatic hemorrhage of left cerebrum with loss of consciousness of 1 hours to 5 hours 59 minutes",1,"Traumatic brain injury",FALSE
"S06353A",10,"Traumatic hemorrhage of left cerebrum with loss of consciousness of 1 hours to 5 hours 59 minutes, initial encounter",1,"Traumatic brain injury",FALSE
"S06353D",10,"Traumatic hemorrhage of left cerebrum with loss of consciousness of 1 hours to 5 hours 59 minutes, subsequent encounter",1,"Traumatic brain injury",FALSE
"S06353S",10,"Traumatic hemorrhage of left cerebrum with loss of consciousness of 1 hours to 5 hours 59 minutes, sequela",1,"Traumatic brain injury",TRUE
"S06354",10,"Traumatic hemorrhage of left cerebrum with loss of consciousness of 6 hours to 24 hours",1,"Traumatic brain injury",FALSE
"S06354A",10,"Traumatic hemorrhage of left cerebrum with loss of consciousness of 6 hours to 24 hours, initial encounter",1,"Traumatic brain injury",FALSE
"S06354D",10,"Traumatic hemorrhage of left cerebrum with loss of consciousness of 6 hours to 24 hours, subsequent encounter",1,"Traumatic brain injury",FALSE
"S06354S",10,"Traumatic hemorrhage of left cerebrum with loss of consciousness of 6 hours to 24 hours, sequela",1,"Traumatic brain injury",TRUE
"S06355",10,"Traumatic hemorrhage of left cerebrum with loss of consciousness greater than 24 hours with return to pre-existing conscious level",1,"Traumatic brain injury",FALSE
"S06355A",10,"Traumatic hemorrhage of left cerebrum with loss of consciousness greater than 24 hours with return to pre-existing conscious level, initial encounter",1,"Traumatic brain injury",FALSE
"S06355D",10,"Traumatic hemorrhage of left cerebrum with loss of consciousness greater than 24 hours with return to pre-existing conscious level, subsequent encounter",1,"Traumatic brain injury",FALSE
"S06355S",10,"Traumatic hemorrhage of left cerebrum with loss of consciousness greater than 24 hours with return to pre-existing conscious level, sequela",1,"Traumatic brain injury",TRUE
"S06356",10,"Traumatic hemorrhage of left cerebrum with loss of consciousness greater than 24 hours without return to pre-existing conscious level with patient surviving",1,"Traumatic brain injury",FALSE
"S06356A",10,"Traumatic hemorrhage of left cerebrum with loss of consciousness greater than 24 hours without return to pre-existing conscious level with patient surviving, initial encounter",1,"Traumatic brain injury",FALSE
"S06356D",10,"Traumatic hemorrhage of left cerebrum with loss of consciousness greater than 24 hours without return to pre-existing conscious level with patient surviving, subsequent encounter",1,"Traumatic brain injury",FALSE
"S06356S",10,"Traumatic hemorrhage of left cerebrum with loss of consciousness greater than 24 hours without return to pre-existing conscious level with patient surviving, sequela",1,"Traumatic brain injury",TRUE
"S06357",10,"Traumatic hemorrhage of left cerebrum with loss of consciousness of any duration with death due to brain injury prior to regaining consciousness",1,"Traumatic brain injury",FALSE
"S06357A",10,"Traumatic hemorrhage of left cerebrum with loss of consciousness of any duration with death due to brain injury prior to regaining consciousness, initial encounter",1,"Traumatic brain injury",FALSE
"S06357D",10,"Traumatic hemorrhage of left cerebrum with loss of consciousness of any duration with death due to brain injury prior to regaining consciousness, subsequent encounter",1,"Traumatic brain injury",FALSE
"S06357S",10,"Traumatic hemorrhage of left cerebrum with loss of consciousness of any duration with death due to brain injury prior to regaining consciousness, sequela",1,"Traumatic brain injury",TRUE
"S06358",10,"Traumatic hemorrhage of left cerebrum with loss of consciousness of any duration with death due to other cause prior to regaining consciousness",1,"Traumatic brain injury",FALSE
"S06358A",10,"Traumatic hemorrhage of left cerebrum with loss of consciousness of any duration with death due to other cause prior to regaining consciousness, initial encounter",1,"Traumatic brain injury",FALSE
"S06358D",10,"Traumatic hemorrhage of left cerebrum with loss of consciousness of any duration with death due to other cause prior to regaining consciousness, subsequent encounter",1,"Traumatic brain injury",FALSE
"S06358S",10,"Traumatic hemorrhage of left cerebrum with loss of consciousness of any duration with death due to other cause prior to regaining consciousness, sequela",1,"Traumatic brain injury",TRUE
"S06359",10,"Traumatic hemorrhage of left cerebrum with loss of consciousness of unspecified duration",1,"Traumatic brain injury",FALSE
"S06359A",10,"Traumatic hemorrhage of left cerebrum with loss of consciousness of unspecified duration, initial encounter",1,"Traumatic brain injury",FALSE
"S06359D",10,"Traumatic hemorrhage of left cerebrum with loss of consciousness of unspecified duration, subsequent encounter",1,"Traumatic brain injury",FALSE
"S06359S",10,"Traumatic hemorrhage of left cerebrum with loss of consciousness of unspecified duration, sequela",1,"Traumatic brain injury",TRUE
"S0635A",10,"Traumatic hemorrhage of left cerebrum with loss of consciousness status unknown",1,"Traumatic brain injury",FALSE
"S0635AA",10,"Traumatic hemorrhage of left cerebrum with loss of consciousness status unknown, initial encounter",1,"Traumatic brain injury",FALSE
"S0635AD",10,"Traumatic hemorrhage of left cerebrum with loss of consciousness status unknown, subsequent encounter",1,"Traumatic brain injury",FALSE
"S0635AS",10,"Traumatic hemorrhage of left cerebrum with loss of consciousness status unknown, sequela",1,"Traumatic brain injury",TRUE
"S0636",10,"Traumatic hemorrhage of cerebrum, unspecified",1,"Traumatic brain injury",FALSE
"S06360",10,"Traumatic hemorrhage of cerebrum, unspecified, without loss of consciousness",1,"Traumatic brain injury",FALSE
"S06360A",10,"Traumatic hemorrhage of cerebrum, unspecified, without loss of consciousness, initial encounter",1,"Traumatic brain injury",FALSE
"S06360D",10,"Traumatic hemorrhage of cerebrum, unspecified, without loss of consciousness, subsequent encounter",1,"Traumatic brain injury",FALSE
"S06360S",10,"Traumatic hemorrhage of cerebrum, unspecified, without loss of consciousness, sequela",1,"Traumatic brain injury",TRUE
"S06361",10,"Traumatic hemorrhage of cerebrum, unspecified, with loss of consciousness of 30 minutes or less",1,"Traumatic brain injury",FALSE
"S06361A",10,"Traumatic hemorrhage of cerebrum, unspecified, with loss of consciousness of 30 minutes or less, initial encounter",1,"Traumatic brain injury",FALSE
"S06361D",10,"Traumatic hemorrhage of cerebrum, unspecified, with loss of consciousness of 30 minutes or less, subsequent encounter",1,"Traumatic brain injury",FALSE
"S06361S",10,"Traumatic hemorrhage of cerebrum, unspecified, with loss of consciousness of 30 minutes or less, sequela",1,"Traumatic brain injury",TRUE
"S06362",10,"Traumatic hemorrhage of cerebrum, unspecified, with loss of consciousness of 31 minutes to 59 minutes",1,"Traumatic brain injury",FALSE
"S06362A",10,"Traumatic hemorrhage of cerebrum, unspecified, with loss of consciousness of 31 minutes to 59 minutes, initial encounter",1,"Traumatic brain injury",FALSE
"S06362D",10,"Traumatic hemorrhage of cerebrum, unspecified, with loss of consciousness of 31 minutes to 59 minutes, subsequent encounter",1,"Traumatic brain injury",FALSE
"S06362S",10,"Traumatic hemorrhage of cerebrum, unspecified, with loss of consciousness of 31 minutes to 59 minutes, sequela",1,"Traumatic brain injury",TRUE
"S06363",10,"Traumatic hemorrhage of cerebrum, unspecified, with loss of consciousness of 1 hours to 5 hours 59 minutes",1,"Traumatic brain injury",FALSE
"S06363A",10,"Traumatic hemorrhage of cerebrum, unspecified, with loss of consciousness of 1 hours to 5 hours 59 minutes, initial encounter",1,"Traumatic brain injury",FALSE
"S06363D",10,"Traumatic hemorrhage of cerebrum, unspecified, with loss of consciousness of 1 hours to 5 hours 59 minutes, subsequent encounter",1,"Traumatic brain injury",FALSE
"S06363S",10,"Traumatic hemorrhage of cerebrum, unspecified, with loss of consciousness of 1 hours to 5 hours 59 minutes, sequela",1,"Traumatic brain injury",TRUE
"S06364",10,"Traumatic hemorrhage of cerebrum, unspecified, with loss of consciousness of 6 hours to 24 hours",1,"Traumatic brain injury",FALSE
"S06364A",10,"Traumatic hemorrhage of cerebrum, unspecified, with loss of consciousness of 6 hours to 24 hours, initial encounter",1,"Traumatic brain injury",FALSE
"S06364D",10,"Traumatic hemorrhage of cerebrum, unspecified, with loss of consciousness of 6 hours to 24 hours, subsequent encounter",1,"Traumatic brain injury",FALSE
"S06364S",10,"Traumatic hemorrhage of cerebrum, unspecified, with loss of consciousness of 6 hours to 24 hours, sequela",1,"Traumatic brain injury",TRUE
"S06365",10,"Traumatic hemorrhage of cerebrum, unspecified, with loss of consciousness greater than 24 hours with return to pre-existing conscious level",1,"Traumatic brain injury",FALSE
"S06365A",10,"Traumatic hemorrhage of cerebrum, unspecified, with loss of consciousness greater than 24 hours with return to pre-existing conscious level, initial encounter",1,"Traumatic brain injury",FALSE
"S06365D",10,"Traumatic hemorrhage of cerebrum, unspecified, with loss of consciousness greater than 24 hours with return to pre-existing conscious level, subsequent encounter",1,"Traumatic brain injury",FALSE
"S06365S",10,"Traumatic hemorrhage of cerebrum, unspecified, with loss of consciousness greater than 24 hours with return to pre-existing conscious level, sequela",1,"Traumatic brain injury",TRUE
"S06366",10,"Traumatic hemorrhage of cerebrum, unspecified, with loss of consciousness greater than 24 hours without return to pre-existing conscious level with patient surviving",1,"Traumatic brain injury",FALSE
"S06366A",10,"Traumatic hemorrhage of cerebrum, unspecified, with loss of consciousness greater than 24 hours without return to pre-existing conscious level with patient surviving, initial encounter",1,"Traumatic brain injury",FALSE
"S06366D",10,"Traumatic hemorrhage of cerebrum, unspecified, with loss of consciousness greater than 24 hours without return to pre-existing conscious level with patient surviving, subsequent encounter",1,"Traumatic brain injury",FALSE
"S06366S",10,"Traumatic hemorrhage of cerebrum, unspecified, with loss of consciousness greater than 24 hours without return to pre-existing conscious level with patient surviving, sequela",1,"Traumatic brain injury",TRUE
"S06367",10,"Traumatic hemorrhage of cerebrum, unspecified, with loss of consciousness of any duration with death due to brain injury prior to regaining consciousness",1,"Traumatic brain injury",FALSE
"S06367A",10,"Traumatic hemorrhage of cerebrum, unspecified, with loss of consciousness of any duration with death due to brain injury prior to regaining consciousness, initial encounter",1,"Traumatic brain injury",FALSE
"S06367D",10,"Traumatic hemorrhage of cerebrum, unspecified, with loss of consciousness of any duration with death due to brain injury prior to regaining consciousness, subsequent encounter",1,"Traumatic brain injury",FALSE
"S06367S",10,"Traumatic hemorrhage of cerebrum, unspecified, with loss of consciousness of any duration with death due to brain injury prior to regaining consciousness, sequela",1,"Traumatic brain injury",TRUE
"S06368",10,"Traumatic hemorrhage of cerebrum, unspecified, with loss of consciousness of any duration with death due to other cause prior to regaining consciousness",1,"Traumatic brain injury",FALSE
"S06368A",10,"Traumatic hemorrhage of cerebrum, unspecified, with loss of consciousness of any duration with death due to other cause prior to regaining consciousness, initial encounter",1,"Traumatic brain injury",FALSE
"S06368D",10,"Traumatic hemorrhage of cerebrum, unspecified, with loss of consciousness of any duration with death due to other cause prior to regaining consciousness, subsequent encounter",1,"Traumatic brain injury",FALSE
"S06368S",10,"Traumatic hemorrhage of cerebrum, unspecified, with loss of consciousness of any duration with death due to other cause prior to regaining consciousness, sequela",1,"Traumatic brain injury",TRUE
"S06369",10,"Traumatic hemorrhage of cerebrum, unspecified, with loss of consciousness of unspecified duration",1,"Traumatic brain injury",FALSE
"S06369A",10,"Traumatic hemorrhage of cerebrum, unspecified, with loss of consciousness of unspecified duration, initial encounter",1,"Traumatic brain injury",FALSE
"S06369D",10,"Traumatic hemorrhage of cerebrum, unspecified, with loss of consciousness of unspecified duration, subsequent encounter",1,"Traumatic brain injury",FALSE
"S06369S",10,"Traumatic hemorrhage of cerebrum, unspecified, with loss of consciousness of unspecified duration, sequela",1,"Traumatic brain injury",TRUE
"S0636A",10,"Traumatic hemorrhage of cerebrum, unspecified, with loss of consciousness status unknown",1,"Traumatic brain injury",FALSE
"S0636AA",10,"Traumatic hemorrhage of cerebrum, unspecified, with loss of consciousness status unknown, initial encounter",1,"Traumatic brain injury",FALSE
"S0636AD",10,"Traumatic hemorrhage of cerebrum, unspecified, with loss of consciousness status unknown, subsequent encounter",1,"Traumatic brain injury",FALSE
"S0636AS",10,"Traumatic hemorrhage of cerebrum, unspecified, with loss of consciousness status unknown, sequela",1,"Traumatic brain injury",TRUE
"S0637",10,"Contusion, laceration, and hemorrhage of cerebellum",1,"Traumatic brain injury",FALSE
"S06370",10,"Contusion, laceration, and hemorrhage of cerebellum without loss of consciousness",1,"Traumatic brain injury",FALSE
"S06370A",10,"Contusion, laceration, and hemorrhage of cerebellum without loss of consciousness, initial encounter",1,"Traumatic brain injury",FALSE
"S06370D",10,"Contusion, laceration, and hemorrhage of cerebellum without loss of consciousness, subsequent encounter",1,"Traumatic brain injury",FALSE
"S06370S",10,"Contusion, laceration, and hemorrhage of cerebellum without loss of consciousness, sequela",1,"Traumatic brain injury",TRUE
"S06371",10,"Contusion, laceration, and hemorrhage of cerebellum with loss of consciousness of 30 minutes or less",1,"Traumatic brain injury",FALSE
"S06371A",10,"Contusion, laceration, and hemorrhage of cerebellum with loss of consciousness of 30 minutes or less, initial encounter",1,"Traumatic brain injury",FALSE
"S06371D",10,"Contusion, laceration, and hemorrhage of cerebellum with loss of consciousness of 30 minutes or less, subsequent encounter",1,"Traumatic brain injury",FALSE
"S06371S",10,"Contusion, laceration, and hemorrhage of cerebellum with loss of consciousness of 30 minutes or less, sequela",1,"Traumatic brain injury",TRUE
"S06372",10,"Contusion, laceration, and hemorrhage of cerebellum with loss of consciousness of 31 minutes to 59 minutes",1,"Traumatic brain injury",FALSE
"S06372A",10,"Contusion, laceration, and hemorrhage of cerebellum with loss of consciousness of 31 minutes to 59 minutes, initial encounter",1,"Traumatic brain injury",FALSE
"S06372D",10,"Contusion, laceration, and hemorrhage of cerebellum with loss of consciousness of 31 minutes to 59 minutes, subsequent encounter",1,"Traumatic brain injury",FALSE
"S06372S",10,"Contusion, laceration, and hemorrhage of cerebellum with loss of consciousness of 31 minutes to 59 minutes, sequela",1,"Traumatic brain injury",TRUE
"S06373",10,"Contusion, laceration, and hemorrhage of cerebellum with loss of consciousness of 1 hour to 5 hours 59 minutes",1,"Traumatic brain injury",FALSE
"S06373A",10,"Contusion, laceration, and hemorrhage of cerebellum with loss of consciousness of 1 hour to 5 hours 59 minutes, initial encounter",1,"Traumatic brain injury",FALSE
"S06373D",10,"Contusion, laceration, and hemorrhage of cerebellum with loss of consciousness of 1 hour to 5 hours 59 minutes, subsequent encounter",1,"Traumatic brain injury",FALSE
"S06373S",10,"Contusion, laceration, and hemorrhage of cerebellum with loss of consciousness of 1 hour to 5 hours 59 minutes, sequela",1,"Traumatic brain injury",TRUE
"S06374",10,"Contusion, laceration, and hemorrhage of cerebellum with loss of consciousness of 6 hours to 24 hours",1,"Traumatic brain injury",FALSE
"S06374A",10,"Contusion, laceration, and hemorrhage of cerebellum with loss of consciousness of 6 hours to 24 hours, initial encounter",1,"Traumatic brain injury",FALSE
"S06374D",10,"Contusion, laceration, and hemorrhage of cerebellum with loss of consciousness of 6 hours to 24 hours, subsequent encounter",1,"Traumatic brain injury",FALSE
"S06374S",10,"Contusion, laceration, and hemorrhage of cerebellum with loss of consciousness of 6 hours to 24 hours, sequela",1,"Traumatic brain injury",TRUE
"S06375",10,"Contusion, laceration, and hemorrhage of cerebellum with loss of consciousness greater than 24 hours with return to pre-existing conscious level",1,"Traumatic brain injury",FALSE
"S06375A",10,"Contusion, laceration, and hemorrhage of cerebellum with loss of consciousness greater than 24 hours with return to pre-existing conscious level, initial encounter",1,"Traumatic brain injury",FALSE
"S06375D",10,"Contusion, laceration, and hemorrhage of cerebellum with loss of consciousness greater than 24 hours with return to pre-existing conscious level, subsequent encounter",1,"Traumatic brain injury",FALSE
"S06375S",10,"Contusion, laceration, and hemorrhage of cerebellum with loss of consciousness greater than 24 hours with return to pre-existing conscious level, sequela",1,"Traumatic brain injury",TRUE
"S06376",10,"Contusion, laceration, and hemorrhage of cerebellum with loss of consciousness greater than 24 hours without return to pre-existing conscious level with patient surviving",1,"Traumatic brain injury",FALSE
"S06376A",10,"Contusion, laceration, and hemorrhage of cerebellum with loss of consciousness greater than 24 hours without return to pre-existing conscious level with patient surviving, initial encounter",1,"Traumatic brain injury",FALSE
"S06376D",10,"Contusion, laceration, and hemorrhage of cerebellum with loss of consciousness greater than 24 hours without return to pre-existing conscious level with patient surviving, subsequent encounter",1,"Traumatic brain injury",FALSE
"S06376S",10,"Contusion, laceration, and hemorrhage of cerebellum with loss of consciousness greater than 24 hours without return to pre-existing conscious level with patient surviving, sequela",1,"Traumatic brain injury",TRUE
"S06377",10,"Contusion, laceration, and hemorrhage of cerebellum with loss of consciousness of any duration with death due to brain injury prior to regaining consciousness",1,"Traumatic brain injury",FALSE
"S06377A",10,"Contusion, laceration, and hemorrhage of cerebellum with loss of consciousness of any duration with death due to brain injury prior to regaining consciousness, initial encounter",1,"Traumatic brain injury",FALSE
"S06377D",10,"Contusion, laceration, and hemorrhage of cerebellum with loss of consciousness of any duration with death due to brain injury prior to regaining consciousness, subsequent encounter",1,"Traumatic brain injury",FALSE
"S06377S",10,"Contusion, laceration, and hemorrhage of cerebellum with loss of consciousness of any duration with death due to brain injury prior to regaining consciousness, sequela",1,"Traumatic brain injury",TRUE
"S06378",10,"Contusion, laceration, and hemorrhage of cerebellum with loss of consciousness of any duration with death due to other cause prior to regaining consciousness",1,"Traumatic brain injury",FALSE
"S06378A",10,"Contusion, laceration, and hemorrhage of cerebellum with loss of consciousness of any duration with death due to other cause prior to regaining consciousness, initial encounter",1,"Traumatic brain injury",FALSE
"S06378D",10,"Contusion, laceration, and hemorrhage of cerebellum with loss of consciousness of any duration with death due to other cause prior to regaining consciousness, subsequent encounter",1,"Traumatic brain injury",FALSE
"S06378S",10,"Contusion, laceration, and hemorrhage of cerebellum with loss of consciousness of any duration with death due to other cause prior to regaining consciousness, sequela",1,"Traumatic brain injury",TRUE
"S06379",10,"Contusion, laceration, and hemorrhage of cerebellum with loss of consciousness of unspecified duration",1,"Traumatic brain injury",FALSE
"S06379A",10,"Contusion, laceration, and hemorrhage of cerebellum with loss of consciousness of unspecified duration, initial encounter",1,"Traumatic brain injury",FALSE
"S06379D",10,"Contusion, laceration, and hemorrhage of cerebellum with loss of consciousness of unspecified duration, subsequent encounter",1,"Traumatic brain injury",FALSE
"S06379S",10,"Contusion, laceration, and hemorrhage of cerebellum with loss of consciousness of unspecified duration, sequela",1,"Traumatic brain injury",TRUE
"S0637A",10,"Contusion, laceration, and hemorrhage of cerebellum with loss of consciousness status unknown",1,"Traumatic brain injury",FALSE
"S0637AA",10,"Contusion, laceration, and hemorrhage of cerebellum with loss of consciousness status unknown, initial encounter",1,"Traumatic brain injury",FALSE
"S0637AD",10,"Contusion, laceration, and hemorrhage of cerebellum with loss of consciousness status unknown, subsequent encounter",1,"Traumatic brain injury",FALSE
"S0637AS",10,"Contusion, laceration, and hemorrhage of cerebellum with loss of consciousness status unknown, sequela",1,"Traumatic brain injury",TRUE
"S0638",10,"Contusion, laceration, and hemorrhage of brainstem",1,"Traumatic brain injury",FALSE
"S06380",10,"Contusion, laceration, and hemorrhage of brainstem without loss of consciousness",1,"Traumatic brain injury",FALSE
"S06380A",10,"Contusion, laceration, and hemorrhage of brainstem without loss of consciousness, initial encounter",1,"Traumatic brain injury",FALSE
"S06380D",10,"Contusion, laceration, and hemorrhage of brainstem without loss of consciousness, subsequent encounter",1,"Traumatic brain injury",FALSE
"S06380S",10,"Contusion, laceration, and hemorrhage of brainstem without loss of consciousness, sequela",1,"Traumatic brain injury",TRUE
"S06381",10,"Contusion, laceration, and hemorrhage of brainstem with loss of consciousness of 30 minutes or less",1,"Traumatic brain injury",FALSE
"S06381A",10,"Contusion, laceration, and hemorrhage of brainstem with loss of consciousness of 30 minutes or less, initial encounter",1,"Traumatic brain injury",FALSE
"S06381D",10,"Contusion, laceration, and hemorrhage of brainstem with loss of consciousness of 30 minutes or less, subsequent encounter",1,"Traumatic brain injury",FALSE
"S06381S",10,"Contusion, laceration, and hemorrhage of brainstem with loss of consciousness of 30 minutes or less, sequela",1,"Traumatic brain injury",TRUE
"S06382",10,"Contusion, laceration, and hemorrhage of brainstem with loss of consciousness of 31 minutes to 59 minutes",1,"Traumatic brain injury",FALSE
"S06382A",10,"Contusion, laceration, and hemorrhage of brainstem with loss of consciousness of 31 minutes to 59 minutes, initial encounter",1,"Traumatic brain injury",FALSE
"S06382D",10,"Contusion, laceration, and hemorrhage of brainstem with loss of consciousness of 31 minutes to 59 minutes, subsequent encounter",1,"Traumatic brain injury",FALSE
"S06382S",10,"Contusion, laceration, and hemorrhage of brainstem with loss of consciousness of 31 minutes to 59 minutes, sequela",1,"Traumatic brain injury",TRUE
"S06383",10,"Contusion, laceration, and hemorrhage of brainstem with loss of consciousness of 1 hour to 5 hours 59 minutes",1,"Traumatic brain injury",FALSE
"S06383A",10,"Contusion, laceration, and hemorrhage of brainstem with loss of consciousness of 1 hour to 5 hours 59 minutes, initial encounter",1,"Traumatic brain injury",FALSE
"S06383D",10,"Contusion, laceration, and hemorrhage of brainstem with loss of consciousness of 1 hour to 5 hours 59 minutes, subsequent encounter",1,"Traumatic brain injury",FALSE
"S06383S",10,"Contusion, laceration, and hemorrhage of brainstem with loss of consciousness of 1 hour to 5 hours 59 minutes, sequela",1,"Traumatic brain injury",TRUE
"S06384",10,"Contusion, laceration, and hemorrhage of brainstem with loss of consciousness of 6 hours to 24 hours",1,"Traumatic brain injury",FALSE
"S06384A",10,"Contusion, laceration, and hemorrhage of brainstem with loss of consciousness of 6 hours to 24 hours, initial encounter",1,"Traumatic brain injury",FALSE
"S06384D",10,"Contusion, laceration, and hemorrhage of brainstem with loss of consciousness of 6 hours to 24 hours, subsequent encounter",1,"Traumatic brain injury",FALSE
"S06384S",10,"Contusion, laceration, and hemorrhage of brainstem with loss of consciousness of 6 hours to 24 hours, sequela",1,"Traumatic brain injury",TRUE
"S06385",10,"Contusion, laceration, and hemorrhage of brainstem with loss of consciousness greater than 24 hours with return to pre-existing conscious level",1,"Traumatic brain injury",FALSE
"S06385A",10,"Contusion, laceration, and hemorrhage of brainstem with loss of consciousness greater than 24 hours with return to pre-existing conscious level, initial encounter",1,"Traumatic brain injury",FALSE
"S06385D",10,"Contusion, laceration, and hemorrhage of brainstem with loss of consciousness greater than 24 hours with return to pre-existing conscious level, subsequent encounter",1,"Traumatic brain injury",FALSE
"S06385S",10,"Contusion, laceration, and hemorrhage of brainstem with loss of consciousness greater than 24 hours with return to pre-existing conscious level, sequela",1,"Traumatic brain injury",TRUE
"S06386",10,"Contusion, laceration, and hemorrhage of brainstem with loss of consciousness greater than 24 hours without return to pre-existing conscious level with patient surviving",1,"Traumatic brain injury",FALSE
"S06386A",10,"Contusion, laceration, and hemorrhage of brainstem with loss of consciousness greater than 24 hours without return to pre-existing conscious level with patient surviving, initial encounter",1,"Traumatic brain injury",FALSE
"S06386D",10,"Contusion, laceration, and hemorrhage of brainstem with loss of consciousness greater than 24 hours without return to pre-existing conscious level with patient surviving, subsequent encounter",1,"Traumatic brain injury",FALSE
"S06386S",10,"Contusion, laceration, and hemorrhage of brainstem with loss of consciousness greater than 24 hours without return to pre-existing conscious level with patient surviving, sequela",1,"Traumatic brain injury",TRUE
"S06387",10,"Contusion, laceration, and hemorrhage of brainstem with loss of consciousness of any duration with death due to brain injury prior to regaining consciousness",1,"Traumatic brain injury",FALSE
"S06387A",10,"Contusion, laceration, and hemorrhage of brainstem with loss of consciousness of any duration with death due to brain injury prior to regaining consciousness, initial encounter",1,"Traumatic brain injury",FALSE
"S06387D",10,"Contusion, laceration, and hemorrhage of brainstem with loss of consciousness of any duration with death due to brain injury prior to regaining consciousness, subsequent encounter",1,"Traumatic brain injury",FALSE
"S06387S",10,"Contusion, laceration, and hemorrhage of brainstem with loss of consciousness of any duration with death due to brain injury prior to regaining consciousness, sequela",1,"Traumatic brain injury",TRUE
"S06388",10,"Contusion, laceration, and hemorrhage of brainstem with loss of consciousness of any duration with death due to other cause prior to regaining consciousness",1,"Traumatic brain injury",FALSE
"S06388A",10,"Contusion, laceration, and hemorrhage of brainstem with loss of consciousness of any duration with death due to other cause prior to regaining consciousness, initial encounter",1,"Traumatic brain injury",FALSE
"S06388D",10,"Contusion, laceration, and hemorrhage of brainstem with loss of consciousness of any duration with death due to other cause prior to regaining consciousness, subsequent encounter",1,"Traumatic brain injury",FALSE
"S06388S",10,"Contusion, laceration, and hemorrhage of brainstem with loss of consciousness of any duration with death due to other cause prior to regaining consciousness, sequela",1,"Traumatic brain injury",TRUE
"S06389",10,"Contusion, laceration, and hemorrhage of brainstem with loss of consciousness of unspecified duration",1,"Traumatic brain injury",FALSE
"S06389A",10,"Contusion, laceration, and hemorrhage of brainstem with loss of consciousness of unspecified duration, initial encounter",1,"Traumatic brain injury",FALSE
"S06389D",10,"Contusion, laceration, and hemorrhage of brainstem with loss of consciousness of unspecified duration, subsequent encounter",1,"Traumatic brain injury",FALSE
"S06389S",10,"Contusion, laceration, and hemorrhage of brainstem with loss of consciousness of unspecified duration, sequela",1,"Traumatic brain injury",TRUE
"S0638A",10,"Contusion, laceration, and hemorrhage of brainstem with loss of consciousness status unknown",1,"Traumatic brain injury",FALSE
"S0638AA",10,"Contusion, laceration, and hemorrhage of brainstem with loss of consciousness status unknown, initial encounter",1,"Traumatic brain injury",FALSE
"S0638AD",10,"Contusion, laceration, and hemorrhage of brainstem with loss of consciousness status unknown, subsequent encounter",1,"Traumatic brain injury",FALSE
"S0638AS",10,"Contusion, laceration, and hemorrhage of brainstem with loss of consciousness status unknown, sequela",1,"Traumatic brain injury",TRUE
"S064",10,"Epidural hemorrhage",1,"Traumatic brain injury",FALSE
"S064X",10,"Epidural hemorrhage",1,"Traumatic brain injury",FALSE
"S064X0",10,"Epidural hemorrhage without loss of consciousness",1,"Traumatic brain injury",FALSE
"S064X0A",10,"Epidural hemorrhage without loss of consciousness, initial encounter",1,"Traumatic brain injury",FALSE
"S064X0D",10,"Epidural hemorrhage without loss of consciousness, subsequent encounter",1,"Traumatic brain injury",FALSE
"S064X0S",10,"Epidural hemorrhage without loss of consciousness, sequela",1,"Traumatic brain injury",TRUE
"S064X1",10,"Epidural hemorrhage with loss of consciousness of 30 minutes or less",1,"Traumatic brain injury",FALSE
"S064X1A",10,"Epidural hemorrhage with loss of consciousness of 30 minutes or less, initial encounter",1,"Traumatic brain injury",FALSE
"S064X1D",10,"Epidural hemorrhage with loss of consciousness of 30 minutes or less, subsequent encounter",1,"Traumatic brain injury",FALSE
"S064X1S",10,"Epidural hemorrhage with loss of consciousness of 30 minutes or less, sequela",1,"Traumatic brain injury",TRUE
"S064X2",10,"Epidural hemorrhage with loss of consciousness of 31 minutes to 59 minutes",1,"Traumatic brain injury",FALSE
"S064X2A",10,"Epidural hemorrhage with loss of consciousness of 31 minutes to 59 minutes, initial encounter",1,"Traumatic brain injury",FALSE
"S064X2D",10,"Epidural hemorrhage with loss of consciousness of 31 minutes to 59 minutes, subsequent encounter",1,"Traumatic brain injury",FALSE
"S064X2S",10,"Epidural hemorrhage with loss of consciousness of 31 minutes to 59 minutes, sequela",1,"Traumatic brain injury",TRUE
"S064X3",10,"Epidural hemorrhage with loss of consciousness of 1 hour to 5 hours 59 minutes",1,"Traumatic brain injury",FALSE
"S064X3A",10,"Epidural hemorrhage with loss of consciousness of 1 hour to 5 hours 59 minutes, initial encounter",1,"Traumatic brain injury",FALSE
"S064X3D",10,"Epidural hemorrhage with loss of consciousness of 1 hour to 5 hours 59 minutes, subsequent encounter",1,"Traumatic brain injury",FALSE
"S064X3S",10,"Epidural hemorrhage with loss of consciousness of 1 hour to 5 hours 59 minutes, sequela",1,"Traumatic brain injury",TRUE
"S064X4",10,"Epidural hemorrhage with loss of consciousness of 6 hours to 24 hours",1,"Traumatic brain injury",FALSE
"S064X4A",10,"Epidural hemorrhage with loss of consciousness of 6 hours to 24 hours, initial encounter",1,"Traumatic brain injury",FALSE
"S064X4D",10,"Epidural hemorrhage with loss of consciousness of 6 hours to 24 hours, subsequent encounter",1,"Traumatic brain injury",FALSE
"S064X4S",10,"Epidural hemorrhage with loss of consciousness of 6 hours to 24 hours, sequela",1,"Traumatic brain injury",TRUE
"S064X5",10,"Epidural hemorrhage with loss of consciousness greater than 24 hours with return to pre-existing conscious level",1,"Traumatic brain injury",FALSE
"S064X5A",10,"Epidural hemorrhage with loss of consciousness greater than 24 hours with return to pre-existing conscious level, initial encounter",1,"Traumatic brain injury",FALSE
"S064X5D",10,"Epidural hemorrhage with loss of consciousness greater than 24 hours with return to pre-existing conscious level, subsequent encounter",1,"Traumatic brain injury",FALSE
"S064X5S",10,"Epidural hemorrhage with loss of consciousness greater than 24 hours with return to pre-existing conscious level, sequela",1,"Traumatic brain injury",TRUE
"S064X6",10,"Epidural hemorrhage with loss of consciousness greater than 24 hours without return to pre-existing conscious level with patient surviving",1,"Traumatic brain injury",FALSE
"S064X6A",10,"Epidural hemorrhage with loss of consciousness greater than 24 hours without return to pre-existing conscious level with patient surviving, initial encounter",1,"Traumatic brain injury",FALSE
"S064X6D",10,"Epidural hemorrhage with loss of consciousness greater than 24 hours without return to pre-existing conscious level with patient surviving, subsequent encounter",1,"Traumatic brain injury",FALSE
"S064X6S",10,"Epidural hemorrhage with loss of consciousness greater than 24 hours without return to pre-existing conscious level with patient surviving, sequela",1,"Traumatic brain injury",TRUE
"S064X7",10,"Epidural hemorrhage with loss of consciousness of any duration with death due to brain injury prior to regaining consciousness",1,"Traumatic brain injury",FALSE
"S064X7A",10,"Epidural hemorrhage with loss of consciousness of any duration with death due to brain injury prior to regaining consciousness, initial encounter",1,"Traumatic brain injury",FALSE
"S064X7D",10,"Epidural hemorrhage with loss of consciousness of any duration with death due to brain injury prior to regaining consciousness, subsequent encounter",1,"Traumatic brain injury",FALSE
"S064X7S",10,"Epidural hemorrhage with loss of consciousness of any duration with death due to brain injury prior to regaining consciousness, sequela",1,"Traumatic brain injury",TRUE
"S064X8",10,"Epidural hemorrhage with loss of consciousness of any duration with death due to other causes prior to regaining consciousness",1,"Traumatic brain injury",FALSE
"S064X8A",10,"Epidural hemorrhage with loss of consciousness of any duration with death due to other causes prior to regaining consciousness, initial encounter",1,"Traumatic brain injury",FALSE
"S064X8D",10,"Epidural hemorrhage with loss of consciousness of any duration with death due to other causes prior to regaining consciousness, subsequent encounter",1,"Traumatic brain injury",FALSE
"S064X8S",10,"Epidural hemorrhage with loss of consciousness of any duration with death due to other causes prior to regaining consciousness, sequela",1,"Traumatic brain injury",TRUE
"S064X9",10,"Epidural hemorrhage with loss of consciousness of unspecified duration",1,"Traumatic brain injury",FALSE
"S064X9A",10,"Epidural hemorrhage with loss of consciousness of unspecified duration, initial encounter",1,"Traumatic brain injury",FALSE
"S064X9D",10,"Epidural hemorrhage with loss of consciousness of unspecified duration, subsequent encounter",1,"Traumatic brain injury",FALSE
"S064X9S",10,"Epidural hemorrhage with loss of consciousness of unspecified duration, sequela",1,"Traumatic brain injury",TRUE
"S064XA",10,"Epidural hemorrhage with loss of consciousness status unknown",1,"Traumatic brain injury",FALSE
"S064XAA",10,"Epidural hemorrhage with loss of consciousness status unknown, initial encounter",1,"Traumatic brain injury",FALSE
"S064XAD",10,"Epidural hemorrhage with loss of consciousness status unknown, subsequent encounter",1,"Traumatic brain injury",FALSE
"S064XAS",10,"Epidural hemorrhage with loss of consciousness status unknown, sequela",1,"Traumatic brain injury",TRUE
"S065",10,"Traumatic subdural hemorrhage",1,"Traumatic brain injury",FALSE
"S065X",10,"Traumatic subdural hemorrhage",1,"Traumatic brain injury",FALSE
"S065X0",10,"Traumatic subdural hemorrhage without loss of consciousness",1,"Traumatic brain injury",FALSE
"S065X0A",10,"Traumatic subdural hemorrhage without loss of consciousness, initial encounter",1,"Traumatic brain injury",FALSE
"S065X0D",10,"Traumatic subdural hemorrhage without loss of consciousness, subsequent encounter",1,"Traumatic brain injury",FALSE
"S065X0S",10,"Traumatic subdural hemorrhage without loss of consciousness, sequela",1,"Traumatic brain injury",TRUE
"S065X1",10,"Traumatic subdural hemorrhage with loss of consciousness of 30 minutes or less",1,"Traumatic brain injury",FALSE
"S065X1A",10,"Traumatic subdural hemorrhage with loss of consciousness of 30 minutes or less, initial encounter",1,"Traumatic brain injury",FALSE
"S065X1D",10,"Traumatic subdural hemorrhage with loss of consciousness of 30 minutes or less, subsequent encounter",1,"Traumatic brain injury",FALSE
"S065X1S",10,"Traumatic subdural hemorrhage with loss of consciousness of 30 minutes or less, sequela",1,"Traumatic brain injury",TRUE
"S065X2",10,"Traumatic subdural hemorrhage with loss of consciousness of 31 minutes to 59 minutes",1,"Traumatic brain injury",FALSE
"S065X2A",10,"Traumatic subdural hemorrhage with loss of consciousness of 31 minutes to 59 minutes, initial encounter",1,"Traumatic brain injury",FALSE
"S065X2D",10,"Traumatic subdural hemorrhage with loss of consciousness of 31 minutes to 59 minutes, subsequent encounter",1,"Traumatic brain injury",FALSE
"S065X2S",10,"Traumatic subdural hemorrhage with loss of consciousness of 31 minutes to 59 minutes, sequela",1,"Traumatic brain injury",TRUE
"S065X3",10,"Traumatic subdural hemorrhage with loss of consciousness of 1 hour to 5 hours 59 minutes",1,"Traumatic brain injury",FALSE
"S065X3A",10,"Traumatic subdural hemorrhage with loss of consciousness of 1 hour to 5 hours 59 minutes, initial encounter",1,"Traumatic brain injury",FALSE
"S065X3D",10,"Traumatic subdural hemorrhage with loss of consciousness of 1 hour to 5 hours 59 minutes, subsequent encounter",1,"Traumatic brain injury",FALSE
"S065X3S",10,"Traumatic subdural hemorrhage with loss of consciousness of 1 hour to 5 hours 59 minutes, sequela",1,"Traumatic brain injury",TRUE
"S065X4",10,"Traumatic subdural hemorrhage with loss of consciousness of 6 hours to 24 hours",1,"Traumatic brain injury",FALSE
"S065X4A",10,"Traumatic subdural hemorrhage with loss of consciousness of 6 hours to 24 hours, initial encounter",1,"Traumatic brain injury",FALSE
"S065X4D",10,"Traumatic subdural hemorrhage with loss of consciousness of 6 hours to 24 hours, subsequent encounter",1,"Traumatic brain injury",FALSE
"S065X4S",10,"Traumatic subdural hemorrhage with loss of consciousness of 6 hours to 24 hours, sequela",1,"Traumatic brain injury",TRUE
"S065X5",10,"Traumatic subdural hemorrhage with loss of consciousness greater than 24 hours with return to pre-existing conscious level",1,"Traumatic brain injury",FALSE
"S065X5A",10,"Traumatic subdural hemorrhage with loss of consciousness greater than 24 hours with return to pre-existing conscious level, initial encounter",1,"Traumatic brain injury",FALSE
"S065X5D",10,"Traumatic subdural hemorrhage with loss of consciousness greater than 24 hours with return to pre-existing conscious level, subsequent encounter",1,"Traumatic brain injury",FALSE
"S065X5S",10,"Traumatic subdural hemorrhage with loss of consciousness greater than 24 hours with return to pre-existing conscious level, sequela",1,"Traumatic brain injury",TRUE
"S065X6",10,"Traumatic subdural hemorrhage with loss of consciousness greater than 24 hours without return to pre-existing conscious level with patient surviving",1,"Traumatic brain injury",FALSE
"S065X6A",10,"Traumatic subdural hemorrhage with loss of consciousness greater than 24 hours without return to pre-existing conscious level with patient surviving, initial encounter",1,"Traumatic brain injury",FALSE
"S065X6D",10,"Traumatic subdural hemorrhage with loss of consciousness greater than 24 hours without return to pre-existing conscious level with patient surviving, subsequent encounter",1,"Traumatic brain injury",FALSE
"S065X6S",10,"Traumatic subdural hemorrhage with loss of consciousness greater than 24 hours without return to pre-existing conscious level with patient surviving, sequela",1,"Traumatic brain injury",TRUE
"S065X7",10,"Traumatic subdural hemorrhage with loss of consciousness of any duration with death due to brain injury before regaining consciousness",1,"Traumatic brain injury",FALSE
"S065X7A",10,"Traumatic subdural hemorrhage with loss of consciousness of any duration with death due to brain injury before regaining consciousness, initial encounter",1,"Traumatic brain injury",FALSE
"S065X7D",10,"Traumatic subdural hemorrhage with loss of consciousness of any duration with death due to brain injury before regaining consciousness, subsequent encounter",1,"Traumatic brain injury",FALSE
"S065X7S",10,"Traumatic subdural hemorrhage with loss of consciousness of any duration with death due to brain injury before regaining consciousness, sequela",1,"Traumatic brain injury",TRUE
"S065X8",10,"Traumatic subdural hemorrhage with loss of consciousness of any duration with death due to other cause before regaining consciousness",1,"Traumatic brain injury",FALSE
"S065X8A",10,"Traumatic subdural hemorrhage with loss of consciousness of any duration with death due to other cause before regaining consciousness, initial encounter",1,"Traumatic brain injury",FALSE
"S065X8D",10,"Traumatic subdural hemorrhage with loss of consciousness of any duration with death due to other cause before regaining consciousness, subsequent encounter",1,"Traumatic brain injury",FALSE
"S065X8S",10,"Traumatic subdural hemorrhage with loss of consciousness of any duration with death due to other cause before regaining consciousness, sequela",1,"Traumatic brain injury",TRUE
"S065X9",10,"Traumatic subdural hemorrhage with loss of consciousness of unspecified duration",1,"Traumatic brain injury",FALSE
"S065X9A",10,"Traumatic subdural hemorrhage with loss of consciousness of unspecified duration, initial encounter",1,"Traumatic brain injury",FALSE
"S065X9D",10,"Traumatic subdural hemorrhage with loss of consciousness of unspecified duration, subsequent encounter",1,"Traumatic brain injury",FALSE
"S065X9S",10,"Traumatic subdural hemorrhage with loss of consciousness of unspecified duration, sequela",1,"Traumatic brain injury",TRUE
"S065XA",10,"Traumatic subdural hemorrhage with loss of consciousness status unknown",1,"Traumatic brain injury",FALSE
"S065XAA",10,"Traumatic subdural hemorrhage with loss of consciousness status unknown, initial encounter",1,"Traumatic brain injury",FALSE
"S065XAD",10,"Traumatic subdural hemorrhage with loss of consciousness status unknown, subsequent encounter",1,"Traumatic brain injury",FALSE
"S065XAS",10,"Traumatic subdural hemorrhage with loss of consciousness status unknown, sequela",1,"Traumatic brain injury",TRUE
"S068",10,"Other specified intracranial injuries",1,"Traumatic brain injury",FALSE
"S0681",10,"Injury of right internal carotid artery, intracranial portion, not elsewhere classified",1,"Traumatic brain injury",FALSE
"S06810",10,"Injury of right internal carotid artery, intracranial portion, not elsewhere classified without loss of consciousness",1,"Traumatic brain injury",FALSE
"S06810A",10,"Injury of right internal carotid artery, intracranial portion, not elsewhere classified without loss of consciousness, initial encounter",1,"Traumatic brain injury",FALSE
"S06810D",10,"Injury of right internal carotid artery, intracranial portion, not elsewhere classified without loss of consciousness, subsequent encounter",1,"Traumatic brain injury",FALSE
"S06810S",10,"Injury of right internal carotid artery, intracranial portion, not elsewhere classified without loss of consciousness, sequela",1,"Traumatic brain injury",TRUE
"S06811",10,"Injury of right internal carotid artery, intracranial portion, not elsewhere classified with loss of consciousness of 30 minutes or less",1,"Traumatic brain injury",FALSE
"S06811A",10,"Injury of right internal carotid artery, intracranial portion, not elsewhere classified with loss of consciousness of 30 minutes or less, initial encounter",1,"Traumatic brain injury",FALSE
"S06811D",10,"Injury of right internal carotid artery, intracranial portion, not elsewhere classified with loss of consciousness of 30 minutes or less, subsequent encounter",1,"Traumatic brain injury",FALSE
"S06811S",10,"Injury of right internal carotid artery, intracranial portion, not elsewhere classified with loss of consciousness of 30 minutes or less, sequela",1,"Traumatic brain injury",TRUE
"S06812",10,"Injury of right internal carotid artery, intracranial portion, not elsewhere classified with loss of consciousness of 31 minutes to 59 minutes",1,"Traumatic brain injury",FALSE
"S06812A",10,"Injury of right internal carotid artery, intracranial portion, not elsewhere classified with loss of consciousness of 31 minutes to 59 minutes, initial encounter",1,"Traumatic brain injury",FALSE
"S06812D",10,"Injury of right internal carotid artery, intracranial portion, not elsewhere classified with loss of consciousness of 31 minutes to 59 minutes, subsequent encounter",1,"Traumatic brain injury",FALSE
"S06812S",10,"Injury of right internal carotid artery, intracranial portion, not elsewhere classified with loss of consciousness of 31 minutes to 59 minutes, sequela",1,"Traumatic brain injury",TRUE
"S06813",10,"Injury of right internal carotid artery, intracranial portion, not elsewhere classified with loss of consciousness of 1 hour to 5 hours 59 minutes",1,"Traumatic brain injury",FALSE
"S06813A",10,"Injury of right internal carotid artery, intracranial portion, not elsewhere classified with loss of consciousness of 1 hour to 5 hours 59 minutes, initial encounter",1,"Traumatic brain injury",FALSE
"S06813D",10,"Injury of right internal carotid artery, intracranial portion, not elsewhere classified with loss of consciousness of 1 hour to 5 hours 59 minutes, subsequent encounter",1,"Traumatic brain injury",FALSE
"S06813S",10,"Injury of right internal carotid artery, intracranial portion, not elsewhere classified with loss of consciousness of 1 hour to 5 hours 59 minutes, sequela",1,"Traumatic brain injury",TRUE
"S06814",10,"Injury of right internal carotid artery, intracranial portion, not elsewhere classified with loss of consciousness of 6 hours to 24 hours",1,"Traumatic brain injury",FALSE
"S06814A",10,"Injury of right internal carotid artery, intracranial portion, not elsewhere classified with loss of consciousness of 6 hours to 24 hours, initial encounter",1,"Traumatic brain injury",FALSE
"S06814D",10,"Injury of right internal carotid artery, intracranial portion, not elsewhere classified with loss of consciousness of 6 hours to 24 hours, subsequent encounter",1,"Traumatic brain injury",FALSE
"S06814S",10,"Injury of right internal carotid artery, intracranial portion, not elsewhere classified with loss of consciousness of 6 hours to 24 hours, sequela",1,"Traumatic brain injury",TRUE
"S06815",10,"Injury of right internal carotid artery, intracranial portion, not elsewhere classified with loss of consciousness greater than 24 hours with return to pre-existing conscious level",1,"Traumatic brain injury",FALSE
"S06815A",10,"Injury of right internal carotid artery, intracranial portion, not elsewhere classified with loss of consciousness greater than 24 hours with return to pre-existing conscious level, initial encounter",1,"Traumatic brain injury",FALSE
"S06815D",10,"Injury of right internal carotid artery, intracranial portion, not elsewhere classified with loss of consciousness greater than 24 hours with return to pre-existing conscious level, subsequent encounter",1,"Traumatic brain injury",FALSE
"S06815S",10,"Injury of right internal carotid artery, intracranial portion, not elsewhere classified with loss of consciousness greater than 24 hours with return to pre-existing conscious level, sequela",1,"Traumatic brain injury",TRUE
"S06816",10,"Injury of right internal carotid artery, intracranial portion, not elsewhere classified with loss of consciousness greater than 24 hours without return to pre-existing conscious level with patient surviving",1,"Traumatic brain injury",FALSE
"S06816A",10,"Injury of right internal carotid artery, intracranial portion, not elsewhere classified with loss of consciousness greater than 24 hours without return to pre-existing conscious level with patient surviving, initial encounter",1,"Traumatic brain injury",FALSE
"S06816D",10,"Injury of right internal carotid artery, intracranial portion, not elsewhere classified with loss of consciousness greater than 24 hours without return to pre-existing conscious level with patient surviving, subsequent encounter",1,"Traumatic brain injury",FALSE
"S06816S",10,"Injury of right internal carotid artery, intracranial portion, not elsewhere classified with loss of consciousness greater than 24 hours without return to pre-existing conscious level with patient surviving, sequela",1,"Traumatic brain injury",TRUE
"S06817",10,"Injury of right internal carotid artery, intracranial portion, not elsewhere classified with loss of consciousness of any duration with death due to brain injury prior to regaining consciousness",1,"Traumatic brain injury",FALSE
"S06817A",10,"Injury of right internal carotid artery, intracranial portion, not elsewhere classified with loss of consciousness of any duration with death due to brain injury prior to regaining consciousness, initial encounter",1,"Traumatic brain injury",FALSE
"S06817D",10,"Injury of right internal carotid artery, intracranial portion, not elsewhere classified with loss of consciousness of any duration with death due to brain injury prior to regaining consciousness, subsequent encounter",1,"Traumatic brain injury",FALSE
"S06817S",10,"Injury of right internal carotid artery, intracranial portion, not elsewhere classified with loss of consciousness of any duration with death due to brain injury prior to regaining consciousness, sequela",1,"Traumatic brain injury",TRUE
"S06818",10,"Injury of right internal carotid artery, intracranial portion, not elsewhere classified with loss of consciousness of any duration with death due to other cause prior to regaining consciousness",1,"Traumatic brain injury",FALSE
"S06818A",10,"Injury of right internal carotid artery, intracranial portion, not elsewhere classified with loss of consciousness of any duration with death due to other cause prior to regaining consciousness, initial encounter",1,"Traumatic brain injury",FALSE
"S06818D",10,"Injury of right internal carotid artery, intracranial portion, not elsewhere classified with loss of consciousness of any duration with death due to other cause prior to regaining consciousness, subsequent encounter",1,"Traumatic brain injury",FALSE
"S06818S",10,"Injury of right internal carotid artery, intracranial portion, not elsewhere classified with loss of consciousness of any duration with death due to other cause prior to regaining consciousness, sequela",1,"Traumatic brain injury",TRUE
"S06819",10,"Injury of right internal carotid artery, intracranial portion, not elsewhere classified with loss of consciousness of unspecified duration",1,"Traumatic brain injury",FALSE
"S06819A",10,"Injury of right internal carotid artery, intracranial portion, not elsewhere classified with loss of consciousness of unspecified duration, initial encounter",1,"Traumatic brain injury",FALSE
"S06819D",10,"Injury of right internal carotid artery, intracranial portion, not elsewhere classified with loss of consciousness of unspecified duration, subsequent encounter",1,"Traumatic brain injury",FALSE
"S06819S",10,"Injury of right internal carotid artery, intracranial portion, not elsewhere classified with loss of consciousness of unspecified duration, sequela",1,"Traumatic brain injury",TRUE
"S0681A",10,"Injury of right internal carotid artery, intracranial portion, not elsewhere classified with loss of consciousness status unknown",1,"Traumatic brain injury",FALSE
"S0681AA",10,"Injury of right internal carotid artery, intracranial portion, not elsewhere classified with loss of consciousness status unknown, initial encounter",1,"Traumatic brain injury",FALSE
"S0681AD",10,"Injury of right internal carotid artery, intracranial portion, not elsewhere classified with loss of consciousness status unknown, subsequent encounter",1,"Traumatic brain injury",FALSE
"S0681AS",10,"Injury of right internal carotid artery, intracranial portion, not elsewhere classified with loss of consciousness status unknown, sequela",1,"Traumatic brain injury",TRUE
"S0682",10,"Injury of left internal carotid artery, intracranial portion, not elsewhere classified",1,"Traumatic brain injury",FALSE
"S06820",10,"Injury of left internal carotid artery, intracranial portion, not elsewhere classified without loss of consciousness",1,"Traumatic brain injury",FALSE
"S06820A",10,"Injury of left internal carotid artery, intracranial portion, not elsewhere classified without loss of consciousness, initial encounter",1,"Traumatic brain injury",FALSE
"S06820D",10,"Injury of left internal carotid artery, intracranial portion, not elsewhere classified without loss of consciousness, subsequent encounter",1,"Traumatic brain injury",FALSE
"S06820S",10,"Injury of left internal carotid artery, intracranial portion, not elsewhere classified without loss of consciousness, sequela",1,"Traumatic brain injury",TRUE
"S06821",10,"Injury of left internal carotid artery, intracranial portion, not elsewhere classified with loss of consciousness of 30 minutes or less",1,"Traumatic brain injury",FALSE
"S06821A",10,"Injury of left internal carotid artery, intracranial portion, not elsewhere classified with loss of consciousness of 30 minutes or less, initial encounter",1,"Traumatic brain injury",FALSE
"S06821D",10,"Injury of left internal carotid artery, intracranial portion, not elsewhere classified with loss of consciousness of 30 minutes or less, subsequent encounter",1,"Traumatic brain injury",FALSE
"S06821S",10,"Injury of left internal carotid artery, intracranial portion, not elsewhere classified with loss of consciousness of 30 minutes or less, sequela",1,"Traumatic brain injury",TRUE
"S06822",10,"Injury of left internal carotid artery, intracranial portion, not elsewhere classified with loss of consciousness of 31 minutes to 59 minutes",1,"Traumatic brain injury",FALSE
"S06822A",10,"Injury of left internal carotid artery, intracranial portion, not elsewhere classified with loss of consciousness of 31 minutes to 59 minutes, initial encounter",1,"Traumatic brain injury",FALSE
"S06822D",10,"Injury of left internal carotid artery, intracranial portion, not elsewhere classified with loss of consciousness of 31 minutes to 59 minutes, subsequent encounter",1,"Traumatic brain injury",FALSE
"S06822S",10,"Injury of left internal carotid artery, intracranial portion, not elsewhere classified with loss of consciousness of 31 minutes to 59 minutes, sequela",1,"Traumatic brain injury",TRUE
"S06823",10,"Injury of left internal carotid artery, intracranial portion, not elsewhere classified with loss of consciousness of 1 hour to 5 hours 59 minutes",1,"Traumatic brain injury",FALSE
"S06823A",10,"Injury of left internal carotid artery, intracranial portion, not elsewhere classified with loss of consciousness of 1 hour to 5 hours 59 minutes, initial encounter",1,"Traumatic brain injury",FALSE
"S06823D",10,"Injury of left internal carotid artery, intracranial portion, not elsewhere classified with loss of consciousness of 1 hour to 5 hours 59 minutes, subsequent encounter",1,"Traumatic brain injury",FALSE
"S06823S",10,"Injury of left internal carotid artery, intracranial portion, not elsewhere classified with loss of consciousness of 1 hour to 5 hours 59 minutes, sequela",1,"Traumatic brain injury",TRUE
"S06824",10,"Injury of left internal carotid artery, intracranial portion, not elsewhere classified with loss of consciousness of 6 hours to 24 hours",1,"Traumatic brain injury",FALSE
"S06824A",10,"Injury of left internal carotid artery, intracranial portion, not elsewhere classified with loss of consciousness of 6 hours to 24 hours, initial encounter",1,"Traumatic brain injury",FALSE
"S06824D",10,"Injury of left internal carotid artery, intracranial portion, not elsewhere classified with loss of consciousness of 6 hours to 24 hours, subsequent encounter",1,"Traumatic brain injury",FALSE
"S06824S",10,"Injury of left internal carotid artery, intracranial portion, not elsewhere classified with loss of consciousness of 6 hours to 24 hours, sequela",1,"Traumatic brain injury",TRUE
"S06825",10,"Injury of left internal carotid artery, intracranial portion, not elsewhere classified with loss of consciousness greater than 24 hours with return to pre-existing conscious level",1,"Traumatic brain injury",FALSE
"S06825A",10,"Injury of left internal carotid artery, intracranial portion, not elsewhere classified with loss of consciousness greater than 24 hours with return to pre-existing conscious level, initial encounter",1,"Traumatic brain injury",FALSE
"S06825D",10,"Injury of left internal carotid artery, intracranial portion, not elsewhere classified with loss of consciousness greater than 24 hours with return to pre-existing conscious level, subsequent encounter",1,"Traumatic brain injury",FALSE
"S06825S",10,"Injury of left internal carotid artery, intracranial portion, not elsewhere classified with loss of consciousness greater than 24 hours with return to pre-existing conscious level, sequela",1,"Traumatic brain injury",TRUE
"S06826",10,"Injury of left internal carotid artery, intracranial portion, not elsewhere classified with loss of consciousness greater than 24 hours without return to pre-existing conscious level with patient surviving",1,"Traumatic brain injury",FALSE
"S06826A",10,"Injury of left internal carotid artery, intracranial portion, not elsewhere classified with loss of consciousness greater than 24 hours without return to pre-existing conscious level with patient surviving, initial encounter",1,"Traumatic brain injury",FALSE
"S06826D",10,"Injury of left internal carotid artery, intracranial portion, not elsewhere classified with loss of consciousness greater than 24 hours without return to pre-existing conscious level with patient surviving, subsequent encounter",1,"Traumatic brain injury",FALSE
"S06826S",10,"Injury of left internal carotid artery, intracranial portion, not elsewhere classified with loss of consciousness greater than 24 hours without return to pre-existing conscious level with patient surviving, sequela",1,"Traumatic brain injury",TRUE
"S06827",10,"Injury of left internal carotid artery, intracranial portion, not elsewhere classified with loss of consciousness of any duration with death due to brain injury prior to regaining consciousness",1,"Traumatic brain injury",FALSE
"S06827A",10,"Injury of left internal carotid artery, intracranial portion, not elsewhere classified with loss of consciousness of any duration with death due to brain injury prior to regaining consciousness, initial encounter",1,"Traumatic brain injury",FALSE
"S06827D",10,"Injury of left internal carotid artery, intracranial portion, not elsewhere classified with loss of consciousness of any duration with death due to brain injury prior to regaining consciousness, subsequent encounter",1,"Traumatic brain injury",FALSE
"S06827S",10,"Injury of left internal carotid artery, intracranial portion, not elsewhere classified with loss of consciousness of any duration with death due to brain injury prior to regaining consciousness, sequela",1,"Traumatic brain injury",TRUE
"S06828",10,"Injury of left internal carotid artery, intracranial portion, not elsewhere classified with loss of consciousness of any duration with death due to other cause prior to regaining consciousness",1,"Traumatic brain injury",FALSE
"S06828A",10,"Injury of left internal carotid artery, intracranial portion, not elsewhere classified with loss of consciousness of any duration with death due to other cause prior to regaining consciousness, initial encounter",1,"Traumatic brain injury",FALSE
"S06828D",10,"Injury of left internal carotid artery, intracranial portion, not elsewhere classified with loss of consciousness of any duration with death due to other cause prior to regaining consciousness, subsequent encounter",1,"Traumatic brain injury",FALSE
"S06828S",10,"Injury of left internal carotid artery, intracranial portion, not elsewhere classified with loss of consciousness of any duration with death due to other cause prior to regaining consciousness, sequela",1,"Traumatic brain injury",TRUE
"S06829",10,"Injury of left internal carotid artery, intracranial portion, not elsewhere classified with loss of consciousness of unspecified duration",1,"Traumatic brain injury",FALSE
"S06829A",10,"Injury of left internal carotid artery, intracranial portion, not elsewhere classified with loss of consciousness of unspecified duration, initial encounter",1,"Traumatic brain injury",FALSE
"S06829D",10,"Injury of left internal carotid artery, intracranial portion, not elsewhere classified with loss of consciousness of unspecified duration, subsequent encounter",1,"Traumatic brain injury",FALSE
"S06829S",10,"Injury of left internal carotid artery, intracranial portion, not elsewhere classified with loss of consciousness of unspecified duration, sequela",1,"Traumatic brain injury",TRUE
"S0682A",10,"Injury of left internal carotid artery, intracranial portion, not elsewhere classified with loss of consciousness status unknown",1,"Traumatic brain injury",FALSE
"S0682AA",10,"Injury of left internal carotid artery, intracranial portion, not elsewhere classified with loss of consciousness status unknown, initial encounter",1,"Traumatic brain injury",FALSE
"S0682AD",10,"Injury of left internal carotid artery, intracranial portion, not elsewhere classified with loss of consciousness status unknown, subsequent encounter",1,"Traumatic brain injury",FALSE
"S0682AS",10,"Injury of left internal carotid artery, intracranial portion, not elsewhere classified with loss of consciousness status unknown, sequela",1,"Traumatic brain injury",TRUE
"S0689",10,"Other specified intracranial injury",1,"Traumatic brain injury",FALSE
"S06890",10,"Other specified intracranial injury without loss of consciousness",1,"Traumatic brain injury",FALSE
"S06890A",10,"Other specified intracranial injury without loss of consciousness, initial encounter",1,"Traumatic brain injury",FALSE
"S06890D",10,"Other specified intracranial injury without loss of consciousness, subsequent encounter",1,"Traumatic brain injury",FALSE
"S06890S",10,"Other specified intracranial injury without loss of consciousness, sequela",1,"Traumatic brain injury",TRUE
"S06891",10,"Other specified intracranial injury with loss of consciousness of 30 minutes or less",1,"Traumatic brain injury",FALSE
"S06891A",10,"Other specified intracranial injury with loss of consciousness of 30 minutes or less, initial encounter",1,"Traumatic brain injury",FALSE
"S06891D",10,"Other specified intracranial injury with loss of consciousness of 30 minutes or less, subsequent encounter",1,"Traumatic brain injury",FALSE
"S06891S",10,"Other specified intracranial injury with loss of consciousness of 30 minutes or less, sequela",1,"Traumatic brain injury",TRUE
"S06892",10,"Other specified intracranial injury with loss of consciousness of 31 minutes to 59 minutes",1,"Traumatic brain injury",FALSE
"S06892A",10,"Other specified intracranial injury with loss of consciousness of 31 minutes to 59 minutes, initial encounter",1,"Traumatic brain injury",FALSE
"S06892D",10,"Other specified intracranial injury with loss of consciousness of 31 minutes to 59 minutes, subsequent encounter",1,"Traumatic brain injury",FALSE
"S06892S",10,"Other specified intracranial injury with loss of consciousness of 31 minutes to 59 minutes, sequela",1,"Traumatic brain injury",TRUE
"S06893",10,"Other specified intracranial injury with loss of consciousness of 1 hour to 5 hours 59 minutes",1,"Traumatic brain injury",FALSE
"S06893A",10,"Other specified intracranial injury with loss of consciousness of 1 hour to 5 hours 59 minutes, initial encounter",1,"Traumatic brain injury",FALSE
"S06893D",10,"Other specified intracranial injury with loss of consciousness of 1 hour to 5 hours 59 minutes, subsequent encounter",1,"Traumatic brain injury",FALSE
"S06893S",10,"Other specified intracranial injury with loss of consciousness of 1 hour to 5 hours 59 minutes, sequela",1,"Traumatic brain injury",TRUE
"S06894",10,"Other specified intracranial injury with loss of consciousness of 6 hours to 24 hours",1,"Traumatic brain injury",FALSE
"S06894A",10,"Other specified intracranial injury with loss of consciousness of 6 hours to 24 hours, initial encounter",1,"Traumatic brain injury",FALSE
"S06894D",10,"Other specified intracranial injury with loss of consciousness of 6 hours to 24 hours, subsequent encounter",1,"Traumatic brain injury",FALSE
"S06894S",10,"Other specified intracranial injury with loss of consciousness of 6 hours to 24 hours, sequela",1,"Traumatic brain injury",TRUE
"S06895",10,"Other specified intracranial injury with loss of consciousness greater than 24 hours with return to pre-existing conscious level",1,"Traumatic brain injury",FALSE
"S06895A",10,"Other specified intracranial injury with loss of consciousness greater than 24 hours with return to pre-existing conscious level, initial encounter",1,"Traumatic brain injury",FALSE
"S06895D",10,"Other specified intracranial injury with loss of consciousness greater than 24 hours with return to pre-existing conscious level, subsequent encounter",1,"Traumatic brain injury",FALSE
"S06895S",10,"Other specified intracranial injury with loss of consciousness greater than 24 hours with return to pre-existing conscious level, sequela",1,"Traumatic brain injury",TRUE
"S06896",10,"Other specified intracranial injury with loss of consciousness greater than 24 hours without return to pre-existing conscious level with patient surviving",1,"Traumatic brain injury",FALSE
"S06896A",10,"Other specified intracranial injury with loss of consciousness greater than 24 hours without return to pre-existing conscious level with patient surviving, initial encounter",1,"Traumatic brain injury",FALSE
"S06896D",10,"Other specified intracranial injury with loss of consciousness greater than 24 hours without return to pre-existing conscious level with patient surviving, subsequent encounter",1,"Traumatic brain injury",FALSE
"S06896S",10,"Other specified intracranial injury with loss of consciousness greater than 24 hours without return to pre-existing conscious level with patient surviving, sequela",1,"Traumatic brain injury",TRUE
"S06897",10,"Other specified intracranial injury with loss of consciousness of any duration with death due to brain injury prior to regaining consciousness",1,"Traumatic brain injury",FALSE
"S06897A",10,"Other specified intracranial injury with loss of consciousness of any duration with death due to brain injury prior to regaining consciousness, initial encounter",1,"Traumatic brain injury",FALSE
"S06897D",10,"Other specified intracranial injury with loss of consciousness of any duration with death due to brain injury prior to regaining consciousness, subsequent encounter",1,"Traumatic brain injury",FALSE
"S06897S",10,"Other specified intracranial injury with loss of consciousness of any duration with death due to brain injury prior to regaining consciousness, sequela",1,"Traumatic brain injury",TRUE
"S06898",10,"Other specified intracranial injury with loss of consciousness of any duration with death due to other cause prior to regaining consciousness",1,"Traumatic brain injury",FALSE
"S06898A",10,"Other specified intracranial injury with loss of consciousness of any duration with death due to other cause prior to regaining consciousness, initial encounter",1,"Traumatic brain injury",FALSE
"S06898D",10,"Other specified intracranial injury with loss of consciousness of any duration with death due to other cause prior to regaining consciousness, subsequent encounter",1,"Traumatic brain injury",FALSE
"S06898S",10,"Other specified intracranial injury with loss of consciousness of any duration with death due to other cause prior to regaining consciousness, sequela",1,"Traumatic brain injury",TRUE
"S06899",10,"Other specified intracranial injury with loss of consciousness of unspecified duration",1,"Traumatic brain injury",FALSE
"S06899A",10,"Other specified intracranial injury with loss of consciousness of unspecified duration, initial encounter",1,"Traumatic brain injury",FALSE
"S06899D",10,"Other specified intracranial injury with loss of consciousness of unspecified duration, subsequent encounter",1,"Traumatic brain injury",FALSE
"S06899S",10,"Other specified intracranial injury with loss of consciousness of unspecified duration, sequela",1,"Traumatic brain injury",TRUE
"S0689A",10,"Other specified intracranial injury with loss of consciousness status unknown",1,"Traumatic brain injury",FALSE
"S0689AA",10,"Other specified intracranial injury with loss of consciousness status unknown, initial encounter",1,"Traumatic brain injury",FALSE
"S0689AD",10,"Other specified intracranial injury with loss of consciousness status unknown, subsequent encounter",1,"Traumatic brain injury",FALSE
"S0689AS",10,"Other specified intracranial injury with loss of consciousness status unknown, sequela",1,"Traumatic brain injury",TRUE
"S068A",10,"Primary blast injury of brain, not elsewhere classified",1,"Traumatic brain injury",FALSE
"S068A0",10,"Primary blast injury of brain, not elsewhere classified without loss of consciousness",1,"Traumatic brain injury",FALSE
"S068A0A",10,"Primary blast injury of brain, not elsewhere classified without loss of consciousness, initial encounter",1,"Traumatic brain injury",FALSE
"S068A0D",10,"Primary blast injury of brain, not elsewhere classified without loss of consciousness, subsequent encounter",1,"Traumatic brain injury",FALSE
"S068A0S",10,"Primary blast injury of brain, not elsewhere classified without loss of consciousness, sequela",1,"Traumatic brain injury",TRUE
"S068A1",10,"Primary blast injury of brain, not elsewhere classified with loss of consciousness of 30 minutes or less",1,"Traumatic brain injury",FALSE
"S068A1A",10,"Primary blast injury of brain, not elsewhere classified with loss of consciousness of 30 minutes or less, initial encounter",1,"Traumatic brain injury",FALSE
"S068A1D",10,"Primary blast injury of brain, not elsewhere classified with loss of consciousness of 30 minutes or less, subsequent encounter",1,"Traumatic brain injury",FALSE
"S068A1S",10,"Primary blast injury of brain, not elsewhere classified with loss of consciousness of 30 minutes or less, sequela",1,"Traumatic brain injury",TRUE
"S068A2",10,"Primary blast injury of brain, not elsewhere classified with loss of consciousness of 31 minutes to 59 minutes",1,"Traumatic brain injury",FALSE
"S068A2A",10,"Primary blast injury of brain, not elsewhere classified with loss of consciousness of 31 minutes to 59 minutes, initial encounter",1,"Traumatic brain injury",FALSE
"S068A2D",10,"Primary blast injury of brain, not elsewhere classified with loss of consciousness of 31 minutes to 59 minutes, subsequent encounter",1,"Traumatic brain injury",FALSE
"S068A2S",10,"Primary blast injury of brain, not elsewhere classified with loss of consciousness of 31 minutes to 59 minutes, sequela",1,"Traumatic brain injury",TRUE
"S068A3",10,"Primary blast injury of brain, not elsewhere classified with loss of consciousness of 1 hour to 5 hours 59 minutes",1,"Traumatic brain injury",FALSE
"S068A3A",10,"Primary blast injury of brain, not elsewhere classified with loss of consciousness of 1 hour to 5 hours 59 minutes, initial encounter",1,"Traumatic brain injury",FALSE
"S068A3D",10,"Primary blast injury of brain, not elsewhere classified with loss of consciousness of 1 hour to 5 hours 59 minutes, subsequent encounter",1,"Traumatic brain injury",FALSE
"S068A3S",10,"Primary blast injury of brain, not elsewhere classified with loss of consciousness of 1 hour to 5 hours 59 minutes, sequela",1,"Traumatic brain injury",TRUE
"S068A4",10,"Primary blast injury of brain, not elsewhere classified with loss of consciousness of 6 hours to 24 hours",1,"Traumatic brain injury",FALSE
"S068A4A",10,"Primary blast injury of brain, not elsewhere classified with loss of consciousness of 6 hours to 24 hours, initial encounter",1,"Traumatic brain injury",FALSE
"S068A4D",10,"Primary blast injury of brain, not elsewhere classified with loss of consciousness of 6 hours to 24 hours, subsequent encounter",1,"Traumatic brain injury",FALSE
"S068A4S",10,"Primary blast injury of brain, not elsewhere classified with loss of consciousness of 6 hours to 24 hours, sequela",1,"Traumatic brain injury",TRUE
"S068A5",10,"Primary blast injury of brain, not elsewhere classified with loss of consciousness greater than 24 hours with return to pre-existing conscious level",1,"Traumatic brain injury",FALSE
"S068A5A",10,"Primary blast injury of brain, not elsewhere classified with loss of consciousness greater than 24 hours with return to pre-existing conscious level, initial encounter",1,"Traumatic brain injury",FALSE
"S068A5D",10,"Primary blast injury of brain, not elsewhere classified with loss of consciousness greater than 24 hours with return to pre-existing conscious level, subsequent encounter",1,"Traumatic brain injury",FALSE
"S068A5S",10,"Primary blast injury of brain, not elsewhere classified with loss of consciousness greater than 24 hours with return to pre-existing conscious level, sequela",1,"Traumatic brain injury",TRUE
"S068A6",10,"Primary blast injury of brain, not elsewhere classified with loss of consciousness greater than 24 hours without return to pre-existing conscious level with patient surviving",1,"Traumatic brain injury",FALSE
"S068A6A",10,"Primary blast injury of brain, not elsewhere classified with loss of consciousness greater than 24 hours without return to pre-existing conscious level with patient surviving, initial encounter",1,"Traumatic brain injury",FALSE
"S068A6D",10,"Primary blast injury of brain, not elsewhere classified with loss of consciousness greater than 24 hours without return to pre-existing conscious level with patient surviving, subsequent encounter",1,"Traumatic brain injury",FALSE
"S068A6S",10,"Primary blast injury of brain, not elsewhere classified with loss of consciousness greater than 24 hours without return to pre-existing conscious level with patient surviving, sequela",1,"Traumatic brain injury",TRUE
"S068A7",10,"Primary blast injury of brain, not elsewhere classified with loss of consciousness of any duration with death due to brain injury prior to regaining consciousness",1,"Traumatic brain injury",FALSE
"S068A7A",10,"Primary blast injury of brain, not elsewhere classified with loss of consciousness of any duration with death due to brain injury prior to regaining consciousness, initial encounter",1,"Traumatic brain injury",FALSE
"S068A8",10,"Primary blast injury of brain, not elsewhere classified with loss of consciousness of any duration with death due to other cause prior to regaining consciousness",1,"Traumatic brain injury",FALSE
"S068A8A",10,"Primary blast injury of brain, not elsewhere classified with loss of consciousness of any duration with death due to other cause prior to regaining consciousness, initial encounter",1,"Traumatic brain injury",FALSE
"S068A9",10,"Primary blast injury of brain, not elsewhere classified with loss of consciousness of unspecified duration",1,"Traumatic brain injury",FALSE
"S068A9A",10,"Primary blast injury of brain, not elsewhere classified with loss of consciousness of unspecified duration, initial encounter",1,"Traumatic brain injury",FALSE
"S068A9D",10,"Primary blast injury of brain, not elsewhere classified with loss of consciousness of unspecified duration, subsequent encounter",1,"Traumatic brain injury",FALSE
"S068A9S",10,"Primary blast injury of brain, not elsewhere classified with loss of consciousness of unspecified duration, sequela",1,"Traumatic brain injury",TRUE
"S068AA",10,"Primary blast injury of brain, not elsewhere classified with loss of consciousness status unknown",1,"Traumatic brain injury",FALSE
"S068AAA",10,"Primary blast injury of brain, not elsewhere classified with loss of consciousness status unknown, initial encounter",1,"Traumatic brain injury",FALSE
"S068AAD",10,"Primary blast injury of brain, not elsewhere classified with loss of consciousness status unknown, subsequent encounter",1,"Traumatic brain injury",FALSE
"S068AAS",10,"Primary blast injury of brain, not elsewhere classified with loss of consciousness status unknown, sequela",1,"Traumatic brain injury",TRUE
"S069",10,"Unspecified intracranial injury",1,"Traumatic brain injury",FALSE
"S069X",10,"Unspecified intracranial injury",1,"Traumatic brain injury",FALSE
"S069X0",10,"Unspecified intracranial injury without loss of consciousness",1,"Traumatic brain injury",FALSE
"S069X0A",10,"Unspecified intracranial injury without loss of consciousness, initial encounter",1,"Traumatic brain injury",FALSE
"S069X0D",10,"Unspecified intracranial injury without loss of consciousness, subsequent encounter",1,"Traumatic brain injury",FALSE
"S069X0S",10,"Unspecified intracranial injury without loss of consciousness, sequela",1,"Traumatic brain injury",TRUE
"S069X1",10,"Unspecified intracranial injury with loss of consciousness of 30 minutes or less",1,"Traumatic brain injury",FALSE
"S069X1A",10,"Unspecified intracranial injury with loss of consciousness of 30 minutes or less, initial encounter",1,"Traumatic brain injury",FALSE
"S069X1D",10,"Unspecified intracranial injury with loss of consciousness of 30 minutes or less, subsequent encounter",1,"Traumatic brain injury",FALSE
"S069X1S",10,"Unspecified intracranial injury with loss of consciousness of 30 minutes or less, sequela",1,"Traumatic brain injury",TRUE
"S069X2",10,"Unspecified intracranial injury with loss of consciousness of 31 minutes to 59 minutes",1,"Traumatic brain injury",FALSE
"S069X2A",10,"Unspecified intracranial injury with loss of consciousness of 31 minutes to 59 minutes, initial encounter",1,"Traumatic brain injury",FALSE
"S069X2D",10,"Unspecified intracranial injury with loss of consciousness of 31 minutes to 59 minutes, subsequent encounter",1,"Traumatic brain injury",FALSE
"S069X2S",10,"Unspecified intracranial injury with loss of consciousness of 31 minutes to 59 minutes, sequela",1,"Traumatic brain injury",TRUE
"S069X3",10,"Unspecified intracranial injury with loss of consciousness of 1 hour to 5 hours 59 minutes",1,"Traumatic brain injury",FALSE
"S069X3A",10,"Unspecified intracranial injury with loss of consciousness of 1 hour to 5 hours 59 minutes, initial encounter",1,"Traumatic brain injury",FALSE
"S069X3D",10,"Unspecified intracranial injury with loss of consciousness of 1 hour to 5 hours 59 minutes, subsequent encounter",1,"Traumatic brain injury",FALSE
"S069X3S",10,"Unspecified intracranial injury with loss of consciousness of 1 hour to 5 hours 59 minutes, sequela",1,"Traumatic brain injury",TRUE
"S069X4",10,"Unspecified intracranial injury with loss of consciousness of 6 hours to 24 hours",1,"Traumatic brain injury",FALSE
"S069X4A",10,"Unspecified intracranial injury with loss of consciousness of 6 hours to 24 hours, initial encounter",1,"Traumatic brain injury",FALSE
"S069X4D",10,"Unspecified intracranial injury with loss of consciousness of 6 hours to 24 hours, subsequent encounter",1,"Traumatic brain injury",FALSE
"S069X4S",10,"Unspecified intracranial injury with loss of consciousness of 6 hours to 24 hours, sequela",1,"Traumatic brain injury",TRUE
"S069X5",10,"Unspecified intracranial injury with loss of consciousness greater than 24 hours with return to pre-existing conscious level",1,"Traumatic brain injury",FALSE
"S069X5A",10,"Unspecified intracranial injury with loss of consciousness greater than 24 hours with return to pre-existing conscious level, initial encounter",1,"Traumatic brain injury",FALSE
"S069X5D",10,"Unspecified intracranial injury with loss of consciousness greater than 24 hours with return to pre-existing conscious level, subsequent encounter",1,"Traumatic brain injury",FALSE
"S069X5S",10,"Unspecified intracranial injury with loss of consciousness greater than 24 hours with return to pre-existing conscious level, sequela",1,"Traumatic brain injury",TRUE
"S069X6",10,"Unspecified intracranial injury with loss of consciousness greater than 24 hours without return to pre-existing conscious level with patient surviving",1,"Traumatic brain injury",FALSE
"S069X6A",10,"Unspecified intracranial injury with loss of consciousness greater than 24 hours without return to pre-existing conscious level with patient surviving, initial encounter",1,"Traumatic brain injury",FALSE
"S069X6D",10,"Unspecified intracranial injury with loss of consciousness greater than 24 hours without return to pre-existing conscious level with patient surviving, subsequent encounter",1,"Traumatic brain injury",FALSE
"S069X6S",10,"Unspecified intracranial injury with loss of consciousness greater than 24 hours without return to pre-existing conscious level with patient surviving, sequela",1,"Traumatic brain injury",TRUE
"S069X7",10,"Unspecified intracranial injury with loss of consciousness of any duration with death due to brain injury prior to regaining consciousness",1,"Traumatic brain injury",FALSE
"S069X7A",10,"Unspecified intracranial injury with loss of consciousness of any duration with death due to brain injury prior to regaining consciousness, initial encounter",1,"Traumatic brain injury",FALSE
"S069X7D",10,"Unspecified intracranial injury with loss of consciousness of any duration with death due to brain injury prior to regaining consciousness, subsequent encounter",1,"Traumatic brain injury",FALSE
"S069X7S",10,"Unspecified intracranial injury with loss of consciousness of any duration with death due to brain injury prior to regaining consciousness, sequela",1,"Traumatic brain injury",TRUE
"S069X8",10,"Unspecified intracranial injury with loss of consciousness of any duration with death due to other cause prior to regaining consciousness",1,"Traumatic brain injury",FALSE
"S069X8A",10,"Unspecified intracranial injury with loss of consciousness of any duration with death due to other cause prior to regaining consciousness, initial encounter",1,"Traumatic brain injury",FALSE
"S069X8D",10,"Unspecified intracranial injury with loss of consciousness of any duration with death due to other cause prior to regaining consciousness, subsequent encounter",1,"Traumatic brain injury",FALSE
"S069X8S",10,"Unspecified intracranial injury with loss of consciousness of any duration with death due to other cause prior to regaining consciousness, sequela",1,"Traumatic brain injury",TRUE
"S069X9",10,"Unspecified intracranial injury with loss of consciousness of unspecified duration",1,"Traumatic brain injury",FALSE
"S069X9A",10,"Unspecified intracranial injury with loss of consciousness of unspecified duration, initial encounter",1,"Traumatic brain injury",FALSE
"S069X9D",10,"Unspecified intracranial injury with loss of consciousness of unspecified duration, subsequent encounter",1,"Traumatic brain injury",FALSE
"S069X9S",10,"Unspecified intracranial injury with loss of consciousness of unspecified duration, sequela",1,"Traumatic brain injury",TRUE
"S069XA",10,"Unspecified intracranial injury with loss of consciousness status unknown",1,"Traumatic brain injury",FALSE
"S069XAA",10,"Unspecified intracranial injury with loss of consciousness status unknown, initial encounter",1,"Traumatic brain injury",FALSE
"S069XAD",10,"Unspecified intracranial injury with loss of consciousness status unknown, subsequent encounter",1,"Traumatic brain injury",FALSE
"S069XAS",10,"Unspecified intracranial injury with loss of consciousness status unknown, sequela",1,"Traumatic brain injury",TRUE
"S06A",10,"Traumatic brain compression and herniation",1,"Traumatic brain injury",FALSE
"S06A0",10,"Traumatic brain compression without herniation",1,"Traumatic brain injury",FALSE
"S06A0XA",10,"Traumatic brain compression without herniation, initial encounter",1,"Traumatic brain injury",FALSE
"S06A0XD",10,"Traumatic brain compression without herniation, subsequent encounter",1,"Traumatic brain injury",FALSE
"S06A0XS",10,"Traumatic brain compression without herniation, sequela",1,"Traumatic brain injury",TRUE
"S06A1",10,"Traumatic brain compression with herniation",1,"Traumatic brain injury",FALSE
"S06A1XA",10,"Traumatic brain compression with herniation, initial encounter",1,"Traumatic brain injury",FALSE
"S06A1XD",10,"Traumatic brain compression with herniation, subsequent encounter",1,"Traumatic brain injury",FALSE
"S06A1XS",10,"Traumatic brain compression with herniation, sequela",1,"Traumatic brain injury",TRUE
"S140",10,"Concussion and edema of cervical spinal cord",1,"Traumatic brain injury",FALSE
"S140XXA",10,"Concussion and edema of cervical spinal cord, initial encounter",1,"Traumatic brain injury",FALSE
"S140XXD",10,"Concussion and edema of cervical spinal cord, subsequent encounter",1,"Traumatic brain injury",FALSE
"S140XXS",10,"Concussion and edema of cervical spinal cord, sequela",1,"Traumatic brain injury",TRUE
"S240",10,"Concussion and edema of thoracic spinal cord",1,"Traumatic brain injury",FALSE
"S240XXA",10,"Concussion and edema of thoracic spinal cord, initial encounter",1,"Traumatic brain injury",FALSE
"S240XXD",10,"Concussion and edema of thoracic spinal cord, subsequent encounter",1,"Traumatic brain injury",FALSE
"S240XXS",10,"Concussion and edema of thoracic spinal cord, sequela",1,"Traumatic brain injury",TRUE
"S340",10,"Concussion and edema of lumbar and sacral spinal cord",1,"Traumatic brain injury",FALSE
"S3401",10,"Concussion and edema of lumbar spinal cord",1,"Traumatic brain injury",FALSE
"S3401XA",10,"Concussion and edema of lumbar spinal cord, initial encounter",1,"Traumatic brain injury",FALSE
"S3401XD",10,"Concussion and edema of lumbar spinal cord, subsequent encounter",1,"Traumatic brain injury",FALSE
"S3401XS",10,"Concussion and edema of lumbar spinal cord, sequela",1,"Traumatic brain injury",TRUE
"S3402",10,"Concussion and edema of sacral spinal cord",1,"Traumatic brain injury",FALSE
"S3402XA",10,"Concussion and edema of sacral spinal cord, initial encounter",1,"Traumatic brain injury",FALSE
"S3402XD",10,"Concussion and edema of sacral spinal cord, subsequent encounter",1,"Traumatic brain injury",FALSE
"S3402XS",10,"Concussion and edema of sacral spinal cord, sequela",1,"Traumatic brain injury",TRUE
"T39",10,"Poisoning by, adverse effect of and underdosing of nonopioid analgesics, antipyretics and antirheumatics",1,"Other substance use / drug intoxication",FALSE
"T398",10,"Poisoning by, adverse effect of and underdosing of other nonopioid analgesics and antipyretics, not elsewhere classified",1,"Other substance use / drug intoxication",FALSE
"T398X",10,"Poisoning by, adverse effect of and underdosing of other nonopioid analgesics and antipyretics, not elsewhere classified",1,"Other substance use / drug intoxication",FALSE
"T398X1",10,"Poisoning by other nonopioid analgesics and antipyretics, not elsewhere classified, accidental (unintentional)",1,"Other substance use / drug intoxication",FALSE
"T398X1A",10,"Poisoning by other nonopioid analgesics and antipyretics, not elsewhere classified, accidental (unintentional), initial encounter",1,"Other substance use / drug intoxication",FALSE
"T398X1D",10,"Poisoning by other nonopioid analgesics and antipyretics, not elsewhere classified, accidental (unintentional), subsequent encounter",1,"Other substance use / drug intoxication",FALSE
"T398X1S",10,"Poisoning by other nonopioid analgesics and antipyretics, not elsewhere classified, accidental (unintentional), sequela",1,"Other substance use / drug intoxication",TRUE
"T398X2",10,"Poisoning by other nonopioid analgesics and antipyretics, not elsewhere classified, intentional self-harm",1,"Other substance use / drug intoxication",FALSE
"T398X2A",10,"Poisoning by other nonopioid analgesics and antipyretics, not elsewhere classified, intentional self-harm, initial encounter",1,"Other substance use / drug intoxication",FALSE
"T398X2D",10,"Poisoning by other nonopioid analgesics and antipyretics, not elsewhere classified, intentional self-harm, subsequent encounter",1,"Other substance use / drug intoxication",FALSE
"T398X2S",10,"Poisoning by other nonopioid analgesics and antipyretics, not elsewhere classified, intentional self-harm, sequela",1,"Other substance use / drug intoxication",TRUE
"T398X3",10,"Poisoning by other nonopioid analgesics and antipyretics, not elsewhere classified, assault",1,"Other substance use / drug intoxication",FALSE
"T398X3A",10,"Poisoning by other nonopioid analgesics and antipyretics, not elsewhere classified, assault, initial encounter",1,"Other substance use / drug intoxication",FALSE
"T398X3D",10,"Poisoning by other nonopioid analgesics and antipyretics, not elsewhere classified, assault, subsequent encounter",1,"Other substance use / drug intoxication",FALSE
"T398X3S",10,"Poisoning by other nonopioid analgesics and antipyretics, not elsewhere classified, assault, sequela",1,"Other substance use / drug intoxication",TRUE
"T398X4",10,"Poisoning by other nonopioid analgesics and antipyretics, not elsewhere classified, undetermined",1,"Other substance use / drug intoxication",FALSE
"T398X4A",10,"Poisoning by other nonopioid analgesics and antipyretics, not elsewhere classified, undetermined, initial encounter",1,"Other substance use / drug intoxication",FALSE
"T398X4D",10,"Poisoning by other nonopioid analgesics and antipyretics, not elsewhere classified, undetermined, subsequent encounter",1,"Other substance use / drug intoxication",FALSE
"T398X4S",10,"Poisoning by other nonopioid analgesics and antipyretics, not elsewhere classified, undetermined, sequela",1,"Other substance use / drug intoxication",TRUE
"T399",10,"Poisoning by, adverse effect of and underdosing of unspecified nonopioid analgesic, antipyretic and antirheumatic",1,"Other substance use / drug intoxication",FALSE
"T3991",10,"Poisoning by unspecified nonopioid analgesic, antipyretic and antirheumatic, accidental (unintentional)",1,"Other substance use / drug intoxication",FALSE
"T3991XA",10,"Poisoning by unspecified nonopioid analgesic, antipyretic and antirheumatic, accidental (unintentional), initial encounter",1,"Other substance use / drug intoxication",FALSE
"T3991XD",10,"Poisoning by unspecified nonopioid analgesic, antipyretic and antirheumatic, accidental (unintentional), subsequent encounter",1,"Other substance use / drug intoxication",FALSE
"T3991XS",10,"Poisoning by unspecified nonopioid analgesic, antipyretic and antirheumatic, accidental (unintentional), sequela",1,"Other substance use / drug intoxication",TRUE
"T3992",10,"Poisoning by unspecified nonopioid analgesic, antipyretic and antirheumatic, intentional self-harm",1,"Other substance use / drug intoxication",FALSE
"T3992XA",10,"Poisoning by unspecified nonopioid analgesic, antipyretic and antirheumatic, intentional self-harm, initial encounter",1,"Other substance use / drug intoxication",FALSE
"T3992XD",10,"Poisoning by unspecified nonopioid analgesic, antipyretic and antirheumatic, intentional self-harm, subsequent encounter",1,"Other substance use / drug intoxication",FALSE
"T3992XS",10,"Poisoning by unspecified nonopioid analgesic, antipyretic and antirheumatic, intentional self-harm, sequela",1,"Other substance use / drug intoxication",TRUE
"T3993",10,"Poisoning by unspecified nonopioid analgesic, antipyretic and antirheumatic, assault",1,"Other substance use / drug intoxication",FALSE
"T3993XA",10,"Poisoning by unspecified nonopioid analgesic, antipyretic and antirheumatic, assault, initial encounter",1,"Other substance use / drug intoxication",FALSE
"T3993XD",10,"Poisoning by unspecified nonopioid analgesic, antipyretic and antirheumatic, assault, subsequent encounter",1,"Other substance use / drug intoxication",FALSE
"T3993XS",10,"Poisoning by unspecified nonopioid analgesic, antipyretic and antirheumatic, assault, sequela",1,"Other substance use / drug intoxication",TRUE
"T3994",10,"Poisoning by unspecified nonopioid analgesic, antipyretic and antirheumatic, undetermined",1,"Other substance use / drug intoxication",FALSE
"T3994XA",10,"Poisoning by unspecified nonopioid analgesic, antipyretic and antirheumatic, undetermined, initial encounter",1,"Other substance use / drug intoxication",FALSE
"T3994XD",10,"Poisoning by unspecified nonopioid analgesic, antipyretic and antirheumatic, undetermined, subsequent encounter",1,"Other substance use / drug intoxication",FALSE
"T3994XS",10,"Poisoning by unspecified nonopioid analgesic, antipyretic and antirheumatic, undetermined, sequela",1,"Other substance use / drug intoxication",TRUE
"T40",10,"Poisoning by, adverse effect of and underdosing of narcotics and psychodysleptics [hallucinogens]",1,"Other substance use / drug intoxication",FALSE
"T402",10,"Poisoning by, adverse effect of and underdosing of other opioids",1,"Other substance use / drug intoxication",FALSE
"T402X",10,"Poisoning by, adverse effect of and underdosing of other opioids",1,"Other substance use / drug intoxication",FALSE
"T402X1",10,"Poisoning by other opioids, accidental (unintentional)",1,"Other substance use / drug intoxication",FALSE
"T402X1A",10,"Poisoning by other opioids, accidental (unintentional), initial encounter",1,"Other substance use / drug intoxication",FALSE
"T402X1D",10,"Poisoning by other opioids, accidental (unintentional), subsequent encounter",1,"Other substance use / drug intoxication",FALSE
"T402X1S",10,"Poisoning by other opioids, accidental (unintentional), sequela",1,"Other substance use / drug intoxication",TRUE
"T402X2",10,"Poisoning by other opioids, intentional self-harm",1,"Other substance use / drug intoxication",FALSE
"T402X2A",10,"Poisoning by other opioids, intentional self-harm, initial encounter",1,"Other substance use / drug intoxication",FALSE
"T402X2D",10,"Poisoning by other opioids, intentional self-harm, subsequent encounter",1,"Other substance use / drug intoxication",FALSE
"T402X2S",10,"Poisoning by other opioids, intentional self-harm, sequela",1,"Other substance use / drug intoxication",TRUE
"T402X3",10,"Poisoning by other opioids, assault",1,"Other substance use / drug intoxication",FALSE
"T402X3A",10,"Poisoning by other opioids, assault, initial encounter",1,"Other substance use / drug intoxication",FALSE
"T402X3D",10,"Poisoning by other opioids, assault, subsequent encounter",1,"Other substance use / drug intoxication",FALSE
"T402X3S",10,"Poisoning by other opioids, assault, sequela",1,"Other substance use / drug intoxication",TRUE
"T402X4",10,"Poisoning by other opioids, undetermined",1,"Other substance use / drug intoxication",FALSE
"T402X4A",10,"Poisoning by other opioids, undetermined, initial encounter",1,"Other substance use / drug intoxication",FALSE
"T402X4D",10,"Poisoning by other opioids, undetermined, subsequent encounter",1,"Other substance use / drug intoxication",FALSE
"T402X4S",10,"Poisoning by other opioids, undetermined, sequela",1,"Other substance use / drug intoxication",TRUE
"T404",10,"Poisoning by, adverse effect of and underdosing of other synthetic narcotics",1,"Other substance use / drug intoxication",FALSE
"T4049",10,"Poisoning by, adverse effect of and underdosing of other synthetic narcotics",1,"Other substance use / drug intoxication",FALSE
"T40491",10,"Poisoning by other synthetic narcotics, accidental (unintentional)",1,"Other substance use / drug intoxication",FALSE
"T40491A",10,"Poisoning by other synthetic narcotics, accidental (unintentional), initial encounter",1,"Other substance use / drug intoxication",FALSE
"T40491D",10,"Poisoning by other synthetic narcotics, accidental (unintentional), subsequent encounter",1,"Other substance use / drug intoxication",FALSE
"T40491S",10,"Poisoning by other synthetic narcotics, accidental (unintentional), sequela",1,"Other substance use / drug intoxication",TRUE
"T40492",10,"Poisoning by other synthetic narcotics, intentional self-harm",1,"Other substance use / drug intoxication",FALSE
"T40492A",10,"Poisoning by other synthetic narcotics, intentional self-harm, initial encounter",1,"Other substance use / drug intoxication",FALSE
"T40492D",10,"Poisoning by other synthetic narcotics, intentional self-harm, subsequent encounter",1,"Other substance use / drug intoxication",FALSE
"T40492S",10,"Poisoning by other synthetic narcotics, intentional self-harm, sequela",1,"Other substance use / drug intoxication",TRUE
"T40493",10,"Poisoning by other synthetic narcotics, assault",1,"Other substance use / drug intoxication",FALSE
"T40493A",10,"Poisoning by other synthetic narcotics, assault, initial encounter",1,"Other substance use / drug intoxication",FALSE
"T40493D",10,"Poisoning by other synthetic narcotics, assault, subsequent encounter",1,"Other substance use / drug intoxication",FALSE
"T40493S",10,"Poisoning by other synthetic narcotics, assault, sequela",1,"Other substance use / drug intoxication",TRUE
"T40494",10,"Poisoning by other synthetic narcotics, undetermined",1,"Other substance use / drug intoxication",FALSE
"T40494A",10,"Poisoning by other synthetic narcotics, undetermined, initial encounter",1,"Other substance use / drug intoxication",FALSE
"T40494D",10,"Poisoning by other synthetic narcotics, undetermined, subsequent encounter",1,"Other substance use / drug intoxication",FALSE
"T40494S",10,"Poisoning by other synthetic narcotics, undetermined, sequela",1,"Other substance use / drug intoxication",TRUE
"T404X",10,"Poisoning by, adverse effect of and underdosing of other synthetic narcotics",1,"Other substance use / drug intoxication",FALSE
"T404X1",10,"Poisoning by other synthetic narcotics, accidental (unintentional)",1,"Other substance use / drug intoxication",FALSE
"T404X1A",10,"Poisoning by other synthetic narcotics, accidental (unintentional), initial encounter",1,"Other substance use / drug intoxication",FALSE
"T404X1D",10,"Poisoning by other synthetic narcotics, accidental (unintentional), subsequent encounter",1,"Other substance use / drug intoxication",FALSE
"T404X1S",10,"Poisoning by other synthetic narcotics, accidental (unintentional), sequela",1,"Other substance use / drug intoxication",TRUE
"T404X2",10,"Poisoning by other synthetic narcotics, intentional self-harm",1,"Other substance use / drug intoxication",FALSE
"T404X2A",10,"Poisoning by other synthetic narcotics, intentional self-harm, initial encounter",1,"Other substance use / drug intoxication",FALSE
"T404X2D",10,"Poisoning by other synthetic narcotics, intentional self-harm, subsequent encounter",1,"Other substance use / drug intoxication",FALSE
"T404X2S",10,"Poisoning by other synthetic narcotics, intentional self-harm, sequela",1,"Other substance use / drug intoxication",TRUE
"T404X3",10,"Poisoning by other synthetic narcotics, assault",1,"Other substance use / drug intoxication",FALSE
"T404X3A",10,"Poisoning by other synthetic narcotics, assault, initial encounter",1,"Other substance use / drug intoxication",FALSE
"T404X3D",10,"Poisoning by other synthetic narcotics, assault, subsequent encounter",1,"Other substance use / drug intoxication",FALSE
"T404X3S",10,"Poisoning by other synthetic narcotics, assault, sequela",1,"Other substance use / drug intoxication",TRUE
"T404X4",10,"Poisoning by other synthetic narcotics, undetermined",1,"Other substance use / drug intoxication",FALSE
"T404X4A",10,"Poisoning by other synthetic narcotics, undetermined, initial encounter",1,"Other substance use / drug intoxication",FALSE
"T404X4D",10,"Poisoning by other synthetic narcotics, undetermined, subsequent encounter",1,"Other substance use / drug intoxication",FALSE
"T404X4S",10,"Poisoning by other synthetic narcotics, undetermined, sequela",1,"Other substance use / drug intoxication",TRUE
"T406",10,"Poisoning by, adverse effect of and underdosing of other and unspecified narcotics",1,"Other substance use / drug intoxication",FALSE
"T4060",10,"Poisoning by, adverse effect of and underdosing of unspecified narcotics",1,"Other substance use / drug intoxication",FALSE
"T40601",10,"Poisoning by unspecified narcotics, accidental (unintentional)",1,"Other substance use / drug intoxication",FALSE
"T40601A",10,"Poisoning by unspecified narcotics, accidental (unintentional), initial encounter",1,"Other substance use / drug intoxication",FALSE
"T40601D",10,"Poisoning by unspecified narcotics, accidental (unintentional), subsequent encounter",1,"Other substance use / drug intoxication",FALSE
"T40601S",10,"Poisoning by unspecified narcotics, accidental (unintentional), sequela",1,"Other substance use / drug intoxication",TRUE
"T40602",10,"Poisoning by unspecified narcotics, intentional self-harm",1,"Other substance use / drug intoxication",FALSE
"T40602A",10,"Poisoning by unspecified narcotics, intentional self-harm, initial encounter",1,"Other substance use / drug intoxication",FALSE
"T40602D",10,"Poisoning by unspecified narcotics, intentional self-harm, subsequent encounter",1,"Other substance use / drug intoxication",FALSE
"T40602S",10,"Poisoning by unspecified narcotics, intentional self-harm, sequela",1,"Other substance use / drug intoxication",TRUE
"T40603",10,"Poisoning by unspecified narcotics, assault",1,"Other substance use / drug intoxication",FALSE
"T40603A",10,"Poisoning by unspecified narcotics, assault, initial encounter",1,"Other substance use / drug intoxication",FALSE
"T40603D",10,"Poisoning by unspecified narcotics, assault, subsequent encounter",1,"Other substance use / drug intoxication",FALSE
"T40603S",10,"Poisoning by unspecified narcotics, assault, sequela",1,"Other substance use / drug intoxication",TRUE
"T40604",10,"Poisoning by unspecified narcotics, undetermined",1,"Other substance use / drug intoxication",FALSE
"T40604A",10,"Poisoning by unspecified narcotics, undetermined, initial encounter",1,"Other substance use / drug intoxication",FALSE
"T40604D",10,"Poisoning by unspecified narcotics, undetermined, subsequent encounter",1,"Other substance use / drug intoxication",FALSE
"T40604S",10,"Poisoning by unspecified narcotics, undetermined, sequela",1,"Other substance use / drug intoxication",TRUE
"T4069",10,"Poisoning by, adverse effect of and underdosing of other narcotics",1,"Other substance use / drug intoxication",FALSE
"T40691",10,"Poisoning by other narcotics, accidental (unintentional)",1,"Other substance use / drug intoxication",FALSE
"T40691A",10,"Poisoning by other narcotics, accidental (unintentional), initial encounter",1,"Other substance use / drug intoxication",FALSE
"T40691D",10,"Poisoning by other narcotics, accidental (unintentional), subsequent encounter",1,"Other substance use / drug intoxication",FALSE
"T40691S",10,"Poisoning by other narcotics, accidental (unintentional), sequela",1,"Other substance use / drug intoxication",TRUE
"T40692",10,"Poisoning by other narcotics, intentional self-harm",1,"Other substance use / drug intoxication",FALSE
"T40692A",10,"Poisoning by other narcotics, intentional self-harm, initial encounter",1,"Other substance use / drug intoxication",FALSE
"T40692D",10,"Poisoning by other narcotics, intentional self-harm, subsequent encounter",1,"Other substance use / drug intoxication",FALSE
"T40692S",10,"Poisoning by other narcotics, intentional self-harm, sequela",1,"Other substance use / drug intoxication",TRUE
"T40693",10,"Poisoning by other narcotics, assault",1,"Other substance use / drug intoxication",FALSE
"T40693A",10,"Poisoning by other narcotics, assault, initial encounter",1,"Other substance use / drug intoxication",FALSE
"T40693D",10,"Poisoning by other narcotics, assault, subsequent encounter",1,"Other substance use / drug intoxication",FALSE
"T40693S",10,"Poisoning by other narcotics, assault, sequela",1,"Other substance use / drug intoxication",TRUE
"T40694",10,"Poisoning by other narcotics, undetermined",1,"Other substance use / drug intoxication",FALSE
"T40694A",10,"Poisoning by other narcotics, undetermined, initial encounter",1,"Other substance use / drug intoxication",FALSE
"T40694D",10,"Poisoning by other narcotics, undetermined, subsequent encounter",1,"Other substance use / drug intoxication",FALSE
"T40694S",10,"Poisoning by other narcotics, undetermined, sequela",1,"Other substance use / drug intoxication",TRUE
"T425",10,"Poisoning by, adverse effect of and underdosing of mixed antiepileptics",1,"Status epilepticus / epilepsy / seizure",FALSE
"T425X",10,"Poisoning by, adverse effect of and underdosing of antiepileptics",1,"Status epilepticus / epilepsy / seizure",FALSE
"T425X1",10,"Poisoning by mixed antiepileptics, accidental (unintentional)",1,"Status epilepticus / epilepsy / seizure",FALSE
"T425X1A",10,"Poisoning by mixed antiepileptics, accidental (unintentional), initial encounter",1,"Status epilepticus / epilepsy / seizure",FALSE
"T425X1D",10,"Poisoning by mixed antiepileptics, accidental (unintentional), subsequent encounter",1,"Status epilepticus / epilepsy / seizure",FALSE
"T425X1S",10,"Poisoning by mixed antiepileptics, accidental (unintentional), sequela",1,"Status epilepticus / epilepsy / seizure",TRUE
"T425X2",10,"Poisoning by mixed antiepileptics, intentional self-harm",1,"Status epilepticus / epilepsy / seizure",FALSE
"T425X2A",10,"Poisoning by mixed antiepileptics, intentional self-harm, initial encounter",1,"Status epilepticus / epilepsy / seizure",FALSE
"T425X2D",10,"Poisoning by mixed antiepileptics, intentional self-harm, subsequent encounter",1,"Status epilepticus / epilepsy / seizure",FALSE
"T425X2S",10,"Poisoning by mixed antiepileptics, intentional self-harm, sequela",1,"Status epilepticus / epilepsy / seizure",TRUE
"T425X3",10,"Poisoning by mixed antiepileptics, assault",1,"Status epilepticus / epilepsy / seizure",FALSE
"T425X3A",10,"Poisoning by mixed antiepileptics, assault, initial encounter",1,"Status epilepticus / epilepsy / seizure",FALSE
"T425X3D",10,"Poisoning by mixed antiepileptics, assault, subsequent encounter",1,"Status epilepticus / epilepsy / seizure",FALSE
"T425X3S",10,"Poisoning by mixed antiepileptics, assault, sequela",1,"Status epilepticus / epilepsy / seizure",TRUE
"T425X4",10,"Poisoning by mixed antiepileptics, undetermined",1,"Status epilepticus / epilepsy / seizure",FALSE
"T425X4A",10,"Poisoning by mixed antiepileptics, undetermined, initial encounter",1,"Status epilepticus / epilepsy / seizure",FALSE
"T425X4D",10,"Poisoning by mixed antiepileptics, undetermined, subsequent encounter",1,"Status epilepticus / epilepsy / seizure",FALSE
"T425X4S",10,"Poisoning by mixed antiepileptics, undetermined, sequela",1,"Status epilepticus / epilepsy / seizure",TRUE
"T425X5",10,"Adverse effect of mixed antiepileptics",1,"Status epilepticus / epilepsy / seizure",FALSE
"T425X5A",10,"Adverse effect of mixed antiepileptics, initial encounter",1,"Status epilepticus / epilepsy / seizure",FALSE
"T425X5D",10,"Adverse effect of mixed antiepileptics, subsequent encounter",1,"Status epilepticus / epilepsy / seizure",FALSE
"T425X5S",10,"Adverse effect of mixed antiepileptics, sequela",1,"Status epilepticus / epilepsy / seizure",TRUE
"T425X6",10,"Underdosing of mixed antiepileptics",1,"Status epilepticus / epilepsy / seizure",FALSE
"T425X6A",10,"Underdosing of mixed antiepileptics, initial encounter",1,"Status epilepticus / epilepsy / seizure",FALSE
"T425X6D",10,"Underdosing of mixed antiepileptics, subsequent encounter",1,"Status epilepticus / epilepsy / seizure",FALSE
"T425X6S",10,"Underdosing of mixed antiepileptics, sequela",1,"Status epilepticus / epilepsy / seizure",TRUE
"T426X5",10,"Adverse effect of other antiepileptic and sedative-hypnotic drugs",1,"Status epilepticus / epilepsy / seizure",FALSE
"T426X5A",10,"Adverse effect of other antiepileptic and sedative-hypnotic drugs, initial encounter",1,"Status epilepticus / epilepsy / seizure",FALSE
"T426X5D",10,"Adverse effect of other antiepileptic and sedative-hypnotic drugs, subsequent encounter",1,"Status epilepticus / epilepsy / seizure",FALSE
"T426X5S",10,"Adverse effect of other antiepileptic and sedative-hypnotic drugs, sequela",1,"Status epilepticus / epilepsy / seizure",TRUE
"T426X6",10,"Underdosing of other antiepileptic and sedative-hypnotic drugs",1,"Status epilepticus / epilepsy / seizure",FALSE
"T426X6A",10,"Underdosing of other antiepileptic and sedative-hypnotic drugs, initial encounter",1,"Status epilepticus / epilepsy / seizure",FALSE
"T426X6D",10,"Underdosing of other antiepileptic and sedative-hypnotic drugs, subsequent encounter",1,"Status epilepticus / epilepsy / seizure",FALSE
"T426X6S",10,"Underdosing of other antiepileptic and sedative-hypnotic drugs, sequela",1,"Status epilepticus / epilepsy / seizure",TRUE
"T4275",10,"Adverse effect of unspecified antiepileptic and sedative-hypnotic drugs",1,"Status epilepticus / epilepsy / seizure",FALSE
"T4275XA",10,"Adverse effect of unspecified antiepileptic and sedative-hypnotic drugs, initial encounter",1,"Status epilepticus / epilepsy / seizure",FALSE
"T4275XD",10,"Adverse effect of unspecified antiepileptic and sedative-hypnotic drugs, subsequent encounter",1,"Status epilepticus / epilepsy / seizure",FALSE
"T4275XS",10,"Adverse effect of unspecified antiepileptic and sedative-hypnotic drugs, sequela",1,"Status epilepticus / epilepsy / seizure",TRUE
"T4276",10,"Underdosing of unspecified antiepileptic and sedative-hypnotic drugs",1,"Status epilepticus / epilepsy / seizure",FALSE
"T4276XA",10,"Underdosing of unspecified antiepileptic and sedative-hypnotic drugs, initial encounter",1,"Status epilepticus / epilepsy / seizure",FALSE
"T4276XD",10,"Underdosing of unspecified antiepileptic and sedative-hypnotic drugs, subsequent encounter",1,"Status epilepticus / epilepsy / seizure",FALSE
"T4276XS",10,"Underdosing of unspecified antiepileptic and sedative-hypnotic drugs, sequela",1,"Status epilepticus / epilepsy / seizure",TRUE
"T428",10,"Poisoning by, adverse effect of and underdosing of antiparkinsonism drugs and other central muscle-tone depressants",1,"Dementia / Alzheimer / neurodegenerative",FALSE
"T428X",10,"Poisoning by, adverse effect of and underdosing of antiparkinsonism drugs and other central muscle-tone depressants",1,"Dementia / Alzheimer / neurodegenerative",FALSE
"T428X1",10,"Poisoning by antiparkinsonism drugs and other central muscle-tone depressants, accidental (unintentional)",1,"Dementia / Alzheimer / neurodegenerative",FALSE
"T428X1A",10,"Poisoning by antiparkinsonism drugs and other central muscle-tone depressants, accidental (unintentional), initial encounter",1,"Dementia / Alzheimer / neurodegenerative",FALSE
"T428X1D",10,"Poisoning by antiparkinsonism drugs and other central muscle-tone depressants, accidental (unintentional), subsequent encounter",1,"Dementia / Alzheimer / neurodegenerative",FALSE
"T428X1S",10,"Poisoning by antiparkinsonism drugs and other central muscle-tone depressants, accidental (unintentional), sequela",1,"Dementia / Alzheimer / neurodegenerative",TRUE
"T428X2",10,"Poisoning by antiparkinsonism drugs and other central muscle-tone depressants, intentional self-harm",1,"Dementia / Alzheimer / neurodegenerative",FALSE
"T428X2A",10,"Poisoning by antiparkinsonism drugs and other central muscle-tone depressants, intentional self-harm, initial encounter",1,"Dementia / Alzheimer / neurodegenerative",FALSE
"T428X2D",10,"Poisoning by antiparkinsonism drugs and other central muscle-tone depressants, intentional self-harm, subsequent encounter",1,"Dementia / Alzheimer / neurodegenerative",FALSE
"T428X2S",10,"Poisoning by antiparkinsonism drugs and other central muscle-tone depressants, intentional self-harm, sequela",1,"Dementia / Alzheimer / neurodegenerative",TRUE
"T428X3",10,"Poisoning by antiparkinsonism drugs and other central muscle-tone depressants, assault",1,"Dementia / Alzheimer / neurodegenerative",FALSE
"T428X3A",10,"Poisoning by antiparkinsonism drugs and other central muscle-tone depressants, assault, initial encounter",1,"Dementia / Alzheimer / neurodegenerative",FALSE
"T428X3D",10,"Poisoning by antiparkinsonism drugs and other central muscle-tone depressants, assault, subsequent encounter",1,"Dementia / Alzheimer / neurodegenerative",FALSE
"T428X3S",10,"Poisoning by antiparkinsonism drugs and other central muscle-tone depressants, assault, sequela",1,"Dementia / Alzheimer / neurodegenerative",TRUE
"T428X4",10,"Poisoning by antiparkinsonism drugs and other central muscle-tone depressants, undetermined",1,"Dementia / Alzheimer / neurodegenerative",FALSE
"T428X4A",10,"Poisoning by antiparkinsonism drugs and other central muscle-tone depressants, undetermined, initial encounter",1,"Dementia / Alzheimer / neurodegenerative",FALSE
"T428X4D",10,"Poisoning by antiparkinsonism drugs and other central muscle-tone depressants, undetermined, subsequent encounter",1,"Dementia / Alzheimer / neurodegenerative",FALSE
"T428X4S",10,"Poisoning by antiparkinsonism drugs and other central muscle-tone depressants, undetermined, sequela",1,"Dementia / Alzheimer / neurodegenerative",TRUE
"T428X5",10,"Adverse effect of antiparkinsonism drugs and other central muscle-tone depressants",1,"Dementia / Alzheimer / neurodegenerative",FALSE
"T428X5A",10,"Adverse effect of antiparkinsonism drugs and other central muscle-tone depressants, initial encounter",1,"Dementia / Alzheimer / neurodegenerative",FALSE
"T428X5D",10,"Adverse effect of antiparkinsonism drugs and other central muscle-tone depressants, subsequent encounter",1,"Dementia / Alzheimer / neurodegenerative",FALSE
"T428X5S",10,"Adverse effect of antiparkinsonism drugs and other central muscle-tone depressants, sequela",1,"Dementia / Alzheimer / neurodegenerative",TRUE
"T428X6",10,"Underdosing of antiparkinsonism drugs and other central muscle-tone depressants",1,"Dementia / Alzheimer / neurodegenerative",FALSE
"T428X6A",10,"Underdosing of antiparkinsonism drugs and other central muscle-tone depressants, initial encounter",1,"Dementia / Alzheimer / neurodegenerative",FALSE
"T428X6D",10,"Underdosing of antiparkinsonism drugs and other central muscle-tone depressants, subsequent encounter",1,"Dementia / Alzheimer / neurodegenerative",FALSE
"T428X6S",10,"Underdosing of antiparkinsonism drugs and other central muscle-tone depressants, sequela",1,"Dementia / Alzheimer / neurodegenerative",TRUE
"T507",10,"Poisoning by, adverse effect of and underdosing of analeptics and opioid receptor antagonists",1,"Other substance use / drug intoxication",FALSE
"T507X",10,"Poisoning by, adverse effect of and underdosing of analeptics and opioid receptor antagonists",1,"Other substance use / drug intoxication",FALSE
"T507X1",10,"Poisoning by analeptics and opioid receptor antagonists, accidental (unintentional)",1,"Other substance use / drug intoxication",FALSE
"T507X1A",10,"Poisoning by analeptics and opioid receptor antagonists, accidental (unintentional), initial encounter",1,"Other substance use / drug intoxication",FALSE
"T507X1D",10,"Poisoning by analeptics and opioid receptor antagonists, accidental (unintentional), subsequent encounter",1,"Other substance use / drug intoxication",FALSE
"T507X1S",10,"Poisoning by analeptics and opioid receptor antagonists, accidental (unintentional), sequela",1,"Other substance use / drug intoxication",TRUE
"T507X2",10,"Poisoning by analeptics and opioid receptor antagonists, intentional self-harm",1,"Other substance use / drug intoxication",FALSE
"T507X2A",10,"Poisoning by analeptics and opioid receptor antagonists, intentional self-harm, initial encounter",1,"Other substance use / drug intoxication",FALSE
"T507X2D",10,"Poisoning by analeptics and opioid receptor antagonists, intentional self-harm, subsequent encounter",1,"Other substance use / drug intoxication",FALSE
"T507X2S",10,"Poisoning by analeptics and opioid receptor antagonists, intentional self-harm, sequela",1,"Other substance use / drug intoxication",TRUE
"T507X3",10,"Poisoning by analeptics and opioid receptor antagonists, assault",1,"Other substance use / drug intoxication",FALSE
"T507X3A",10,"Poisoning by analeptics and opioid receptor antagonists, assault, initial encounter",1,"Other substance use / drug intoxication",FALSE
"T507X3D",10,"Poisoning by analeptics and opioid receptor antagonists, assault, subsequent encounter",1,"Other substance use / drug intoxication",FALSE
"T507X3S",10,"Poisoning by analeptics and opioid receptor antagonists, assault, sequela",1,"Other substance use / drug intoxication",TRUE
"T507X4",10,"Poisoning by analeptics and opioid receptor antagonists, undetermined",1,"Other substance use / drug intoxication",FALSE
"T507X4A",10,"Poisoning by analeptics and opioid receptor antagonists, undetermined, initial encounter",1,"Other substance use / drug intoxication",FALSE
"T507X4D",10,"Poisoning by analeptics and opioid receptor antagonists, undetermined, subsequent encounter",1,"Other substance use / drug intoxication",FALSE
"T507X4S",10,"Poisoning by analeptics and opioid receptor antagonists, undetermined, sequela",1,"Other substance use / drug intoxication",TRUE
"T791",10,"Fat embolism (traumatic)",1,"Fat embolism",FALSE
"T791XXA",10,"Fat embolism (traumatic), initial encounter",1,"Fat embolism",FALSE
"T791XXD",10,"Fat embolism (traumatic), subsequent encounter",1,"Fat embolism",FALSE
"T791XXS",10,"Fat embolism (traumatic), sequela",1,"Fat embolism",TRUE
"V050",9,"Need for prophylactic vaccination and inoculation against arthropod-borne viral encephalitis",1,"Meningitis / encephalitis / CNS infection",FALSE
"V1085",9,"Personal history of malignant neoplasm of brain",1,"Brain tumor / CNS neoplasm",TRUE
"V110",9,"Personal history of schizophrenia",1,"Pre-existing psychiatric illness",TRUE
"V1241",9,"Personal history of benign neoplasm of the brain",1,"Brain tumor / CNS neoplasm",TRUE
"V1254",9,"Personal history of transient ischemic attack (TIA), and cerebral infarction without residual deficits",1,"Stroke / cerebrovascular disease",TRUE
"V1552",9,"Personal history of traumatic brain injury",1,"Traumatic brain injury",TRUE
"V171",9,"Family history of stroke (cerebrovascular)",1,"Stroke / cerebrovascular disease",TRUE
"V8001",9,"Special screening for traumatic brain injury",1,"Traumatic brain injury",TRUE
"Z13850",10,"Encounter for screening for traumatic brain injury",1,"Traumatic brain injury",TRUE
"Z714",10,"Alcohol abuse counseling and surveillance",1,"Alcohol use / intoxication / withdrawal",FALSE
"Z7141",10,"Alcohol abuse counseling and surveillance of alcoholic",1,"Alcohol use / intoxication / withdrawal",FALSE
"Z7142",10,"Counseling for family member of alcoholic",1,"Alcohol use / intoxication / withdrawal",FALSE
"Z811",10,"Family history of alcohol abuse and dependence",1,"Alcohol use / intoxication / withdrawal",TRUE
"Z813",10,"Family history of other psychoactive substance abuse and dependence",1,"Other substance use / drug intoxication",TRUE
"Z820",10,"Family history of epilepsy and other diseases of the nervous system",1,"Status epilepticus / epilepsy / seizure",TRUE
"Z85841",10,"Personal history of malignant neoplasm of brain",1,"Brain tumor / CNS neoplasm",TRUE
"Z86011",10,"Personal history of benign neoplasm of the brain",1,"Brain tumor / CNS neoplasm",TRUE
"Z8673",10,"Personal history of transient ischemic attack (TIA), and cerebral infarction without residual deficits",1,"Stroke / cerebrovascular disease",TRUE
"Z87820",10,"Personal history of traumatic brain injury",1,"Traumatic brain injury",TRUE
